date,market_state_index,market_state_stock,adx14,s1_entry,s1_reason,s1_stop,s1_pos,s2_entry,s2_reason,s2_stop,s2_pos,s3_long_entry,s3_reason,s3_stop,s3_pos,s4_pyramid,s4_reason,ema20,ema50,ema200,macd_dif,macd_dea,macd_hist,rsi14,atr14,obv,boll_mid,boll_up,boll_low,boll_bw,plus_di14,minus_di14,psar,close,open,symbol,strategy,confidence,entry_price_ref,stop_ref,pos_ref,key_notes
2025-09-04,neutral,range,16.42279062454467,0,,9.48742857142857,0.07999096657633241,0,,10.427571428571428,0.14398373983739834,1,mean_revert_long: rsi_low & near_lower_band,9.698285714285714,0.1199864498644986,0,,10.705025198662584,10.68395836453684,,-0.11118559002292194,0.00024063228926983883,-0.11142622231219178,31.57894736842104,0.35142857142857153,119353593.0,10.779,11.441273595872195,10.116726404127805,0.12288219609837556,15.24390243902435,25.609756097561,11.406171359743999,10.12,10.23,503,S3,8,,9.698285714285714,0.1199864498644986,mean_revert_long: rsi_low & near_lower_band
2025-09-04,neutral,range,18.430136389855697,0,,6.1574285714285715,0.08991331757289212,0,,6.683071428571429,0.1618439716312058,1,mean_revert_long: rsi_low & near_lower_band,6.2782857142857145,0.13486997635933817,0,,6.863380509508863,7.044761985425816,,-0.10747605874125377,-0.07478628417991834,-0.03268977456133543,30.252100840336098,0.20142857142857126,-473796145.0,6.8845,7.178830641143177,6.590169358856823,0.08550530645455072,15.602836879432683,23.75886524822697,7.069078022304,6.52,6.6,525,S3,9,,6.2782857142857145,0.13486997635933817,mean_revert_long: rsi_low & near_lower_band
2025-09-04,neutral,range,11.632560661208045,0,,5.322857142857143,0.10850000000000001,0,,5.611642857142856,0.19530000000000003,1,mean_revert_long: rsi_low & near_lower_band,5.408571428571428,0.16275000000000003,0,,5.746776280734343,5.71236308791591,,-0.0519314642146691,-0.024737443523556567,-0.02719402069111253,30.434782608695713,0.14285714285714285,187954697.0,5.754499999999999,5.94205771041695,5.566942289583048,0.06518644901101783,14.999999999999991,31.999999999999986,5.82,5.58,5.64,597,S3,5,,5.408571428571428,0.16275000000000003,mean_revert_long: rsi_low & near_lower_band
2025-09-04,neutral,range,14.48393446521193,0,,23.36342857142857,0.07112647582079892,0,,27.201071428571424,0.12802765647743808,1,mean_revert_long: rsi_low & near_lower_band,23.95228571428571,0.1066897137311984,0,,27.988014038543486,27.75565416098114,,-0.2966943936955211,0.05231633583727966,-0.34901072953280077,31.542699724517902,0.9814285714285719,552507846.0,28.182499999999997,30.2233963459071,26.141603654092894,0.1448343011377347,19.432314410480355,35.29839883551671,29.3086,25.13,25.8,768,S3,7,,23.95228571428571,0.1066897137311984,mean_revert_long: rsi_low & near_lower_band
2025-09-04,neutral,range,16.52622044313224,0,,22.800857142857144,0.07673948220064727,0,,24.882642857142862,0.1381310679611651,1,mean_revert_long: rsi_low & near_lower_band,23.330571428571428,0.11510922330097091,0,,25.427237231796695,24.882631010290392,,-0.015250015258278182,0.25917709023108704,-0.2744271054893652,23.210412147505437,0.8828571428571426,34332095.0,25.765500000000003,27.229847887915238,24.301152112084768,0.1136673371691009,16.90938511326864,28.236245954692585,27.185036846175997,24.39,24.73,1367,S3,8,,23.330571428571428,0.11510922330097091,mean_revert_long: rsi_low & near_lower_band
2025-09-04,neutral,range,16.187086752423692,0,,7.151142857142856,0.09245283018867917,0,,7.7403571428571425,0.1664150943396225,1,mean_revert_long: rsi_low & near_lower_band,7.2874285714285705,0.13867924528301875,0,,7.8844975092440075,7.829163601538346,,-0.08966507532655932,-0.020628776113180872,-0.06903629921337845,30.370370370370367,0.2271428571428573,113058933.0,7.967499999999999,8.438014835607028,7.496985164392971,0.1181085247836909,20.440251572327067,35.2201257861635,8.19673546227712,7.56,7.63,2038,S3,8,,7.2874285714285705,0.13867924528301875,mean_revert_long: rsi_low & near_lower_band
2025-09-04,neutral,range,19.995707328658494,0,,9.856,0.062037037037037016,0,,10.942499999999999,0.11166666666666664,1,mean_revert_long: rsi_low & near_lower_band,10.144,0.09305555555555553,0,,11.243627006370923,11.063263851005248,,-0.08429798705913782,0.0545928778302648,-0.1388908648894026,33.54430379746837,0.48000000000000015,150354112.0,11.4225,12.193688419873743,10.651311580126256,0.13502970801028555,13.988095238095225,21.428571428571438,11.742511669661912,10.72,10.52,2068,S3,9,,10.144,0.09305555555555553,mean_revert_long: rsi_low & near_lower_band
2025-09-04,neutral,range,17.991736078552822,0,,7.614285714285714,0.08503003003002998,0,,8.428214285714287,0.15305405405405398,1,mean_revert_long: rsi_low & near_lower_band,7.772857142857142,0.127545045045045,0,,8.597046784356229,8.606464890481586,,-0.1410992823648929,-0.05371762645274725,-0.08738165591214564,21.794871794871767,0.2642857142857144,-13823583.0,8.6925,9.249781937527795,8.135218062472207,0.12822132586201754,10.540540540540551,29.999999999999993,8.820167770197521,8.09,8.18,2073,S3,8,,7.772857142857142,0.127545045045045,mean_revert_long: rsi_low & near_lower_band
2025-09-04,neutral,range,13.943200322811405,0,,4.858285714285714,0.10549645390070912,0,,5.227214285714285,0.1898936170212764,1,mean_revert_long: rsi_low & near_lower_band,4.938857142857143,0.1582446808510637,0,,5.328278243465984,5.290427582724081,,-0.07068901262007543,-0.02312295596804213,-0.0475660566520333,33.33333333333326,0.1342857142857144,619955445.0,5.3614999999999995,5.6362074999455105,5.0867925000544885,0.10247412102788811,18.0851063829787,22.87234042553188,5.558892513791999,5.1,5.06,2398,S3,6,,4.938857142857143,0.1582446808510637,mean_revert_long: rsi_low & near_lower_band
2025-09-04,neutral,range,16.247098780793557,0,,6.704999999999999,0.11142857142857142,0,,7.316,0.2,1,mean_revert_long: rsi_low & near_lower_band,6.81,0.16714285714285712,0,,7.42963618575691,7.553088155555467,,-0.15824996412274395,-0.09415290456461645,-0.0640970595581275,24.999999999999957,0.17500000000000002,-4254273.0,7.491,7.947711356501995,7.034288643498004,0.12193601828914574,16.326530612244873,33.87755102040816,7.65923521792,7.02,6.97,2440,S3,8,,6.81,0.16714285714285712,mean_revert_long: rsi_low & near_lower_band
2025-09-04,neutral,range,13.022807791286334,0,,3.396571428571429,0.08457161981258372,0,,3.6714285714285717,0.1522289156626507,1,mean_revert_long: rsi_low & near_lower_band,3.4677142857142855,0.1268574297188756,0,,3.7956127297529645,3.859351230200413,,-0.08383078931305521,-0.07362376551823042,-0.010207023794824785,29.230769230769226,0.11857142857142848,19131246.0,3.79,3.95065654769035,3.62934345230965,0.08477918083923476,15.060240963855433,20.48192771084338,3.9324,3.61,3.61,2485,S3,6,,3.4677142857142855,0.1268574297188756,mean_revert_long: rsi_low & near_lower_band
2025-09-04,neutral,range,19.277351663944415,0,,14.182285714285713,0.0511148272017837,0,,16.11021428571428,0.09200668896321067,1,mean_revert_long: rsi_low & near_lower_band,14.694857142857144,0.07667224080267557,0,,16.736362986959733,16.35252720524674,,-0.052147769275478595,0.15918508160097844,-0.21133285087645703,33.8495575221239,0.8542857142857146,-36849698.0,16.964499999999997,17.96799861668277,15.961001383317225,0.11830571094730442,20.56856187290967,28.177257525083583,17.59364483954688,15.72,16.26,2527,S3,9,,14.694857142857144,0.07667224080267557,mean_revert_long: rsi_low & near_lower_band
2025-09-04,neutral,range,16.901248562235054,0,,3.9292857142857143,0.12724444444444435,0,,4.148714285714285,0.2,1,mean_revert_long: rsi_low & near_lower_band,3.9828571428571427,0.19086666666666655,0,,4.210952887116117,4.215454830379362,,-0.03314435461552545,-0.007910401917895094,-0.025233952697630357,26.086956521739154,0.08928571428571434,6066668.0,4.2379999999999995,4.407531863174979,4.06846813682502,0.08000559847804606,10.400000000000055,24.79999999999995,4.344815548416,4.09,4.08,2641,S3,8,,3.9828571428571427,0.19086666666666655,mean_revert_long: rsi_low & near_lower_band
2025-09-04,neutral,range,17.39307488017212,0,,7.148571428571428,0.09187499999999998,0,,7.82842857142857,0.16537499999999997,1,mean_revert_long: rsi_low & near_lower_band,7.285714285714286,0.1378125,0,,7.980359654253606,7.9889059776457065,,-0.08671708971938497,-0.012729443947459682,-0.07398764577192528,31.410256410256437,0.2285714285714286,-52205436.0,8.056999999999999,8.499009764121748,7.614990235878249,0.10972068117705092,21.249999999999936,31.25,8.095223071836656,7.56,7.66,2693,S3,8,,7.285714285714286,0.1378125,mean_revert_long: rsi_low & near_lower_band
2025-09-04,neutral,range,19.061719139826852,0,,14.905714285714284,0.09024509803921561,0,,16.391285714285715,0.16244117647058812,1,mean_revert_long: rsi_low & near_lower_band,15.197142857142856,0.13536764705882343,0,,16.70255458628617,16.418096414670615,,-0.04557922114393165,0.13826137900868626,-0.1838406001526179,26.562500000000043,0.48571428571428604,86426138.0,16.877000000000002,17.699117932377618,16.054882067622387,0.0974246527673894,15.735294117647053,31.764705882352974,17.68539769344,15.78,16.1,2698,S3,9,,15.197142857142856,0.13536764705882343,mean_revert_long: rsi_low & near_lower_band
2025-09-04,neutral,range,19.770129336284697,0,,8.473571428571429,0.1206237816764132,0,,9.04992857142857,0.2,1,mean_revert_long: rsi_low & near_lower_band,8.595714285714285,0.1809356725146198,0,,9.173365922312056,9.118942791831042,,-0.06730784940917722,0.009191354334432187,-0.07649920374360941,30.70175438596503,0.20357142857142868,80479898.0,9.253499999999999,9.659262440221756,8.847737559778242,0.08769923601269942,14.73684210526321,30.175438596491134,9.400368271123254,8.84,8.8,2728,S3,9,,8.595714285714285,0.1809356725146198,mean_revert_long: rsi_low & near_lower_band
2025-09-04,neutral,range,17.575861783265285,0,,32.113571428571426,0.09854764877236781,0,,34.374428571428574,0.17738576779026205,1,mean_revert_long: rsi_low & near_lower_band,32.68571428571428,0.1478214731585517,0,,34.97585031678009,34.49046274795707,,-0.21923894388323362,0.023310379499314374,-0.24254932338254798,30.34188034188027,0.9535714285714292,80592965.0,35.328,37.12150406804809,33.534495931951916,0.10153442414221504,14.906367041198507,28.68913857677905,35.98675802858707,33.83,33.83,2756,S3,8,,32.68571428571428,0.1478214731585517,mean_revert_long: rsi_low & near_lower_band
2025-09-04,neutral,range,13.754763595960918,0,,17.193428571428573,0.07029622395833329,0,,19.49207142857143,0.12653320312499994,1,mean_revert_long: rsi_low & near_lower_band,17.632285714285715,0.10544433593749994,0,,19.98547128489035,19.773039674063615,,-0.21985202211503463,0.089229096469776,-0.30908111858481063,29.2682926829268,0.7314285714285719,57848882.0,20.2235,21.66732933821652,18.779670661783484,0.1427872859017002,24.90234375000003,27.34374999999999,22.00221381632,18.51,18.83,2757,S3,6,,17.632285714285715,0.10544433593749994,mean_revert_long: rsi_low & near_lower_band
2025-09-04,neutral,range,15.396189296184376,0,,25.855857142857143,0.06982950068056451,0,,28.771642857142858,0.12569310122501615,1,mean_revert_long: rsi_low & near_lower_band,26.52057142857143,0.10474425102084678,0,,29.45098595064055,29.613248058798117,,-0.31157192623299323,-0.0242076591487907,-0.28736426708420254,34.5926800472255,1.1078571428571429,26249632.0,29.8795,32.14188323339278,27.61711676660722,0.15143380802173936,20.373952288845903,34.880722114764644,31.345297353241914,27.85,28.25,2785,S3,7,,26.52057142857143,0.10474425102084678,mean_revert_long: rsi_low & near_lower_band
2025-09-04,neutral,range,19.560804538753708,0,,3.1575714285714285,0.124217907227616,0,,3.379928571428571,0.2,1,mean_revert_long: rsi_low & near_lower_band,3.201714285714286,0.18632686084142402,0,,3.4416476954327546,3.517979449740548,,-0.06391628795212112,-0.048301138357502243,-0.015615149594618877,33.3333333333333,0.07357142857142855,33008665.0,3.4534999999999996,3.607229085013044,3.299770914986955,0.0890279918998375,16.504854368932037,29.126213592233043,3.518691830272,3.29,3.28,2958,S3,9,,3.201714285714286,0.18632686084142402,mean_revert_long: rsi_low & near_lower_band
2025-09-04,neutral,range,13.965276772268185,0,,25.06,0.07461111111111113,0,,28.6135,0.1343,1,mean_revert_long: rsi_low & near_lower_band,25.66,0.11191666666666668,0,,29.294044905310937,29.269361191932934,,-0.4193577004609068,-0.07271365511177613,-0.3466440453491307,27.432216905901086,1.0,6853498.0,29.6135,31.624001639418687,27.60299836058131,0.13578277741021416,20.071428571428587,21.928571428571406,30.623583271424,26.86,27.32,2985,S3,6,,25.66,0.11191666666666668,mean_revert_long: rsi_low & near_lower_band
2025-09-04,neutral,range,15.2019713119314,0,,26.764857142857142,0.07561435248002411,0,,30.11164285714286,0.13610583446404342,1,mean_revert_long: rsi_low & near_lower_band,27.396571428571427,0.11342152872003619,0,,30.895778583889946,30.91520285616934,,-0.5403939003321909,-0.1592536391292124,-0.3811402612029785,17.169811320754675,1.052857142857143,30976430.0,31.164500000000004,33.482043845040366,28.846956154959642,0.1487297306255747,9.497964721845308,34.5997286295794,32.621565787893765,28.66,29.16,2990,S3,7,,27.396571428571427,0.11342152872003619,mean_revert_long: rsi_low & near_lower_band
2025-09-04,neutral,range,15.001526784905897,0,,20.047714285714285,0.06388469284994967,0,,22.564285714285717,0.1149924471299094,1,mean_revert_long: rsi_low & near_lower_band,20.615142857142857,0.0958270392749245,0,,23.301799171007897,22.854032985691326,,-0.37591319774773524,-0.016423187256356712,-0.3594900104913785,32.30769230769231,0.9457142857142854,32812358.0,23.51,25.385077542256266,21.634922457743738,0.15951318947309773,16.691842900302127,30.89123867069485,23.50071128382848,21.75,21.78,3023,S3,7,,20.615142857142857,0.0958270392749245,mean_revert_long: rsi_low & near_lower_band
2025-09-04,neutral,range,17.492582212957828,0,,6.6499999999999995,0.0788888888888889,0,,7.291999999999999,0.142,1,mean_revert_long: rsi_low & near_lower_band,6.8,0.11833333333333333,0,,7.460088639441424,7.4300333488056305,,-0.08099889692985851,0.0014487548810554025,-0.08244765181091392,33.92857142857143,0.25,38909977.0,7.541999999999999,8.034153164007014,7.049846835992985,0.1305099878035043,14.000000000000005,25.714285714285698,7.838997684224,7.1,7.05,300051,S3,8,,6.8,0.11833333333333333,mean_revert_long: rsi_low & near_lower_band
2025-09-04,neutral,range,13.256453388188428,0,,7.110857142857143,0.08982617586912071,0,,7.8141428571428575,0.16168711656441728,1,mean_revert_long: rsi_low & near_lower_band,7.250571428571429,0.1347392638036811,0,,7.963728537036157,7.9536873084659625,,-0.0722422842022814,0.005325581767635549,-0.07756786596991695,24.999999999999986,0.2328571428571427,23358048.0,8.047,8.482387304894342,7.611612695105659,0.10821108609279018,16.564417177914148,27.914110429447874,8.413243961855999,7.53,7.61,300107,S3,6,,7.250571428571429,0.1347392638036811,mean_revert_long: rsi_low & near_lower_band
2025-09-04,neutral,range,18.116674907973078,0,,19.819142857142857,0.06848801025077803,0,,22.162357142857143,0.12327841845140043,1,mean_revert_long: rsi_low & near_lower_band,20.33942857142857,0.10273201537616704,0,,22.74491917161628,22.20639511447646,,-0.1206903231649683,0.17569175654641891,-0.2963820797113872,33.955223880596975,0.8671428571428564,-29394069.0,23.0295,24.363658122089216,21.69534187791078,0.11586514011065958,18.78088962108734,30.477759472817155,23.364328246896676,21.38,21.88,300122,S3,9,,20.33942857142857,0.10273201537616704,mean_revert_long: rsi_low & near_lower_band
2025-09-04,neutral,range,19.10060687008086,0,,4.345857142857143,0.06307751050019088,0,,4.943142857142857,0.11353951890034357,1,mean_revert_long: rsi_low & near_lower_band,4.470571428571428,0.09461626575028631,0,,5.068938822773724,5.064216402742429,,-0.08323865999976388,-0.010865167269289292,-0.07237349273047458,34.32835820895524,0.207857142857143,86865093.0,5.151,5.595659538594595,4.7063404614054045,0.1726497917276627,19.243986254295507,28.52233676975943,5.427783989104641,4.72,4.73,300155,S3,9,,4.470571428571428,0.09461626575028631,mean_revert_long: rsi_low & near_lower_band
2025-09-04,neutral,range,16.214930851223308,0,,2.753857142857143,0.056736446591519066,0,,3.1206428571428577,0.10212560386473432,1,mean_revert_long: rsi_low & near_lower_band,2.8425714285714285,0.0851046698872786,0,,3.23305451894633,3.159853871899581,,-0.02170504245996918,0.008343002914021166,-0.030048045373990348,33.333333333333314,0.14785714285714283,880702645.0,3.2685000000000004,3.4823641969494687,3.054635803050532,0.13086381945814185,30.917874396135282,23.188405797101478,3.704656,3.02,3.15,300159,S3,8,,2.8425714285714285,0.0851046698872786,mean_revert_long: rsi_low & near_lower_band
2025-09-04,neutral,range,19.514650986024474,0,,5.265285714285715,0.09139709329582751,0,,5.708714285714286,0.1645147679324895,1,mean_revert_long: rsi_low & near_lower_band,5.366857142857143,0.13709563994374127,0,,5.829653764648698,5.8435230329401975,,-0.07512918943938018,-0.022382053833885137,-0.052747135605495044,32.71028037383179,0.16928571428571423,4558099.0,5.878,6.213078938068098,5.542921061931902,0.11401120723650836,10.548523206751058,26.160337552742593,6.075300919807999,5.57,5.53,300239,S3,9,,5.366857142857143,0.13709563994374127,mean_revert_long: rsi_low & near_lower_band
2025-09-04,neutral,range,16.76900330243777,0,,12.442428571428572,0.06495938317499655,0,,14.281071428571426,0.1169268897149938,1,mean_revert_long: rsi_low & near_lower_band,12.788285714285715,0.09743907476249485,0,,14.6801289594222,14.7299688862614,,-0.28672685225153316,-0.07270933456390015,-0.214017517687633,29.54545454545456,0.5764285714285714,108487803.0,14.857499999999998,16.13025705706777,13.584742942932227,0.17132856228406818,16.97645600991327,34.07682775712515,15.674279773183999,13.48,13.5,300248,S3,8,,12.788285714285715,0.09743907476249485,mean_revert_long: rsi_low & near_lower_band
2025-09-04,neutral,range,9.455531875407972,0,,8.595714285714287,0.05979963570127509,0,,9.910285714285715,0.10763934426229516,1,mean_revert_long: rsi_low & near_lower_band,8.857142857142858,0.08969945355191264,0,,10.250810098127008,10.273474166837278,,-0.21936603700381951,-0.06265980247846997,-0.15670623452534954,30.268199233716444,0.43571428571428544,-540312099.0,10.346,11.229233294566935,9.462766705433065,0.17073908651980185,23.606557377049185,28.360655737704946,11.276370657280001,9.38,9.5,300253,S3,4,,8.857142857142858,0.08969945355191264,mean_revert_long: rsi_low & near_lower_band
2025-09-04,neutral,range,16.605095905878837,0,,3.4805714285714284,0.07477090492554407,0,,3.8424285714285715,0.13458762886597933,1,mean_revert_long: rsi_low & near_lower_band,3.5637142857142856,0.11215635738831613,0,,3.9213586985435605,3.8114656049090967,,-0.02160266758228957,0.03211595946358779,-0.05371862704587736,30.136986301369944,0.13857142857142862,370179727.0,3.9810000000000003,4.2231743608490095,3.738825639150991,0.12166508960010511,17.010309278350558,33.50515463917522,3.8992151146677485,3.73,3.75,300267,S3,8,,3.5637142857142856,0.11215635738831613,mean_revert_long: rsi_low & near_lower_band
2025-09-04,neutral,range,18.333156701716828,0,,13.668714285714286,0.07394437238795218,0,,15.318285714285715,0.13309987029831394,1,mean_revert_long: rsi_low & near_lower_band,13.999142857142857,0.11091655858192828,0,,15.693705945045211,15.567932792002326,,-0.17522354294756504,0.033958664990149025,-0.20918220793771405,34.61538461538463,0.5507142857142855,157702616.0,15.869,17.022500849816037,14.715499150183964,0.14537788768240423,22.04928664072633,28.66407263294425,16.999382870016,14.66,14.82,300288,S3,9,,13.999142857142857,0.11091655858192828,mean_revert_long: rsi_low & near_lower_band
2025-09-04,neutral,range,10.713541857549854,0,,6.813714285714285,0.031080489938757668,0,,8.759785714285712,0.0559448818897638,1,mean_revert_long: rsi_low & near_lower_band,7.249142857142857,0.0466207349081365,0,,9.062069046361737,8.714604475259005,,-0.15082260059376829,0.05288878212986808,-0.20371138272363637,24.43181818181816,0.7257142857142854,88861432.0,9.485499999999998,11.275771664183672,7.695228335816323,0.3774754444538875,20.767716535433074,26.771653543307085,11.122520867461214,8.12,8.55,300313,S3,5,,7.249142857142857,0.0466207349081365,mean_revert_long: rsi_low & near_lower_band
2025-09-04,neutral,range,16.197944600083808,0,,5.215714285714285,0.08301282051282051,0,,5.777285714285713,0.14942307692307694,1,mean_revert_long: rsi_low & near_lower_band,5.327142857142857,0.12451923076923077,0,,5.868786290435105,5.75612029772038,,-0.08449014727352999,-0.011499251302596953,-0.07299089597093304,23.893805309734546,0.1857142857142857,123531394.0,5.962999999999999,6.418104383630822,5.507895616369177,0.1526427582192932,25.769230769230774,27.30769230769231,6.254575999999999,5.55,5.59,300326,S3,8,,5.327142857142857,0.12451923076923077,mean_revert_long: rsi_low & near_lower_band
2025-09-04,neutral,range,15.204041297862672,0,,4.7377142857142855,0.058559431524547824,0,,5.448285714285715,0.10540697674418609,1,mean_revert_long: rsi_low & near_lower_band,4.885142857142857,0.08783914728682174,0,,5.546739835633073,5.3160844644978384,,-0.03993162566206632,0.07218382260532037,-0.11211544826738669,23.41772151898735,0.2457142857142856,-20151189.0,5.694000000000001,6.219533313081001,5.168466686919,0.1845919610400423,12.500000000000021,27.61627906976751,5.786382810301611,5.18,5.11,300344,S3,7,,4.885142857142857,0.08783914728682174,mean_revert_long: rsi_low & near_lower_band
2025-09-04,neutral,range,17.651703547367095,0,,13.856428571428571,0.05047351148616971,0,,16.262071428571428,0.09085232067510547,1,mean_revert_long: rsi_low & near_lower_band,14.364285714285716,0.07571026722925456,0,,16.94960425570919,16.92437514014552,,-0.34240739671615117,-0.0987867061921503,-0.24362069052400087,34.227129337539466,0.8464285714285715,1652527253.0,17.1085,18.712971055650698,15.5040289443493,0.18756419974289967,22.616033755274227,38.73417721518987,18.25630540288,15.38,15.39,300348,S3,8,,14.364285714285716,0.07571026722925456,mean_revert_long: rsi_low & near_lower_band
2025-09-04,neutral,range,15.757700368145882,0,,7.631142857142858,0.08148625429553268,0,,8.383857142857142,0.14667525773195883,1,mean_revert_long: rsi_low & near_lower_band,7.797428571428572,0.12222938144329902,0,,8.539630402759126,8.396422228367431,,-0.04418432690845009,0.049270324875148125,-0.09345465178359821,30.281690140845143,0.2771428571428571,102193012.0,8.661,9.132409979127576,8.189590020872423,0.10885809470674905,18.814432989690786,27.835051546391806,8.846333371550067,8.13,8.21,300358,S3,7,,7.797428571428572,0.12222938144329902,mean_revert_long: rsi_low & near_lower_band
2025-09-04,neutral,range,19.504083323229445,0,,6.711857142857143,0.06976840363937141,0,,7.643142857142857,0.12558312655086853,1,mean_revert_long: rsi_low & near_lower_band,6.884571428571429,0.10465260545905712,0,,7.823032317760325,7.935027884039755,,-0.1344811182329222,-0.030639635880652476,-0.10384148235226971,26.21951219512195,0.28785714285714276,-13001787.0,7.931,8.542534738867793,7.319465261132207,0.1542137785570025,12.655086848635236,27.047146401985117,8.329574544896001,7.23,7.29,300449,S3,9,,6.884571428571429,0.10465260545905712,mean_revert_long: rsi_low & near_lower_band
2025-09-04,neutral,range,19.26889354540545,0,,13.143714285714285,0.06841742486903776,0,,14.988285714285716,0.12315136476426798,1,mean_revert_long: rsi_low & near_lower_band,13.489142857142857,0.10262613730355664,0,,15.406832878295544,15.334659386410369,,-0.1817738854834836,0.05648375855245959,-0.23825764403594318,30.72625698324022,0.5757142857142857,142345209.0,15.564000000000002,16.78197761624924,14.346022383750764,0.15651215834608553,20.84367245657568,29.03225806451615,16.654032,14.18,14.3,300525,S3,9,,13.489142857142857,0.10262613730355664,mean_revert_long: rsi_low & near_lower_band
2025-09-04,neutral,range,11.272215526528786,0,,14.292714285714284,0.05651323241684681,0,,16.37928571428571,0.10172381835032426,1,mean_revert_long: rsi_low & near_lower_band,14.755142857142856,0.08476984862527022,0,,16.89045767858319,16.653026014320766,,-0.3425528152255666,-0.0768273407841115,-0.26572547444145506,34.53815261044177,0.7707142857142866,-14463196.0,17.15,18.667754574154976,15.63224542584502,0.1769976179772569,17.701575532900815,22.242817423540277,17.9894322279424,15.68,15.78,300564,S3,5,,14.755142857142856,0.08476984862527022,mean_revert_long: rsi_low & near_lower_band
2025-09-04,neutral,range,18.219826352113678,0,,17.426285714285715,0.07183322375630065,0,,19.85421428571429,0.12929980276134118,1,mean_revert_long: rsi_low & near_lower_band,17.860857142857142,0.10774983563445098,0,,20.458222247114595,20.727996837509103,,-0.45094807621500266,-0.19563074950157106,-0.2553173267134316,29.06178489702522,0.7242857142857145,25785515.0,20.578500000000002,22.152181904592574,19.00481809540743,0.15294427724008766,12.130177514792864,31.360946745562117,21.590743622655996,18.73,18.78,300578,S3,9,,17.860857142857142,0.10774983563445098,mean_revert_long: rsi_low & near_lower_band
2025-09-04,neutral,range,14.741272211707573,0,,8.394285714285715,0.06900871459694986,0,,9.603214285714287,0.12421568627450975,1,mean_revert_long: rsi_low & near_lower_band,8.612857142857143,0.1035130718954248,0,,9.820417638764702,9.77175513597394,,-0.14873090237172804,0.0026531371594291646,-0.1513840395311572,33.19502074688799,0.3642857142857145,93642733.0,9.967500000000001,10.78186769142819,9.153132308571813,0.16340460324618775,14.705882352941167,24.9019607843137,10.319602736639998,9.05,9.09,300597,S3,7,,8.612857142857143,0.1035130718954248,mean_revert_long: rsi_low & near_lower_band
2025-09-04,neutral,range,17.889029149847808,0,,13.114857142857142,0.06542917324907843,0,,14.516142857142857,0.11777251184834119,1,mean_revert_long: rsi_low & near_lower_band,13.476571428571427,0.09814375987361766,0,,14.883455315064086,14.542504879394142,,-0.1115244613249935,0.09055272228832541,-0.2020771836133189,32.85198555956674,0.6028571428571431,49601994.0,15.119,16.18321010984426,14.054789890155739,0.14077784375213453,17.772511848341246,18.246445497630337,16.284860387328003,14.2,14.02,300614,S3,8,,13.476571428571427,0.09814375987361766,mean_revert_long: rsi_low & near_lower_band
2025-09-04,neutral,range,10.593642441146788,0,,9.441285714285714,0.08008407180186318,0,,10.684214285714285,0.14415132924335372,1,mean_revert_long: rsi_low & near_lower_band,9.650857142857143,0.12012610770279476,0,,10.862278884019785,10.922973504856357,,-0.2583478998648481,-0.1104254948389392,-0.14792240502590887,31.627906976744214,0.3492857142857145,-7405753.0,11.0335,12.08879791253964,9.97820208746036,0.19128978339414324,21.881390593046994,26.584867075664587,11.599570958335999,10.07,10.1,300654,S3,5,,9.650857142857143,0.12012610770279476,mean_revert_long: rsi_low & near_lower_band
2025-09-04,neutral,range,13.410440367322451,0,,22.79785714285714,0.06430323299888517,0,,26.443142857142853,0.11574581939799332,1,mean_revert_long: rsi_low & near_lower_band,23.43857142857143,0.09645484949832776,0,,27.095429994520174,27.049895936988555,,-0.42182117529045726,0.02406293210351962,-0.4458841073939769,26.7387944358578,1.0678571428571428,19727390.0,27.510999999999996,29.869392851520995,25.152607148478996,0.1714508997507179,23.41137123745822,29.966555183946493,28.726568384000004,24.72,25.14,300656,S3,6,,23.43857142857143,0.09645484949832776,mean_revert_long: rsi_low & near_lower_band
2025-09-04,neutral,range,12.465976390097788,0,,27.260714285714286,0.060650335374744804,0,,30.780785714285713,0.10917060367454064,1,mean_revert_long: rsi_low & near_lower_band,28.077142857142857,0.0909755030621172,0,,31.87879903567633,31.617018727773054,,-0.35698669496600033,-0.013861865020003217,-0.34312482994599713,34.24068767908311,1.3607142857142864,3219183.0,32.1415,34.41238922995746,29.87061077004254,0.14130574055084308,22.83464566929133,20.629921259842487,35.018496,29.71,30.12,300662,S3,6,,28.077142857142857,0.0909755030621172,mean_revert_long: rsi_low & near_lower_band
2025-09-04,neutral,range,17.539683351347605,0,,35.64471428571429,0.027602043589325494,0,,46.91578571428571,0.04968367846078589,1,mean_revert_long: rsi_low & near_lower_band,38.27314285714286,0.04140306538398825,0,,49.12278763465144,44.70332603443363,,0.011018392283119738,1.8645717460325704,-1.8535533537494506,33.01724137931035,4.380714285714288,29485753.0,51.2965,59.63523718825193,42.957762811748076,0.3251191480218699,23.49584216533507,30.180988097179178,58.634568964863995,43.53,44.61,300683,S3,8,,38.27314285714286,0.04140306538398825,mean_revert_long: rsi_low & near_lower_band
2025-09-04,neutral,range,18.225229602572828,0,,23.156285714285715,0.047198792044152914,0,,28.694214285714285,0.08495782567947524,1,mean_revert_long: rsi_low & near_lower_band,24.070857142857143,0.07079818806622937,0,,29.56761444041339,29.477235438794832,,-0.8675455818769997,-0.14620941573712104,-0.7213361661398787,22.941822173435767,1.524285714285713,-29585308.0,30.2185,33.90906991747741,26.527930082522587,0.2442589749641717,19.775070290534202,35.89503280224936,31.620047796736007,25.9,26.34,300687,S3,9,,24.070857142857143,0.07079818806622937,mean_revert_long: rsi_low & near_lower_band
2025-09-04,neutral,range,15.616269361478883,0,,28.325857142857146,0.04735144602503313,0,,36.03264285714286,0.08523260284505962,1,mean_revert_long: rsi_low & near_lower_band,29.44057142857143,0.07102716903754969,0,,37.17296856012367,36.64693403340791,,-0.8147475755140192,0.02581297739405347,-0.8405605529080726,32.44047619047619,1.8578571428571422,119602736.0,37.8905,42.20700187316684,33.57399812683317,0.22784085051223052,20.64590542099195,38.40830449826992,42.08202607840303,31.67,32.83,300722,S3,7,,29.44057142857143,0.07102716903754969,mean_revert_long: rsi_low & near_lower_band
2025-09-04,neutral,range,11.096365968408378,0,,39.004714285714286,0.05970068517850704,0,,43.83878571428571,0.10746123332131267,1,mean_revert_long: rsi_low & near_lower_band,40.19314285714286,0.08955102776776057,0,,45.02538497012494,43.51095829868603,,-0.2148981506832044,0.38834178701525873,-0.6032399376984632,33.248730964467015,1.9807142857142854,-6816673.0,45.8195,49.614513209878936,42.02448679012106,0.1656505727857763,17.021276595744702,33.573746844572675,48.59192007282687,42.57,43.91,300725,S3,5,,40.19314285714286,0.08955102776776057,mean_revert_long: rsi_low & near_lower_band
2025-09-04,neutral,range,19.81963681822253,0,,4.692571428571429,0.09273504273504286,0,,5.199928571428571,0.16692307692307715,1,mean_revert_long: rsi_low & near_lower_band,4.781714285714286,0.13910256410256427,0,,5.269217011793162,5.234810603638673,,-0.07853781056637921,-0.008064731565551835,-0.07047307900082737,28.282828282828305,0.14857142857142838,6391702.0,5.3485,5.75952055269394,4.9374794473060595,0.15369563529735072,17.78846153846157,32.21153846153845,5.629073528993211,4.96,4.95,300737,S3,9,,4.781714285714286,0.13910256410256427,mean_revert_long: rsi_low & near_lower_band
2025-09-04,neutral,range,19.334021562910234,0,,18.422142857142855,0.10116331096196864,0,,19.84485714285714,0.18209395973154355,1,mean_revert_long: rsi_low & near_lower_band,18.74142857142857,0.15174496644295296,0,,20.280782903818427,20.408040146540483,,-0.2009706421269648,-0.06299859860668469,-0.1379720435202801,33.828996282527825,0.5321428571428574,23478294.0,20.377,21.283934686907397,19.4700653130926,0.08901552602516545,23.221476510067063,22.41610738255035,21.445433286655998,19.38,19.55,300880,S3,9,,18.74142857142857,0.15174496644295296,mean_revert_long: rsi_low & near_lower_band
2025-09-04,neutral,range,18.197396993263744,0,,43.36457142857143,0.047889114954221775,0,,52.92742857142858,0.08620040691759918,1,mean_revert_long: rsi_low & near_lower_band,45.04971428571429,0.07183367243133267,0,,53.489433578675005,51.973838933690146,,-0.8591085272065442,0.467904492573034,-1.3270130197795782,21.45680406549974,2.8085714285714287,23764427.0,55.736000000000004,63.819650556264065,47.65234944373594,0.29006927502024044,12.74160732451678,34.84231943031535,56.73132162178095,48.42,48.9,300920,S3,9,,45.04971428571429,0.07183367243133267,mean_revert_long: rsi_low & near_lower_band
2025-09-04,neutral,range,11.927383581332283,0,,11.015,0.05821256038647341,0,,12.752999999999998,0.10478260869565213,1,mean_revert_long: rsi_low & near_lower_band,11.360000000000001,0.08731884057971012,0,,13.136906239937018,13.481109044891404,,-0.4047374803264958,-0.2155633972300384,-0.18917408309645742,33.678756476683944,0.5750000000000003,-13216470.0,13.328,14.72110482471045,11.93489517528955,0.20904934344394513,28.322981366459626,21.242236024844697,14.782837916671998,12.05,12.05,300986,S3,5,,11.360000000000001,0.08731884057971012,mean_revert_long: rsi_low & near_lower_band
2025-09-04,neutral,range,18.22850585210789,0,,25.478142857142856,0.05695682572976751,0,,30.19085714285714,0.10252228631358153,1,mean_revert_long: rsi_low & near_lower_band,26.29542857142857,0.08543523859465128,0,,31.107625969080217,31.81739508222387,,-1.2129316334516211,-0.6975462525438444,-0.5153853809077767,25.791855203619917,1.3621428571428573,57836304.0,31.552999999999997,35.33799586316951,27.768004136830484,0.23991353362086099,10.12060828526481,37.80807551127423,32.911417488980696,27.93,27.75,301079,S3,9,,26.29542857142857,0.08543523859465128,mean_revert_long: rsi_low & near_lower_band
2025-09-04,neutral,range,16.558556321468362,0,,16.728428571428573,0.08162544169611306,0,,18.20057142857143,0.14692579505300352,1,mean_revert_long: rsi_low & near_lower_band,17.092285714285715,0.12243816254416959,0,,18.732224415907037,19.385515073742184,,-0.39117178972810507,-0.2986728598631828,-0.09249892986492225,33.75959079283891,0.6064285714285715,-51948107.0,18.807000000000002,19.74128497850105,17.872715021498955,0.09935502509714969,22.61484098939931,31.68433451118964,19.562,17.82,17.7,301082,S3,8,,17.092285714285715,0.12243816254416959,mean_revert_long: rsi_low & near_lower_band
2025-09-04,neutral,range,19.378236934144606,0,,30.365714285714283,0.07613788487282458,0,,32.985285714285716,0.13704819277108424,1,mean_revert_long: rsi_low & near_lower_band,31.077142857142857,0.11420682730923686,0,,33.86007527206021,34.15650534501265,,-0.6379441265492076,-0.351421744395372,-0.28652238215383563,32.472324723247226,1.1857142857142866,-10412433.0,34.171,36.715888788801756,31.626111211198246,0.1489502085863308,18.1325301204819,31.325301204819205,37.07768521302016,32.5,32.41,301089,S3,9,,31.077142857142857,0.11420682730923686,mean_revert_long: rsi_low & near_lower_band
2025-09-04,neutral,range,18.26144889629844,0,,12.568428571428571,0.06774354585651118,0,,14.243571428571428,0.12193838254172013,1,mean_revert_long: rsi_low & near_lower_band,12.902285714285714,0.10161531878476678,0,,14.657465465923941,15.076473225799289,,-0.423691881034884,-0.2629411575038073,-0.16075072353107667,33.76963350785341,0.5564285714285716,-9072616.0,14.8,16.073833832012262,13.526166167987737,0.1721397070286841,16.81643132220796,28.883183568677783,15.253490198067201,13.57,13.46,301127,S3,9,,12.902285714285714,0.10161531878476678,mean_revert_long: rsi_low & near_lower_band
2025-09-04,neutral,range,17.626717060858283,0,,40.54814285714286,0.08203332790533575,0,,43.83685714285714,0.14765999022960438,1,mean_revert_long: rsi_low & near_lower_band,41.42542857142857,0.12304999185800365,0,,44.88657590329587,44.98715719654936,,-0.4692553451268324,-0.21151114387448702,-0.25774420125234543,34.042553191489375,1.4621428571428565,2934064.0,45.299,47.820803030832394,42.777196969167605,0.11134034000010573,14.069369809477301,26.72203224230585,45.7256,43.18,43.43,301186,S3,8,,41.42542857142857,0.12304999185800365,mean_revert_long: rsi_low & near_lower_band
2025-09-04,neutral,range,17.683182455006424,0,,56.58014285714286,0.08676658821586362,0,,63.225357142857135,0.1561798587885545,1,mean_revert_long: rsi_low & near_lower_band,57.73342857142857,0.13014988232379543,0,,64.57185981945422,64.1093910511041,,-0.7714086165092553,0.0590861606389124,-0.8304947771481677,24.874791318864723,1.9221428571428565,8197777.0,65.1475,69.71851105941161,60.576488940588376,0.14032805739012602,13.377926421404666,37.34671125975477,67.50685715998719,60.04,60.87,301299,S3,8,,57.73342857142857,0.13014988232379543,mean_revert_long: rsi_low & near_lower_band
2025-09-04,neutral,range,16.500259551134352,0,,11.014714285714286,0.11399491094147587,0,,11.907785714285716,0.2,1,mean_revert_long: rsi_low & near_lower_band,11.183142857142856,0.17099236641221383,0,,12.093349417538072,12.258991904346445,,-0.1817656752855985,-0.0876524830314425,-0.094113192254156,25.71428571428575,0.2807142857142856,33645633.0,12.188500000000001,12.861913144479594,11.515086855520408,0.11049975706273828,18.829516539440174,36.38676844783716,12.509496917565441,11.52,11.65,301301,S3,8,,11.183142857142856,0.17099236641221383,mean_revert_long: rsi_low & near_lower_band
2025-09-04,neutral,range,18.269829258795507,0,,49.13371428571429,0.06126488679492215,0,,54.94078571428571,0.11027679623085988,1,mean_revert_long: rsi_low & near_lower_band,50.58914285714286,0.09189733019238325,0,,56.688539610345565,56.51842020009203,,-0.5603636392619578,0.047328060228967475,-0.6076916994909253,33.37476693598509,2.425714285714285,-3217818.0,57.366499999999995,60.93241628440277,53.80058371559722,0.12432051055590894,17.285041224970552,25.70671378091875,59.889253067775996,53.5,54.4,301393,S3,9,,50.58914285714286,0.09189733019238325,mean_revert_long: rsi_low & near_lower_band
2025-09-04,neutral,range,13.024651283513778,0,,34.29257142857143,0.07563559322033896,0,,38.95542857142856,0.13614406779661012,1,mean_revert_long: rsi_low & near_lower_band,35.10171428571429,0.11345338983050843,0,,39.88060435230415,40.11306751455513,,-0.7556819291042487,-0.23618303982417202,-0.5194988892800767,28.681177976952668,1.3485714285714292,103909963.0,40.303999999999995,43.354600631109584,37.253399368890406,0.15137954699829242,15.995762711864417,30.985169491525415,42.110812009984,36.72,37.09,301428,S3,6,,35.10171428571429,0.11345338983050843,mean_revert_long: rsi_low & near_lower_band
2025-09-04,neutral,range,11.06034503643462,0,,124.77128571428571,0.05874035515191788,0,,151.1772142857143,0.1057326392734522,1,mean_revert_long: rsi_low & near_lower_band,128.64085714285713,0.08811053272787683,0,,154.89707544748057,154.28762833565332,,-3.4833756204966733,-0.46227530244397635,-3.0211003180526967,30.0294888597641,6.449285714285716,10373269.0,157.62650000000002,173.60966518946398,141.64333481053606,0.20279794564320033,20.55598626647469,38.89688780595858,163.09651336261177,136.38,140.8,301592,S3,5,,128.64085714285713,0.08811053272787683,mean_revert_long: rsi_low & near_lower_band
2025-09-04,neutral,range,16.377839388548352,0,,34.689,0.10696649029982366,0,,38.514500000000005,0.1925396825396826,1,mean_revert_long: rsi_low & near_lower_band,35.256,0.1604497354497355,0,,39.21803883876492,39.056339167657484,,-0.30366434563961775,0.08183940858534322,-0.38550375422496097,33.61045130641334,0.9449999999999997,23203456.0,39.459500000000006,41.58316589700577,37.33583410299424,0.10763774994643949,18.14058956916099,39.153439153439216,40.685840000000006,36.39,37.02,600038,S3,8,,35.256,0.1604497354497355,mean_revert_long: rsi_low & near_lower_band
2025-09-04,neutral,range,17.498311127563433,0,,7.385714285714285,0.1154700854700854,0,,7.793285714285713,0.2,1,mean_revert_long: rsi_low & near_lower_band,7.497142857142856,0.17320512820512812,0,,7.959101362597659,8.03355217122645,,-0.07587672148210522,-0.04396028214049325,-0.03191643934161197,33.33333333333333,0.1857142857142858,-611674656.0,7.978999999999999,8.260865962919661,7.697134037080336,0.07065195210418912,26.538461538461608,31.5384615384615,8.500224000000001,7.72,7.72,600048,S3,8,,7.497142857142856,0.17320512820512812,mean_revert_long: rsi_low & near_lower_band
2025-09-04,neutral,range,19.699153144597602,0,,21.279000000000003,0.11345565749235481,0,,22.672,0.2,1,mean_revert_long: rsi_low & near_lower_band,21.606,0.17018348623853222,0,,22.941027542892932,22.79442477967708,,-0.2333527900218293,-0.03499711064502222,-0.19835567937680706,32.010582010582,0.5449999999999997,7546053.0,23.217,24.541984210432172,21.892015789567825,0.11413914032236497,15.465268676277809,28.047182175622567,23.280011857783535,22.26,22.19,600129,S3,9,,21.606,0.17018348623853222,mean_revert_long: rsi_low & near_lower_band
2025-09-04,neutral,range,18.416540798825363,0,,7.626285714285714,0.08223379629629636,0,,8.433214285714286,0.14802083333333346,1,mean_revert_long: rsi_low & near_lower_band,7.790857142857142,0.12335069444444456,0,,8.608140498198827,8.47157488148049,,-0.06653054687353332,0.04168034457158968,-0.108210891445123,24.20382165605092,0.274285714285714,63878831.0,8.7075,9.318896158932894,8.096103841067105,0.14042978097798323,15.62499999999996,28.906250000000014,9.187881077759998,8.12,8.19,600201,S3,9,,7.790857142857142,0.12335069444444456,mean_revert_long: rsi_low & near_lower_band
2025-09-04,neutral,range,16.801018215790844,0,,14.431285714285714,0.11976823449216087,0,,15.413214285714284,0.2,1,mean_revert_long: rsi_low & near_lower_band,14.640857142857143,0.17965235173824132,0,,15.657456524987351,15.547251288458057,,-0.04554070354678785,0.0735809543132305,-0.11912165786001835,34.9557522123894,0.3492857142857143,76120100.0,15.7625,16.41870519897199,15.106294801028012,0.08326156370778597,21.267893660531712,36.19631901840486,16.355241792,15.06,15.28,600216,S3,8,,14.640857142857143,0.17965235173824132,mean_revert_long: rsi_low & near_lower_band
2025-09-04,neutral,range,19.356416619355652,0,,9.895000000000001,0.08957264957264964,0,,10.787,0.16123076923076934,1,mean_revert_long: rsi_low & near_lower_band,10.09,0.13435897435897445,0,,11.04212647657588,10.9753735937965,,-0.17564002732112804,-0.07638297765513216,-0.09925704966599588,22.06896551724141,0.3249999999999998,626059188.0,11.112,11.724659431452228,10.499340568547773,0.11026987607131526,18.021978021978,29.01098901098907,11.643304625807358,10.48,10.55,600267,S3,9,,10.09,0.13435897435897445,mean_revert_long: rsi_low & near_lower_band
2025-09-04,neutral,range,17.45154474636833,0,,11.24242857142857,0.07823376139959054,0,,12.303071428571428,0.14082077051926295,1,mean_revert_long: rsi_low & near_lower_band,11.498285714285714,0.11735064209938581,0,,12.491238439202137,11.927901895451244,,0.016921297209165687,0.18415673568026392,-0.16723543847109823,34.33962264150941,0.4264285714285715,538425334.0,12.7295,13.520062091838849,11.93893790816115,0.12420944920677937,20.770519262981576,30.15075376884423,13.021104680866298,12.01,12.05,600288,S3,8,,11.498285714285714,0.11735064209938581,mean_revert_long: rsi_low & near_lower_band
2025-09-04,neutral,range,17.138855395919844,0,,3.884857142857143,0.2,0,,4.030642857142857,0.2,1,mean_revert_long: rsi_low & near_lower_band,3.9165714285714284,0.2,0,,4.0688047282750714,4.114669787438412,,-0.039675778156604835,-0.02850665233633743,-0.011169125820267405,24.999999999999957,0.05285714285714287,-14638033.0,4.0835,4.197614439328065,3.9693855606719346,0.055890505364547725,16.216216216216107,24.324324324324397,4.157785218048,3.98,3.98,600310,S3,8,,3.9165714285714284,0.2,mean_revert_long: rsi_low & near_lower_band
2025-09-04,neutral,range,15.886728350798332,0,,32.75814285714286,0.05663874251227311,0,,39.69435714285714,0.1019497365220916,1,mean_revert_long: rsi_low & near_lower_band,33.81542857142857,0.08495811376840967,0,,40.793710455783206,40.225049313929134,,-0.6718456800079267,0.03377500375557152,-0.7056206837634982,30.28812368236123,1.7621428571428572,131461228.0,41.4565,45.20508443457764,37.707915565422354,0.1808442311617066,19.09201459262265,32.103769760843164,41.39,35.93,37.51,600316,S3,7,,33.81542857142857,0.08495811376840967,mean_revert_long: rsi_low & near_lower_band
2025-09-04,neutral,range,18.585199563760632,0,,23.364571428571427,0.04802188552188553,0,,29.33692857142857,0.08643939393939394,1,mean_revert_long: rsi_low & near_lower_band,24.269714285714283,0.0720328282828283,0,,30.30589688927054,29.747316633013707,,-0.3702370578362135,0.2732798682628118,-0.6435169260990253,32.48979591836735,1.5085714285714285,37148380.0,30.845499999999998,33.99255192036514,27.698448079634858,0.20405257949231753,14.91477272727269,38.92045454545456,33.15766641092959,26.08,26.88,600391,S3,9,,24.269714285714283,0.0720328282828283,mean_revert_long: rsi_low & near_lower_band
2025-09-04,neutral,range,16.33763715147446,0,,12.579571428571429,0.05263442605214757,0,,15.770428571428573,0.09474196689386563,1,mean_revert_long: rsi_low & near_lower_band,13.019714285714286,0.07895163907822136,0,,16.171236869342366,15.558704924518743,,-0.17278071723029242,0.1599698778532891,-0.3327505950835815,31.850789096126263,0.7335714285714285,-94839070.0,16.504,18.240777415063246,14.767222584936757,0.21046745214048038,16.55306718597864,39.04576436222006,17.4454,13.9,14.5,600435,S3,8,,13.019714285714286,0.07895163907822136,mean_revert_long: rsi_low & near_lower_band
2025-09-04,neutral,range,18.67389642528453,0,,21.249428571428574,0.1101357082273113,0,,22.83757142857143,0.19824427480916035,1,mean_revert_long: rsi_low & near_lower_band,21.586285714285715,0.16520356234096698,0,,23.240960129759415,23.09299169099372,,-0.1141772178084679,0.046986332565508965,-0.16116355037397687,33.875338753387524,0.5614285714285714,67456576.0,23.399,24.37120097554056,22.42679902445944,0.08309765165524675,20.229007633587788,34.98727735368953,24.09544856435114,22.26,22.28,600482,S3,9,,21.586285714285715,0.16520356234096698,mean_revert_long: rsi_low & near_lower_band
2025-09-04,neutral,range,18.805116440201495,0,,5.124714285714286,0.11390406800242855,0,,5.469285714285713,0.2,1,mean_revert_long: rsi_low & near_lower_band,5.203142857142858,0.17085610200364285,0,,5.552235966407528,5.538632596636031,,-0.0391718971094237,-0.004699631893881334,-0.03447226521554237,18.75000000000003,0.13071428571428584,-289759790.0,5.6,5.816964707292509,5.383035292707491,0.07748739546161033,13.114754098360606,28.96174863387977,5.6991760000000005,5.36,5.39,600583,S3,9,,5.203142857142858,0.17085610200364285,mean_revert_long: rsi_low & near_lower_band
2025-09-04,neutral,range,15.919966469323542,0,,11.244714285714286,0.14038527691778466,0,,12.036285714285714,0.2,1,mean_revert_long: rsi_low & near_lower_band,11.383142857142857,0.2,0,,12.267392360608648,12.734273990918819,,-0.2171856136016217,-0.1872869282210737,-0.02989868538054799,33.90804597701144,0.23071428571428573,72627075.0,12.267,12.738284917734719,11.79571508226528,0.07683784425445817,20.12383900928793,33.12693498452002,13.31433572824804,11.66,11.77,600668,S3,7,,11.383142857142857,0.2,mean_revert_long: rsi_low & near_lower_band
2025-09-04,neutral,range,11.266217732668915,0,,6.352857142857143,0.0965020576131687,0,,6.925642857142857,0.17370370370370367,1,mean_revert_long: rsi_low & near_lower_band,6.468571428571429,0.14475308641975304,0,,7.071575290361771,7.087674766382469,,-0.08581431262439931,-0.029588536293368616,-0.056225776331030694,31.775700934579476,0.19285714285714292,3158854.0,7.1185,7.455438226417029,6.781561773582971,0.09466551279540046,17.40740740740739,24.074074074074044,7.246565121041953,6.7,6.66,600825,S3,5,,6.468571428571429,0.14475308641975304,mean_revert_long: rsi_low & near_lower_band
2025-09-04,neutral,range,14.037648025866392,0,,8.556142857142857,0.16121544079290528,0,,8.995357142857141,0.2,1,mean_revert_long: rsi_low & near_lower_band,8.647428571428572,0.2,0,,9.111470304309567,9.053131630183792,,-0.030561301751726333,0.013559940286628526,-0.04412124203835486,32.03883495145634,0.15214285714285744,14624629.0,9.147499999999999,9.380455834983005,8.914544165016993,0.05093322437452985,19.71830985915497,34.27230046948352,9.342927397888001,8.83,8.93,600970,S3,7,,8.647428571428572,0.2,mean_revert_long: rsi_low & near_lower_band
2025-09-04,neutral,range,19.132954822679107,0,,3.693714285714286,0.14051362683438148,0,,3.8992857142857145,0.2,1,mean_revert_long: rsi_low & near_lower_band,3.7391428571428573,0.2,0,,3.952730211590359,4.001105507037104,,-0.05719754607620686,-0.03917982327241898,-0.018017722803787883,31.818181818181785,0.07571428571428575,-40391595.0,3.975,4.151217568871401,3.798782431128599,0.0886629277340381,13.207547169811368,23.584905660377387,3.948598475627632,3.83,3.79,601113,S3,9,,3.7391428571428573,0.2,mean_revert_long: rsi_low & near_lower_band
2025-09-04,neutral,range,16.62505999715898,0,,7.204428571428572,0.1123456790123458,0,,7.820571428571428,0.2,1,mean_revert_long: rsi_low & near_lower_band,7.316285714285715,0.1685185185185187,0,,7.90485783759249,7.927697588765773,,-0.09809288590934973,-0.026555428445971,-0.07153745746337872,30.666666666666686,0.18642857142857125,-182989516.0,8.007,8.481312799299097,7.532687200700902,0.11847453460699324,20.306513409961713,38.6973180076629,8.175943443968,7.54,7.5,601117,S3,8,,7.316285714285715,0.1685185185185187,mean_revert_long: rsi_low & near_lower_band
2025-09-04,neutral,range,13.036939112757798,0,,5.612142857142857,0.1229729729729728,0,,5.963357142857142,0.2,1,mean_revert_long: rsi_low & near_lower_band,5.691428571428571,0.1844594594594592,0,,6.040525311539133,6.024743119946319,,-0.06325770609027348,-0.021241089480480688,-0.04201661660979279,32.258064516129025,0.1321428571428573,-34414649.0,6.0954999999999995,6.40598179877157,5.785018201228429,0.10187246288953192,21.081081081081084,27.02702702702704,6.357366397440001,5.85,5.81,601686,S3,6,,5.691428571428571,0.1844594594594592,mean_revert_long: rsi_low & near_lower_band
2025-09-04,neutral,range,16.412777210340767,0,,8.557285714285715,0.1375830013280213,0,,9.083214285714284,0.2,1,mean_revert_long: rsi_low & near_lower_band,8.664857142857144,0.2,0,,9.202577239036158,9.181984597572825,,-0.06786642058394321,-0.0020303912006629566,-0.06583602938328026,34.74576271186443,0.17928571428571427,-480222281.0,9.2625,9.670260249475874,8.854739750524125,0.08804539799748974,26.294820717131483,30.278884462151385,9.512992874496,8.88,8.89,601800,S3,8,,8.664857142857144,0.2,mean_revert_long: rsi_low & near_lower_band
2025-09-04,neutral,range,15.818996772671232,0,,17.01742857142857,0.10971343178621658,0,,18.38657142857143,0.19748417721518985,1,mean_revert_long: rsi_low & near_lower_band,17.288285714285713,0.16457014767932487,0,,18.666295615671036,18.698263318855055,,-0.22293664647523315,-0.05604175435752185,-0.1668948921177113,34.22818791946307,0.45142857142857146,1692108.0,18.838,19.859177854502498,17.816822145497504,0.10841680162464136,14.398734177215191,30.379746835443065,19.247281762590724,17.83,17.73,603096,S3,7,,17.288285714285713,0.16457014767932487,mean_revert_long: rsi_low & near_lower_band
2025-09-04,neutral,range,9.749964767619145,0,,15.667142857142858,0.07667973856209151,0,,17.370857142857144,0.13802352941176474,1,mean_revert_long: rsi_low & near_lower_band,16.031428571428574,0.11501960784313728,0,,17.845103161772467,17.919517984070556,,-0.29328768129069616,-0.09578700111717645,-0.1975006801735197,30.085959885386856,0.6071428571428571,187844339.0,17.978,19.119828634944383,16.83617136505562,0.1270251012286552,26.588235294117624,24.82352941176474,19.312757888,16.76,16.9,603108,S3,4,,16.031428571428574,0.11501960784313728,mean_revert_long: rsi_low & near_lower_band
2025-09-04,neutral,range,19.36675779460371,0,,3.902857142857143,0.08088888888888895,0,,4.264642857142858,0.14560000000000015,1,mean_revert_long: rsi_low & near_lower_band,3.988571428571429,0.12133333333333346,0,,4.345396210170059,4.339807092085945,,-0.059037353639893375,-0.01598128431133995,-0.04305606932855342,34.782608695652144,0.14285714285714274,69227997.0,4.407500000000001,4.70689412503465,4.108105874965351,0.13585666479167313,11.000000000000043,23.000000000000107,4.410220804876547,4.16,4.12,603188,S3,9,,3.988571428571429,0.12133333333333346,mean_revert_long: rsi_low & near_lower_band
2025-09-04,neutral,range,12.124106008719398,0,,13.672,0.07281746031746035,0,,15.337,0.13107142857142862,1,mean_revert_long: rsi_low & near_lower_band,14.008,0.10922619047619052,0,,15.854973498210256,15.996341304975108,,-0.2667258912298447,-0.12290073044629486,-0.14382516078354984,30.395136778115486,0.5599999999999998,-129790503.0,15.897,16.88388451838678,14.910115481613222,0.12415984379276325,26.02040816326528,37.117346938775476,16.8582,14.68,14.88,603232,S3,6,,14.008,0.10922619047619052,mean_revert_long: rsi_low & near_lower_band
2025-09-04,neutral,range,15.064284253756398,0,,7.550285714285714,0.04353310002916301,0,,9.023714285714288,0.07835958005249342,1,mean_revert_long: rsi_low & near_lower_band,7.876857142857142,0.06529965004374452,0,,9.251507688257412,9.028396076527773,,-0.1267931822021513,0.07621039496209532,-0.2030035771642466,22.41379310344827,0.5442857142857144,81855278.0,9.568000000000001,10.72641270711264,8.409587292887363,0.24214312439645458,13.123359580052513,26.90288713910764,9.906208096515165,8.53,8.46,603458,S3,7,,7.876857142857142,0.06529965004374452,mean_revert_long: rsi_low & near_lower_band
2025-09-04,neutral,range,16.766967528713927,0,,13.666571428571428,0.09569586651497912,0,,14.59392857142857,0.17225255972696243,1,mean_revert_long: rsi_low & near_lower_band,13.917714285714286,0.14354379977246867,0,,14.867453790841479,14.763444211170606,,-0.06711176709308297,0.05484229227144791,-0.12195405936453088,34.40860215053762,0.41857142857142865,54125958.0,15.0125,15.684241648333083,14.340758351666915,0.08949097729666398,16.89419795221843,26.962457337883926,15.569453641728,14.42,14.25,603566,S3,8,,13.917714285714286,0.14354379977246867,mean_revert_long: rsi_low & near_lower_band
2025-09-04,neutral,range,10.763544543818961,0,,28.034000000000002,0.0777777777777778,0,,31.073999999999998,0.14000000000000004,1,mean_revert_long: rsi_low & near_lower_band,28.676000000000002,0.11666666666666671,0,,31.975700749746157,32.67970182937417,,-0.5715394109671514,-0.3356807491183353,-0.23585866184881615,32.37951807228919,1.0699999999999998,-2536519.0,32.144,33.868698600671415,30.419301399328578,0.10731076410349792,16.95594125500672,28.971962616822434,33.47775376895999,29.96,30.32,603666,S3,5,,28.676000000000002,0.11666666666666671,mean_revert_long: rsi_low & near_lower_band
2025-09-04,neutral,range,19.335232185637334,0,,16.29842857142857,0.05786303400982299,0,,18.183071428571427,0.10415346121768139,1,mean_revert_long: rsi_low & near_lower_band,16.812285714285714,0.0867945510147345,0,,18.817532324859673,18.76177639974431,,-0.16826081175113217,0.01123163592007668,-0.17949244767120884,29.090909090909108,0.8564285714285715,9147761.0,19.0395,20.117714410861527,17.961285589138473,0.11326079055243331,11.175979983319401,19.599666388657162,19.942241954816005,17.84,18.32,603790,S3,9,,16.812285714285714,0.0867945510147345,mean_revert_long: rsi_low & near_lower_band
2025-09-04,neutral,range,16.068128494681435,0,,18.747714285714284,0.07483503618561088,0,,20.905785714285717,0.1347030651340996,1,mean_revert_long: rsi_low & near_lower_band,19.19514285714286,0.11225255427841635,0,,21.279554921671224,20.834978832865286,,-0.22995760495215833,0.08107522441377552,-0.31103282936593385,31.601731601731615,0.7457142857142858,21001512.0,21.651500000000002,23.305602077929493,19.997397922070512,0.15279330096570587,22.03065134099614,28.73563218390801,22.72566890272581,20.09,20.01,603976,S3,8,,19.19514285714286,0.11225255427841635,mean_revert_long: rsi_low & near_lower_band
2025-09-04,neutral,range,16.79679801926039,0,,14.532571428571428,0.06278686662122249,0,,16.271928571428575,0.11301635991820048,1,mean_revert_long: rsi_low & near_lower_band,14.951714285714285,0.09418029993183374,0,,16.780021661363783,16.830225436380047,,-0.293344011443601,-0.12509481856599303,-0.16824919287760798,26.94610778443115,0.6985714285714281,67403324.0,16.9705,18.10039007383346,15.840609926166545,0.13315931455566507,18.200408997954963,25.460122699386528,17.670927692408295,15.79,15.72,603978,S3,8,,14.951714285714285,0.09418029993183374,mean_revert_long: rsi_low & near_lower_band
2025-09-04,neutral,range,19.1305848402635,0,,12.950571428571429,0.09757965686274504,0,,14.38492857142857,0.17564338235294108,1,mean_revert_long: rsi_low & near_lower_band,13.183714285714286,0.14636948529411759,0,,14.607075355302594,14.822380782332408,,-0.2841865135586481,-0.12903574099049903,-0.15515077256814908,23.78854625550663,0.3885714285714288,2137871.0,14.773499999999999,15.7818498766223,13.765150123377698,0.13650791980536786,15.624999999999986,34.55882352941176,15.32002862848,13.65,13.73,605056,S3,9,,13.183714285714286,0.14636948529411759,mean_revert_long: rsi_low & near_lower_band
2025-09-04,neutral,range,14.454126221993018,0,,27.441,0.055647840531561486,0,,30.451500000000006,0.10016611295681069,1,mean_revert_long: rsi_low & near_lower_band,28.344,0.08347176079734224,0,,31.78596502502555,30.927840987053937,,0.12542093692941592,0.3705820821075229,-0.245161145178107,32.80721533258168,1.504999999999999,80071026.0,31.956500000000005,33.68666914293306,30.226330857066944,0.10828276832150323,18.889416231608887,29.473184622686293,34.94,30.15,31.29,605589,S3,7,,28.344,0.08347176079734224,mean_revert_long: rsi_low & near_lower_band
2025-09-04,neutral,range,9.498056908673934,0,,56.96571428571429,0.03877032520325205,0,,67.40928571428572,0.06978658536585369,1,mean_revert_long: rsi_low & near_lower_band,59.77714285714286,0.05815548780487808,0,,70.31951919092494,66.1984317734441,,-0.02107039401106192,1.2256098404136813,-1.2466802344247432,33.273056057866185,4.685714285714284,56362532.0,72.095,79.74791688456799,64.44208311543201,0.21230090532125628,24.45121951219514,26.15853658536588,77.83083111124382,65.4,67.47,688091,S3,4,,59.77714285714286,0.05815548780487808,mean_revert_long: rsi_low & near_lower_band
2025-09-04,neutral,range,14.990650910453683,0,,7.927285714285714,0.056295063782584566,0,,9.028214285714284,0.10133111480865221,1,mean_revert_long: rsi_low & near_lower_band,8.184857142857142,0.08444259567387685,0,,9.547904549752946,11.013809284328982,,-0.6232717730378159,-0.6739789232639106,0.05070715022609473,33.03964757709252,0.4292857142857144,-16774300.0,9.4575,10.19671366471778,8.718286335282219,0.15632327036061977,21.79700499168051,21.464226289517452,9.90328192755712,8.7,8.77,688096,S3,7,,8.184857142857142,0.08444259567387685,mean_revert_long: rsi_low & near_lower_band
2025-09-04,neutral,range,15.340857357168815,0,,22.191714285714284,0.05570570570570569,0,,26.208285714285715,0.10027027027027025,1,mean_revert_long: rsi_low & near_lower_band,22.921142857142854,0.08355855855855854,0,,26.833972643852608,26.257476227324428,,-0.4440594418458055,0.14476269233774222,-0.5888221341835477,32.593340060544904,1.215714285714286,-9359367.0,27.424,30.46221554275052,24.38578445724948,0.2215734789053764,18.213866039953,35.01762632197415,29.252815139328,24.38,24.63,688133,S3,7,,22.921142857142854,0.08355855855855854,mean_revert_long: rsi_low & near_lower_band
2025-09-04,neutral,range,12.972856199670474,0,,10.159714285714285,0.06692789968652035,0,,11.460285714285714,0.12047021943573663,1,mean_revert_long: rsi_low & near_lower_band,10.433142857142858,0.10039184952978053,0,,11.71892083939851,11.562308559175078,,-0.16589803177017437,-0.006961571657211771,-0.15893646011296259,25.448028673835125,0.4557142857142859,30156671.0,11.916,12.854271647344495,10.977728352655506,0.15748097471374534,15.360501567398149,31.191222570532876,12.495173461019753,10.98,11.16,688247,S3,6,,10.433142857142858,0.10039184952978053,mean_revert_long: rsi_low & near_lower_band
2025-09-04,neutral,range,16.58871283162469,0,,59.45842857142857,0.05495187345478988,0,,66.75757142857144,0.09891337221862179,1,mean_revert_long: rsi_low & near_lower_band,61.44228571428572,0.08242781018218483,0,,68.76366408514397,66.4552375604146,,-0.26907238194498007,0.7873092573661579,-1.0563816393111378,33.31868131868133,3.3064285714285697,16573072.0,70.06400000000001,74.92293815560551,65.2050618443945,0.13869999302367833,12.313674659753708,23.698422985526072,71.90822454315933,65.41,64.08,688281,S3,8,,61.44228571428572,0.08242781018218483,mean_revert_long: rsi_low & near_lower_band
2025-09-04,neutral,range,17.949329540555212,0,,19.162857142857145,0.10305555555555573,0,,21.103142857142856,0.18550000000000033,1,mean_revert_long: rsi_low & near_lower_band,19.48857142857143,0.15458333333333363,0,,21.4433852947516,21.37390231987815,,-0.2784379278167073,-0.0469079969320814,-0.2315299308846259,24.54545454545459,0.5428571428571419,75705491.0,21.645999999999997,22.860411705095768,20.431588294904227,0.11220656981389361,15.526315789473706,35.00000000000006,22.270173390848,20.14,20.38,688289,S3,8,,19.48857142857143,0.15458333333333363,mean_revert_long: rsi_low & near_lower_band
2025-09-04,neutral,range,14.934579134854145,0,,40.98842857142857,0.04107138367151942,0,,53.187571428571424,0.07392849060873496,1,mean_revert_long: rsi_low & near_lower_band,42.882285714285715,0.06160707550727914,0,,55.77221719758415,54.808497191820706,,-0.6872610463643412,0.41201634664781794,-1.099277393012159,34.53209590100542,3.1564285714285734,6655097.0,56.343999999999994,62.781656978157564,49.906343021842424,0.22851260038895252,20.162932790224048,35.686806969902676,60.347185629184004,46.67,49.23,688297,S3,7,,42.882285714285715,0.06160707550727914,mean_revert_long: rsi_low & near_lower_band
2025-09-04,neutral,range,16.119531861657247,0,,28.93357142857143,0.06226180378852136,0,,34.16142857142857,0.11207124681933844,1,mean_revert_long: rsi_low & near_lower_band,29.775714285714287,0.09339270568278205,0,,34.97019060074926,34.35630652764911,,-0.7975494810312256,-0.1599807594179608,-0.6375687216132648,21.724524076147816,1.4035714285714282,39564777.0,35.565,38.969248120093056,32.16075187990694,0.19143810600832606,9.516539440203552,29.618320610687014,36.254232499712,31.46,32.5,688307,S3,8,,29.775714285714287,0.09339270568278205,mean_revert_long: rsi_low & near_lower_band
2025-09-04,neutral,range,16.667530094514547,0,,22.385285714285715,0.037398172269776306,0,,28.905214285714287,0.06731671008559734,1,mean_revert_long: rsi_low & near_lower_band,23.536857142857144,0.05609725840466445,0,,29.877383310770366,29.473428195354757,,-0.7293815165321469,0.07790399192419567,-0.8072855084563426,29.258675078864357,1.9192857142857136,37449158.0,30.8245,35.04528304034738,26.603716959652623,0.27385897843257007,15.519166356531446,27.72608857461854,31.80233943552,25.84,26.41,688369,S3,8,,23.536857142857144,0.05609725840466445,mean_revert_long: rsi_low & near_lower_band
2025-09-04,neutral,range,19.91430107161767,0,,43.36257142857143,0.06844327397374805,0,,47.85442857142857,0.1231978931527465,1,mean_revert_long: rsi_low & near_lower_band,44.501714285714286,0.10266491096062208,0,,48.947641337638345,48.359708874201885,,-0.727060939571011,-0.0414085022850468,-0.6856524372859643,26.515151515151516,1.8985714285714275,29979296.0,49.753,54.20016396914044,45.30583603085956,0.17876968098970678,15.650865312264857,26.0722347629797,52.201152913407995,46.78,46.0,688408,S3,9,,44.501714285714286,0.10266491096062208,mean_revert_long: rsi_low & near_lower_band
2025-09-04,neutral,range,19.329256310177847,0,,23.508428571428574,0.07704229051746782,0,,25.847071428571425,0.1386761229314421,1,mean_revert_long: rsi_low & near_lower_band,24.052285714285716,0.11556343577620176,0,,26.345850951427334,25.884447608926834,,-0.18404982785613555,0.14086621025344756,-0.32491603810958314,32.541567695962044,0.9064285714285713,13989169.0,26.753499999999995,28.45880164024153,25.048198359758462,0.12748250810111075,14.184397163120574,25.531914893617014,27.789322367999997,25.14,25.0,688420,S3,9,,24.052285714285716,0.11556343577620176,mean_revert_long: rsi_low & near_lower_band
2025-09-04,neutral,range,19.071889014769717,0,,5.107000000000001,0.08168168168168174,0,,5.726,0.14702702702702716,1,mean_revert_long: rsi_low & near_lower_band,5.218000000000001,0.12252252252252264,0,,5.796835077488839,5.480837645021727,,-0.0059452454969717294,0.10053371057622343,-0.10647895607319516,34.482758620689694,0.18499999999999986,-491156564.0,5.911,6.345215566158994,5.476784433841005,0.14691780279444913,24.710424710424718,34.36293436293435,6.229380756500481,5.44,5.51,688425,S3,9,,5.218000000000001,0.12252252252252264,mean_revert_long: rsi_low & near_lower_band
2025-09-04,neutral,range,16.77932790556815,0,,54.84242857142857,0.030923922585524618,0,,70.15707142857143,0.05566306065394431,1,mean_revert_long: rsi_low & near_lower_band,58.36828571428571,0.046385883878286925,0,,72.78728785145908,66.28542359226024,,-0.005392837550061813,2.0861229431314525,-2.0915157806815143,30.685920577617324,5.8764285714285736,38490124.0,76.0335,87.95337332147464,64.11362667852536,0.3135426705721725,14.768445362829707,23.775373769296216,80.58832538241023,65.42,67.49,688500,S3,8,,58.36828571428571,0.046385883878286925,mean_revert_long: rsi_low & near_lower_band
2025-09-04,neutral,range,10.561761605102102,0,,8.977285714285715,0.07074701820464538,0,,9.827214285714286,0.12734463276836167,1,mean_revert_long: rsi_low & near_lower_band,9.204857142857144,0.10612052730696805,0,,10.095999918503203,9.926352063347686,,-0.09038889165324804,-0.005640370533580267,-0.08474852111966777,34.48275862068964,0.37928571428571406,9965923.0,10.2065,10.833549062128203,9.579450937871798,0.12287249539571891,19.962335216572527,28.625235404896394,10.449958089770455,9.66,10.0,688505,S3,5,,9.204857142857144,0.10612052730696805,mean_revert_long: rsi_low & near_lower_band
2025-09-04,neutral,range,18.886446622905662,0,,54.39242857142857,0.04397661896279919,0,,62.94657142857144,0.07915791413303855,1,mean_revert_long: rsi_low & near_lower_band,56.71828571428571,0.0659649284441988,0,,66.6945648247182,66.20242627801747,,-1.8654545397814957,-1.2313113300885294,-0.6341432096929662,16.141957641671453,3.87642857142857,-98922708.0,66.82300000000001,73.21014861017211,60.4358513898279,0.19116617362800545,18.721208770960043,26.68140777593518,73.75983486929556,61.37,63.0,688520,S3,9,,56.71828571428571,0.0659649284441988,mean_revert_long: rsi_low & near_lower_band
2025-09-04,neutral,range,10.298329331593834,0,,50.88957142857143,0.11100101172409682,0,,55.59292857142858,0.1998018211033743,1,mean_revert_long: rsi_low & near_lower_band,51.68971428571428,0.16650151758614526,0,,56.6936648250378,56.711278766270624,,-0.5103138509621772,-0.09020467294001872,-0.42010917802215847,31.263858093126373,1.3335714285714293,15581344.0,56.92650000000001,59.36837395683172,54.484626043168305,0.08579041243820386,21.799678628816313,33.743974290305275,58.839028361215995,53.29,54.48,688563,S3,5,,51.68971428571428,0.16650151758614526,mean_revert_long: rsi_low & near_lower_band
2025-09-04,neutral,range,19.998098414575676,0,,66.11014285714286,0.057889323184529946,0,,76.91635714285714,0.10420078173215391,1,mean_revert_long: rsi_low & near_lower_band,68.19342857142857,0.08683398477679492,0,,78.04209256673877,75.65470247195472,,-0.7858746840308868,0.849931004029731,-1.6358056880606178,32.088763649172236,3.472142857142856,1691624.0,80.3885,89.51926528757848,71.25773471242151,0.22716595750831237,11.005965850647977,27.813207159020777,84.67396910524414,72.36,74.3,688581,S3,9,,68.19342857142857,0.08683398477679492,mean_revert_long: rsi_low & near_lower_band
2025-09-04,neutral,range,19.334602999535814,0,,56.581857142857146,0.024433061516873227,0,,78.62964285714285,0.04397951073037181,1,mean_revert_long: rsi_low & near_lower_band,61.43457142857143,0.036649592275309846,0,,82.69279432545422,65.74474178234512,,4.141171796636684,7.305410499991095,-3.1642387033544113,33.535249387807696,8.087857142857143,217989760.0,86.7175,99.79090711843017,73.64409288156983,0.30151715901473564,22.644175571844908,32.5973681886426,102.14,71.14,79.5,688585,S3,9,,61.43457142857143,0.036649592275309846,mean_revert_long: rsi_low & near_lower_band
2025-09-04,neutral,range,19.768157450979178,0,,7.790571428571428,0.06891701828410683,0,,8.80942857142857,0.1240506329113923,1,mean_revert_long: rsi_low & near_lower_band,7.993714285714286,0.10337552742616025,0,,8.977134047309015,8.895396834630045,,-0.09542673827893822,0.03869563060085897,-0.13412236887979717,24.742268041237068,0.33857142857142886,66927396.0,9.148,9.889310361880614,8.406689638119385,0.16207047701806182,14.76793248945145,29.957805907173007,9.59102052882432,8.4,8.44,688602,S3,9,,7.993714285714286,0.10337552742616025,mean_revert_long: rsi_low & near_lower_band
2025-09-04,neutral,range,15.042256026435513,0,,29.254714285714286,0.05063511164594198,0,,35.57328571428572,0.09114320096269556,1,mean_revert_long: rsi_low & near_lower_band,30.32314285714286,0.07595266746891297,0,,36.700809497879504,35.526713046702895,,-0.22421405206610956,0.4635035188337166,-0.6877175708998262,30.442324371205572,1.7807142857142857,20538352.0,37.354,40.463079403431486,34.24492059656851,0.16646567454256503,18.45166466105095,29.643000401123178,39.00363100510708,32.46,34.31,688636,S3,7,,30.32314285714286,0.07595266746891297,mean_revert_long: rsi_low & near_lower_band
