code,event_date,y_prob,prob_day1,prob_day2,prob_day3,prob_day4,prob_day5,prob_day6,prob_event,type,prob,
10,7/9/25,0.879068136,0.570098579,0.527071834,0.484978646,0.430270821,0.528543234,0.555403113,0.879068136,,,
10,7/10/25,0.902083039,0.527071834,0.484978646,0.430270821,0.528543234,0.555403113,0.879068136,0.902083039,,,
10,7/11/25,0.94291091,0.484978646,0.430270821,0.528543234,0.555403113,0.879068136,0.902083039,0.94291091,,,
10,8/8/25,0.910720587,0.645076156,0.807053506,0.768550277,0.837664604,0.769753754,0.809290588,0.910720587,,,
10,8/11/25,0.912645817,0.807053506,0.768550277,0.837664604,0.769753754,0.809290588,0.910720587,0.912645817,,,
14,8/12/25,0.856360078,0.44135952,0.399155617,0.483408898,0.547309637,0.436006755,0.654482901,0.856360078,,,
26,7/2/25,0.891493142,0.600263596,0.694281876,0.829300463,0.899505377,0.925678015,0.794237196,0.891493142,,,
26,7/3/25,0.856236756,0.694281876,0.829300463,0.899505377,0.925678015,0.794237196,0.891493142,0.856236756,,,
26,8/11/25,0.870772958,0.488873631,0.622779667,0.726430118,0.674612701,0.830782115,0.778491318,0.870772958,,,
37,7/7/25,0.881103992,0.375076443,0.359515429,0.503139794,0.481531173,0.493937522,0.806594431,0.881103992,,,
70,8/13/25,0.898490012,0.377289236,0.408865005,0.688983262,0.606639087,0.794382989,0.827581465,0.898490012,,,
603221,8/14/25,0.923118234,0.385839671,0.324811459,0.343277216,0.321156114,0.269015878,0.769052386,0.923118234,12,7.5,1
514,7/7/25,0.881349683,0.379552513,0.395095825,0.35551852,0.472169578,0.503708959,0.627703667,0.881349683,,,
514,7/8/25,0.882150412,0.395095825,0.35551852,0.472169578,0.503708959,0.627703667,0.881349683,0.882150412,,,
514,7/9/25,0.917305589,0.35551852,0.472169578,0.503708959,0.627703667,0.881349683,0.882150412,0.917305589,,,
514,7/10/25,0.859063745,0.472169578,0.503708959,0.627703667,0.881349683,0.882150412,0.917305589,0.859063745,,,
514,7/16/25,0.85251534,0.882150412,0.917305589,0.859063745,0.816305399,0.649863958,0.620067477,0.85251534,,,
533,8/4/25,0.86673981,0.498045355,0.41195938,0.275549203,0.189909726,0.188111395,0.516342521,0.86673981,,,
534,8/8/25,0.857327104,0.20425792,0.673236012,0.824150562,0.772916973,0.673823833,0.644483328,0.857327104,,,
545,8/14/25,0.876820922,0.37356472,0.399188548,0.471357286,0.704631805,0.620094299,0.616984248,0.876820922,2,7.3,
546,7/18/25,0.868589103,0.576224029,0.430279285,0.544316411,0.558893263,0.495361537,0.521831572,0.868589103,,,
558,7/28/25,0.875672221,0.4751302,0.619835079,0.629411221,0.671505451,0.740941226,0.839190245,0.875672221,,,
558,7/31/25,0.854955256,0.671505451,0.740941226,0.839190245,0.875672221,0.818217337,0.801787972,0.854955256,,,
558,8/1/25,0.882524848,0.740941226,0.839190245,0.875672221,0.818217337,0.801787972,0.854955256,0.882524848,,,
558,8/4/25,0.885780513,0.839190245,0.875672221,0.818217337,0.801787972,0.854955256,0.882524848,0.885780513,,,
561,8/13/25,0.885281146,0.69305402,0.633583367,0.546504378,0.608664334,0.43706432,0.82205534,0.885281146,,,
700,8/14/25,0.875214875,0.398721039,0.360220045,0.328854829,0.272739679,0.381501377,0.788900018,0.875214875,2,7.3,
572,7/24/25,0.855139256,0.53592205,0.607409656,0.516983271,0.554854631,0.543230116,0.622042418,0.855139256,,,
590,7/10/25,0.872053266,0.686870694,0.665206611,0.562980056,0.550480723,0.652129829,0.783085167,0.872053266,,,
590,7/17/25,0.870270848,0.783085167,0.872053266,0.800326645,0.786410511,0.791318417,0.845581472,0.870270848,,,
590,8/11/25,0.865543425,0.496470988,0.489562243,0.507205963,0.442147076,0.40427658,0.582050383,0.865543425,,,
601,7/7/25,0.931601644,0.439625949,0.312847078,0.546792209,0.412865549,0.437496364,0.790792167,0.931601644,,,
607,7/8/25,0.885040879,0.729823291,0.695457339,0.605857193,0.700825751,0.814951897,0.711010754,0.885040879,,,
607,7/9/25,0.912827075,0.695457339,0.605857193,0.700825751,0.814951897,0.711010754,0.885040879,0.912827075,,,
607,7/10/25,0.928222537,0.605857193,0.700825751,0.814951897,0.711010754,0.885040879,0.912827075,0.928222537,,,
607,7/11/25,0.934391499,0.700825751,0.814951897,0.711010754,0.885040879,0.912827075,0.928222537,0.934391499,,,
633,7/1/25,0.972627282,0.781803548,0.858543098,0.858612418,0.884497523,0.826878488,0.897536755,0.972627282,,,
655,7/9/25,0.890362024,0.278682142,0.338463306,0.428802878,0.380862772,0.269926101,0.734585464,0.890362024,,,
655,7/10/25,0.870576262,0.338463306,0.428802878,0.380862772,0.269926101,0.734585464,0.890362024,0.870576262,,,
657,7/24/25,0.885749817,0.516808867,0.418733031,0.488953859,0.529627621,0.735084891,0.749244571,0.885749817,,,
680,7/28/25,0.852684855,0.177697122,0.481711447,0.679829538,0.521574497,0.486610085,0.464736432,0.852684855,,,
2939,8/14/25,0.895360053,0.132896304,0.145946667,0.121550575,0.27901572,0.241067886,0.520040274,0.895360053,2,7.3,2
702,7/11/25,0.87090224,0.655777395,0.604699731,0.606692612,0.504011989,0.560843408,0.595721424,0.87090224,,,
705,7/17/25,0.912411571,0.237098828,0.240035176,0.314850718,0.328657538,0.379482359,0.777189016,0.912411571,,,
716,8/5/25,0.8579036,0.233592063,0.253019482,0.434455782,0.36466527,0.539526343,0.807823002,0.8579036,,,
716,8/6/25,0.890010238,0.253019482,0.434455782,0.36466527,0.539526343,0.807823002,0.8579036,0.890010238,,,
716,8/7/25,0.903483808,0.434455782,0.36466527,0.539526343,0.807823002,0.8579036,0.890010238,0.903483808,,,
796,7/8/25,0.858413458,0.526524365,0.445462137,0.572391868,0.576442242,0.606292784,0.676428616,0.858413458,,,
796,7/22/25,0.919354618,0.777824044,0.719340265,0.770231247,0.812142611,0.825115144,0.777988255,0.919354618,,,
796,7/24/25,0.896934748,0.770231247,0.812142611,0.825115144,0.777988255,0.919354618,0.846313775,0.896934748,,,
796,7/25/25,0.860654712,0.812142611,0.825115144,0.777988255,0.919354618,0.846313775,0.896934748,0.860654712,,,
796,7/31/25,0.911937773,0.846313775,0.896934748,0.860654712,0.841385603,0.737732053,0.721331537,0.911937773,,,
838,7/7/25,0.873278975,0.302057445,0.247638226,0.231093213,0.285627693,0.80907923,0.670804083,0.873278975,,,
838,7/9/25,0.8667382,0.231093213,0.285627693,0.80907923,0.670804083,0.873278975,0.719053984,0.8667382,,,
838,7/11/25,0.862687528,0.80907923,0.670804083,0.873278975,0.719053984,0.8667382,0.779979229,0.862687528,,,
892,7/1/25,0.850163698,0.904898286,0.932242215,0.884564102,0.916338503,0.883891284,0.76651299,0.850163698,,,
892,7/9/25,0.879125476,0.850163698,0.848200142,0.820694268,0.778675854,0.690732956,0.764007032,0.879125476,,,
892,7/10/25,0.911983967,0.848200142,0.820694268,0.778675854,0.690732956,0.764007032,0.879125476,0.911983967,,,
901,8/8/25,0.891070426,0.44337377,0.339814782,0.397636414,0.730575562,0.805579185,0.718394637,0.891070426,,,
901,8/11/25,0.890390337,0.339814782,0.397636414,0.730575562,0.805579185,0.718394637,0.891070426,0.890390337,,,
901,8/13/25,0.896310329,0.730575562,0.805579185,0.718394637,0.891070426,0.890390337,0.835832775,0.896310329,,,
603222,8/14/25,0.864817619,0.321861506,0.26864323,0.299137443,0.486970037,0.46736151,0.635777831,0.864817619,2,7.3,3
965,7/15/25,0.859133244,0.503584743,0.581081152,0.506177366,0.667457402,0.801707506,0.726222992,0.859133244,,,
989,7/9/25,0.854570389,0.400535733,0.384384781,0.772527397,0.761543453,0.707418263,0.674436569,0.854570389,,,
1203,7/9/25,0.85961318,0.152430221,0.194413006,0.226646751,0.236803859,0.134648278,0.125006661,0.85961318,,,
1239,7/22/25,0.872706115,0.536019623,0.526607037,0.486275941,0.40382126,0.374386072,0.783947885,0.872706115,,,
1267,7/24/25,0.890867233,0.522023439,0.571311593,0.441026866,0.692208469,0.823651254,0.812959492,0.890867233,,,
1318,7/30/25,0.857038081,0.343469411,0.31101355,0.427623421,0.427374959,0.457412362,0.741667867,0.857038081,,,
1318,7/31/25,0.900390983,0.31101355,0.427623421,0.427374959,0.457412362,0.741667867,0.857038081,0.900390983,,,
1331,7/31/25,0.887200058,0.483111322,0.450051755,0.489797622,0.563692331,0.455171555,0.834331632,0.887200058,,,
1331,8/1/25,0.861840129,0.450051755,0.489797622,0.563692331,0.455171555,0.834331632,0.887200058,0.861840129,,,
1331,8/4/25,0.913830221,0.489797622,0.563692331,0.455171555,0.834331632,0.887200058,0.861840129,0.913830221,,,
1359,7/21/25,0.854742348,0.68707633,0.678817153,0.64531368,0.714579105,0.783059418,0.789061785,0.854742348,,,
1360,7/21/25,0.876033366,0.28541401,0.34675172,0.384137392,0.35657981,0.330083191,0.811011493,0.876033366,,,
1360,7/22/25,0.892884135,0.34675172,0.384137392,0.35657981,0.330083191,0.811011493,0.876033366,0.892884135,,,
2017,7/16/25,0.878420949,0.822340131,0.743949592,0.777615666,0.773004532,0.619459808,0.778153241,0.878420949,,,
2017,7/21/25,0.881591916,0.773004532,0.619459808,0.778153241,0.878420949,0.773981929,0.812404275,0.881591916,,,
2017,7/22/25,0.867569268,0.619459808,0.778153241,0.878420949,0.773981929,0.812404275,0.881591916,0.867569268,,,
2017,7/28/25,0.864999712,0.812404275,0.881591916,0.867569268,0.734176099,0.68317318,0.765554667,0.864999712,,,
2022,8/7/25,0.876431942,0.597372472,0.474664986,0.528660536,0.630991399,0.844581127,0.699285388,0.876431942,,,
2037,7/21/25,0.903156519,0.437295258,0.480865866,0.489261627,0.707812309,0.714344919,0.693926811,0.903156519,,,
2037,7/22/25,0.964612484,0.480865866,0.489261627,0.707812309,0.714344919,0.693926811,0.903156519,0.964612484,,,
2037,7/23/25,0.905596375,0.489261627,0.707812309,0.714344919,0.693926811,0.903156519,0.964612484,0.905596375,,,
2046,8/7/25,0.853436649,0.569170296,0.488420874,0.345575362,0.748236835,0.712812245,0.808538735,0.853436649,,,
2046,8/8/25,0.888772786,0.488420874,0.345575362,0.748236835,0.712812245,0.808538735,0.853436649,0.888772786,,,
2046,8/12/25,0.870099366,0.748236835,0.712812245,0.808538735,0.853436649,0.888772786,0.834647,0.870099366,,,
2052,8/13/25,0.872281849,0.245155662,0.277878702,0.357540816,0.306109995,0.696296275,0.835896611,0.872281849,,,
2082,7/15/25,0.870462894,0.474338859,0.425716966,0.485201508,0.381749153,0.354421496,0.458928049,0.870462894,,,
2082,7/16/25,0.885261714,0.425716966,0.485201508,0.381749153,0.354421496,0.458928049,0.870462894,0.885261714,,,
2086,7/15/25,0.85093075,0.700157642,0.469434887,0.28952992,0.459504932,0.367798865,0.501348794,0.85093075,,,
2090,7/22/25,0.861272037,0.605974257,0.546154797,0.478836596,0.562542558,0.633434057,0.818297327,0.861272037,,,
2097,7/22/25,0.861703336,0.182539165,0.188684776,0.166258633,0.167579591,0.218672916,0.757418454,0.861703336,,,
2097,7/23/25,0.899864912,0.188684776,0.166258633,0.167579591,0.218672916,0.757418454,0.861703336,0.899864912,,,
2097,7/24/25,0.908525229,0.166258633,0.167579591,0.218672916,0.757418454,0.861703336,0.899864912,0.908525229,,,
2097,7/29/25,0.895491004,0.757418454,0.861703336,0.899864912,0.908525229,0.692896247,0.770764649,0.895491004,,,
2097,7/31/25,0.870902359,0.899864912,0.908525229,0.692896247,0.770764649,0.895491004,0.815484524,0.870902359,,,
2097,8/1/25,0.866281807,0.908525229,0.692896247,0.770764649,0.895491004,0.815484524,0.870902359,0.866281807,,,
2098,7/7/25,0.867085755,0.543728948,0.465002,0.418587267,0.292708784,0.205751523,0.513476729,0.867085755,,,
2104,8/12/25,0.866129875,0.743694067,0.75933671,0.687550008,0.712521672,0.773199618,0.829771161,0.866129875,,,
2107,7/14/25,0.900249124,0.532515109,0.476251483,0.365448654,0.36081171,0.802784979,0.793119252,0.900249124,,,
2121,7/10/25,0.896828592,0.238852754,0.183240756,0.170685947,0.249378085,0.354844034,0.743310213,0.896828592,,,
2133,7/15/25,0.88367039,0.454466641,0.571816385,0.585040689,0.625846088,0.568330705,0.494122803,0.88367039,,,
2148,8/5/25,0.901535094,0.585236609,0.461172253,0.471468866,0.465428203,0.42277658,0.784595072,0.901535094,,,
2148,8/6/25,0.922736108,0.461172253,0.471468866,0.465428203,0.42277658,0.784595072,0.901535094,0.922736108,,,
2148,8/7/25,0.917175174,0.471468866,0.465428203,0.42277658,0.784595072,0.901535094,0.922736108,0.917175174,,,
2148,8/13/25,0.856571615,0.901535094,0.922736108,0.917175174,0.51115483,0.628850579,0.846540451,0.856571615,,,
2161,7/25/25,0.860341728,0.701551795,0.60528791,0.574989915,0.563801169,0.557248712,0.582439661,0.860341728,,,
2163,7/24/25,0.878785729,0.551930368,0.574094176,0.627642632,0.694492936,0.79116106,0.78349787,0.878785729,,,
2164,8/8/25,0.861723363,0.323742807,0.278017282,0.451871216,0.651200235,0.732649207,0.679599941,0.861723363,,,
2164,8/11/25,0.884198129,0.278017282,0.451871216,0.651200235,0.732649207,0.679599941,0.861723363,0.884198129,,,
2167,7/24/25,0.854104161,0.578381896,0.509320259,0.768015802,0.847375333,0.749756157,0.79523176,0.854104161,,,
2167,7/28/25,0.862642109,0.768015802,0.847375333,0.749756157,0.79523176,0.854104161,0.738200068,0.862642109,,,
2173,7/1/25,0.894722998,0.755410314,0.816209853,0.795527935,0.708212674,0.768956721,0.809561014,0.894722998,,,
2173,8/5/25,0.855846882,0.545870125,0.53023231,0.597519815,0.781383395,0.732499838,0.64285171,0.855846882,,,
2173,8/7/25,0.903379261,0.597519815,0.781383395,0.732499838,0.64285171,0.855846882,0.737434745,0.903379261,,,
2173,8/8/25,0.866751909,0.781383395,0.732499838,0.64285171,0.855846882,0.737434745,0.903379261,0.866751909,,,
2173,8/11/25,0.85309875,0.732499838,0.64285171,0.855846882,0.737434745,0.903379261,0.866751909,0.85309875,,,
2173,8/13/25,0.907883465,0.855846882,0.737434745,0.903379261,0.866751909,0.85309875,0.84403646,0.907883465,,,
561,8/14/25,0.909946859,0.633583367,0.546504378,0.608664334,0.43706432,0.82205534,0.885281146,0.909946859,1,7.2,
2176,7/25/25,0.85128653,0.340621114,0.528868079,0.508844614,0.740164578,0.82926774,0.761820197,0.85128653,,,
2178,7/17/25,0.855601072,0.337193996,0.358522832,0.49890092,0.416129827,0.546384394,0.62774682,0.855601072,,,
2178,7/18/25,0.878226042,0.358522832,0.49890092,0.416129827,0.546384394,0.62774682,0.855601072,0.878226042,,,
2178,7/25/25,0.904487908,0.855601072,0.878226042,0.773849189,0.788909853,0.813015521,0.707858086,0.904487908,,,
2201,7/7/25,0.912721515,0.290174961,0.500959992,0.602223456,0.535728097,0.515746832,0.776625037,0.912721515,,,
2201,7/8/25,0.930868924,0.500959992,0.602223456,0.535728097,0.515746832,0.776625037,0.912721515,0.930868924,,,
2201,7/9/25,0.851947904,0.602223456,0.535728097,0.515746832,0.776625037,0.912721515,0.930868924,0.851947904,,,
2205,7/22/25,0.908612549,0.530896425,0.47616747,0.40168643,0.354587853,0.421809286,0.79698801,0.908612549,,,
2205,7/24/25,0.859201014,0.40168643,0.354587853,0.421809286,0.79698801,0.908612549,0.73478061,0.859201014,,,
2205,7/28/25,0.908676028,0.421809286,0.79698801,0.908612549,0.73478061,0.859201014,0.692720115,0.908676028,,,
2205,8/11/25,0.878056705,0.637381971,0.572482526,0.402050108,0.466114163,0.429336429,0.796636879,0.878056705,,,
2209,7/15/25,0.884484649,0.335860074,0.391402096,0.344434053,0.318312138,0.764886439,0.84881115,0.884484649,,,
2209,7/16/25,0.912526786,0.391402096,0.344434053,0.318312138,0.764886439,0.84881115,0.884484649,0.912526786,,,
2218,7/9/25,0.864423692,0.454964697,0.611413598,0.657426596,0.534906745,0.571887255,0.81929785,0.864423692,,,
2218,7/10/25,0.932194829,0.611413598,0.657426596,0.534906745,0.571887255,0.81929785,0.864423692,0.932194829,,,
2225,7/8/25,0.850636005,0.298494548,0.310070217,0.246746227,0.527801633,0.385122746,0.608384311,0.850636005,,,
2229,7/16/25,0.854010403,0.817411423,0.768129468,0.70176208,0.723062754,0.625479579,0.552818835,0.854010403,,,
2229,7/17/25,0.881619513,0.768129468,0.70176208,0.723062754,0.625479579,0.552818835,0.854010403,0.881619513,,,
2235,7/1/25,0.890474379,0.847006977,0.871065319,0.889509737,0.853150368,0.821069837,0.767956197,0.890474379,,,
2246,7/21/25,0.871316493,0.340179235,0.539676547,0.463019073,0.414614171,0.710098922,0.771804452,0.871316493,,,
2246,7/22/25,0.899475098,0.539676547,0.463019073,0.414614171,0.710098922,0.771804452,0.871316493,0.899475098,,,
2248,8/6/25,0.852915943,0.467219174,0.292563945,0.383041322,0.342681944,0.783989072,0.681333661,0.852915943,,,
2263,7/1/25,0.882407069,0.389368951,0.851837754,0.902230203,0.88125515,0.915481269,0.924794078,0.882407069,,,
2265,7/1/25,0.90316236,0.778472662,0.796343327,0.824492157,0.894423485,0.862635612,0.901227355,0.90316236,,,
2265,7/21/25,0.863545418,0.633411527,0.707142115,0.669474721,0.681533158,0.792693734,0.722556174,0.863545418,,,
2265,7/23/25,0.85524708,0.669474721,0.681533158,0.792693734,0.722556174,0.863545418,0.802846491,0.85524708,,,
2266,7/22/25,0.864412606,0.241862103,0.254011452,0.401826918,0.394959569,0.412759423,0.688593924,0.864412606,,,
2266,7/23/25,0.892441452,0.254011452,0.401826918,0.394959569,0.412759423,0.688593924,0.864412606,0.892441452,,,
2295,7/3/25,0.921990931,0.524354279,0.672488272,0.594485283,0.536197364,0.415622056,0.839483857,0.921990931,,,
2297,7/22/25,0.900187492,0.497478455,0.452978134,0.387556791,0.46068573,0.476661742,0.771144092,0.900187492,,,
2297,7/23/25,0.953315377,0.452978134,0.387556791,0.46068573,0.476661742,0.771144092,0.900187492,0.953315377,,,
2297,7/29/25,0.850183308,0.771144092,0.900187492,0.953315377,0.746402502,0.551953197,0.636862993,0.850183308,,,
2298,8/13/25,0.902827978,0.429635882,0.531184018,0.566162348,0.502761245,0.746881962,0.823350191,0.902827978,,,
2302,7/22/25,0.931465924,0.148436844,0.147896871,0.146487877,0.096772715,0.095405065,0.67811197,0.931465924,,,
2302,8/11/25,0.892700374,0.154336378,0.153223693,0.207295641,0.242082834,0.200313315,0.697228014,0.892700374,,,
2307,8/8/25,0.851463556,0.353093088,0.28761223,0.275127441,0.34278062,0.369225085,0.525921643,0.851463556,,,
2307,8/11/25,0.919546902,0.28761223,0.275127441,0.34278062,0.369225085,0.525921643,0.851463556,0.919546902,,,
2307,8/12/25,0.925231218,0.275127441,0.34278062,0.369225085,0.525921643,0.851463556,0.919546902,0.925231218,,,
2314,7/3/25,0.883764684,0.289215147,0.236502245,0.295986831,0.277008325,0.333727658,0.785008609,0.883764684,,,
2314,7/10/25,0.896071672,0.785008609,0.883764684,0.623758793,0.754745841,0.590245247,0.78433007,0.896071672,,,
2329,7/17/25,0.886201978,0.593362927,0.539079309,0.463547707,0.375777602,0.631769419,0.818372846,0.886201978,,,
2342,7/3/25,0.900102437,0.657150209,0.819843054,0.750588238,0.724166811,0.746334791,0.817923129,0.900102437,,,
2354,8/7/25,0.850247502,0.391911626,0.359235942,0.424862683,0.399159342,0.380410135,0.563190579,0.850247502,,,
2356,7/9/25,0.86875546,0.423549235,0.324412674,0.385167897,0.402148634,0.500268757,0.511472642,0.86875546,,,
2356,7/11/25,0.926171958,0.385167897,0.402148634,0.500268757,0.511472642,0.86875546,0.848013043,0.926171958,,,
2360,7/22/25,0.907669723,0.419579685,0.439801395,0.339132518,0.417963177,0.468541414,0.77191025,0.907669723,,,
2370,7/16/25,0.890708208,0.681221604,0.732034385,0.672963142,0.668050766,0.686497688,0.736218154,0.890708208,,,
2370,7/17/25,0.920612097,0.732034385,0.672963142,0.668050766,0.686497688,0.736218154,0.890708208,0.920612097,,,
2370,7/18/25,0.857712448,0.672963142,0.668050766,0.686497688,0.736218154,0.890708208,0.920612097,0.857712448,,,
2370,7/21/25,0.897600472,0.668050766,0.686497688,0.736218154,0.890708208,0.920612097,0.857712448,0.897600472,,,
2370,7/23/25,0.894621193,0.736218154,0.890708208,0.920612097,0.857712448,0.897600472,0.842214346,0.894621193,,,
2370,7/24/25,0.903376937,0.890708208,0.920612097,0.857712448,0.897600472,0.842214346,0.894621193,0.903376937,,,
2370,7/25/25,0.901993513,0.920612097,0.857712448,0.897600472,0.842214346,0.894621193,0.903376937,0.901993513,,,
2370,7/28/25,0.91999495,0.857712448,0.897600472,0.842214346,0.894621193,0.903376937,0.901993513,0.91999495,,,
2370,7/29/25,0.905601442,0.897600472,0.842214346,0.894621193,0.903376937,0.901993513,0.91999495,0.905601442,,,
2370,8/1/25,0.91201508,0.903376937,0.901993513,0.91999495,0.905601442,0.832937598,0.819465458,0.91201508,,,
2370,8/4/25,0.926672995,0.901993513,0.91999495,0.905601442,0.832937598,0.819465458,0.91201508,0.926672995,,,
2370,8/5/25,0.872168779,0.91999495,0.905601442,0.832937598,0.819465458,0.91201508,0.926672995,0.872168779,,,
2370,8/6/25,0.866186321,0.905601442,0.832937598,0.819465458,0.91201508,0.926672995,0.872168779,0.866186321,,,
2370,8/11/25,0.883182168,0.91201508,0.926672995,0.872168779,0.866186321,0.790691376,0.796298742,0.883182168,,,
2370,8/13/25,0.857544839,0.872168779,0.866186321,0.790691376,0.796298742,0.883182168,0.801136255,0.857544839,,,
2377,7/8/25,0.875682533,0.414674759,0.374672294,0.341982514,0.327320307,0.408508509,0.682002366,0.875682533,,,
2401,7/14/25,0.850519836,0.420645863,0.439757615,0.52388829,0.3598423,0.297202647,0.70342046,0.850519836,,,
2401,7/23/25,0.859079242,0.676033437,0.667677104,0.664505541,0.694448471,0.789166451,0.758819044,0.859079242,,,
2413,7/3/25,0.876960695,0.79055661,0.812586725,0.679278553,0.673484862,0.794083178,0.668644309,0.876960695,,,
2622,8/14/25,0.873737335,0.37362656,0.517323315,0.714748144,0.759457409,0.814743817,0.790947914,0.873737335,2,7.2,
2424,8/1/25,0.860566258,0.555754304,0.482319504,0.334289074,0.341584027,0.268663675,0.747067809,0.860566258,,,
2437,8/1/25,0.852301955,0.711952507,0.799401104,0.681885779,0.816182971,0.779017448,0.802086055,0.852301955,,,
2497,7/22/25,0.852777719,0.41395846,0.35655275,0.330566287,0.34271121,0.424970776,0.713443339,0.852777719,,,
2536,8/13/25,0.859850466,0.526749969,0.787070394,0.71802789,0.730134606,0.785825968,0.758592129,0.859850466,,,
603813,8/14/25,0.859594941,0.265536457,0.08644437,0.113931887,0.165098548,0.330538034,0.692317784,0.859594941,2,7.2,
2542,7/17/25,0.854394197,0.632085979,0.604694605,0.507386208,0.385818511,0.604279041,0.54762727,0.854394197,,,
2542,7/21/25,0.851768613,0.507386208,0.385818511,0.604279041,0.54762727,0.854394197,0.814023972,0.851768613,,,
2542,7/22/25,0.945138514,0.385818511,0.604279041,0.54762727,0.854394197,0.814023972,0.851768613,0.945138514,,,
2546,7/10/25,0.866817772,0.365570456,0.277209401,0.384621829,0.619079411,0.620957911,0.686177671,0.866817772,,,
2549,7/1/25,0.900927305,0.612706423,0.636152804,0.605377674,0.704729795,0.601890922,0.828721821,0.900927305,,,
2549,7/2/25,0.890169263,0.636152804,0.605377674,0.704729795,0.601890922,0.828721821,0.900927305,0.890169263,,,
2549,7/7/25,0.852801204,0.601890922,0.828721821,0.900927305,0.890169263,0.834321022,0.715732098,0.852801204,,,
2549,8/13/25,0.874616683,0.526408732,0.703082502,0.709730685,0.6812675,0.62148416,0.822888672,0.874616683,,,
2550,7/16/25,0.860879958,0.716525614,0.659964383,0.760204315,0.738432765,0.724614561,0.761710763,0.860879958,,,
2550,7/17/25,0.859870374,0.659964383,0.760204315,0.738432765,0.724614561,0.761710763,0.860879958,0.859870374,,,
2550,7/18/25,0.881284714,0.760204315,0.738432765,0.724614561,0.761710763,0.860879958,0.859870374,0.881284714,,,
2551,8/7/25,0.868835986,0.596296787,0.59209913,0.66460675,0.630244017,0.669784784,0.605529189,0.868835986,,,
2551,8/8/25,0.89331609,0.59209913,0.66460675,0.630244017,0.669784784,0.605529189,0.868835986,0.89331609,,,
2562,7/7/25,0.894240379,0.549794614,0.662062764,0.650794089,0.616669118,0.544306099,0.829007208,0.894240379,,,
2562,7/9/25,0.850721896,0.650794089,0.616669118,0.544306099,0.829007208,0.894240379,0.693070173,0.850721896,,,
2562,7/14/25,0.857518256,0.829007208,0.894240379,0.693070173,0.850721896,0.786993086,0.670795202,0.857518256,,,
2562,8/13/25,0.885145426,0.708620906,0.672457576,0.684493423,0.72249198,0.715648949,0.632148147,0.885145426,,,
2579,7/3/25,0.891803801,0.836081922,0.88668263,0.806040287,0.863101065,0.786362231,0.829074085,0.891803801,,,
2581,7/3/25,0.858795345,0.485609114,0.349217206,0.359071523,0.509474874,0.822100163,0.708536744,0.858795345,,,
2596,7/21/25,0.855199814,0.53429991,0.666482747,0.611708939,0.754202425,0.828290761,0.781880021,0.855199814,,,
2596,7/22/25,0.861465752,0.666482747,0.611708939,0.754202425,0.828290761,0.781880021,0.855199814,0.861465752,,,
2596,7/24/25,0.904156625,0.754202425,0.828290761,0.781880021,0.855199814,0.861465752,0.741334677,0.904156625,,,
2418,8/14/25,0.879059315,0.729335964,0.697415173,0.502079189,0.806380987,0.750532746,0.636774361,0.879059315,2,7.1,
2623,7/3/25,0.927422941,0.49120301,0.305825055,0.406856418,0.622901082,0.508343875,0.81999588,0.927422941,,,
2623,7/14/25,0.874982715,0.695598423,0.344955802,0.643677354,0.676151097,0.686413229,0.583510697,0.874982715,,,
2636,7/4/25,0.948662639,0.341420859,0.308829755,0.378851533,0.464121401,0.367529333,0.760472119,0.948662639,,,
2636,7/7/25,0.915321767,0.308829755,0.378851533,0.464121401,0.367529333,0.760472119,0.948662639,0.915321767,,,
2636,7/8/25,0.900902033,0.378851533,0.464121401,0.367529333,0.760472119,0.948662639,0.915321767,0.900902033,,,
2636,7/9/25,0.961124837,0.464121401,0.367529333,0.760472119,0.948662639,0.915321767,0.900902033,0.961124837,,,
2640,7/9/25,0.877708912,0.836761355,0.649216652,0.723756671,0.582007051,0.711870611,0.655357122,0.877708912,,,
2640,7/10/25,0.915079117,0.649216652,0.723756671,0.582007051,0.711870611,0.655357122,0.877708912,0.915079117,,,
2644,7/29/25,0.870621145,0.241466671,0.180091903,0.478059471,0.564667583,0.442584842,0.781158626,0.870621145,,,
2644,7/30/25,0.900923252,0.180091903,0.478059471,0.564667583,0.442584842,0.781158626,0.870621145,0.900923252,,,
2645,7/11/25,0.860076368,0.388095498,0.370620489,0.321315348,0.611581981,0.530267954,0.672673285,0.860076368,,,
2645,7/14/25,0.904007196,0.370620489,0.321315348,0.611581981,0.530267954,0.672673285,0.860076368,0.904007196,,,
2645,7/15/25,0.912020147,0.321315348,0.611581981,0.530267954,0.672673285,0.860076368,0.904007196,0.912020147,,,
2645,7/16/25,0.946038842,0.611581981,0.530267954,0.672673285,0.860076368,0.904007196,0.912020147,0.946038842,,,
2645,7/18/25,0.927123606,0.672673285,0.860076368,0.904007196,0.912020147,0.946038842,0.842029929,0.927123606,,,
2645,7/21/25,0.897465944,0.860076368,0.904007196,0.912020147,0.946038842,0.842029929,0.927123606,0.897465944,,,
2645,7/23/25,0.850812435,0.912020147,0.946038842,0.842029929,0.927123606,0.897465944,0.790980995,0.850812435,,,
2651,8/6/25,0.883082688,0.573189318,0.531201482,0.540735602,0.512222707,0.804623961,0.800848126,0.883082688,,,
2651,8/7/25,0.860527217,0.531201482,0.540735602,0.512222707,0.804623961,0.800848126,0.883082688,0.860527217,,,
2652,7/23/25,0.870774448,0.587205052,0.620932937,0.548241496,0.838280737,0.77683115,0.745957494,0.870774448,,,
2652,8/1/25,0.884624839,0.784203708,0.841250062,0.809275448,0.848672748,0.822613299,0.820314467,0.884624839,,,
2657,7/10/25,0.859771192,0.630750954,0.551070809,0.752064168,0.802783847,0.77375412,0.804552615,0.859771192,,,
2658,7/1/25,0.870142519,0.420162737,0.422190249,0.581605136,0.507596076,0.365226448,0.799831748,0.870142519,,,
2658,7/2/25,0.918552101,0.422190249,0.581605136,0.507596076,0.365226448,0.799831748,0.870142519,0.918552101,,,
2658,7/3/25,0.91729635,0.581605136,0.507596076,0.365226448,0.799831748,0.870142519,0.918552101,0.91729635,,,
2669,7/2/25,0.85674274,0.589467347,0.492093235,0.561733663,0.232953832,0.354176491,0.735494077,0.85674274,,,
2706,8/8/25,0.852809548,0.743874848,0.604103625,0.578274131,0.780652165,0.704942107,0.736128807,0.852809548,,,
2716,7/14/25,0.89632988,0.563528776,0.548139453,0.545995474,0.537278175,0.487874806,0.798650205,0.89632988,,,
2721,7/3/25,0.92189306,0.49383691,0.407490373,0.733038127,0.679021955,0.825314105,0.779701293,0.92189306,,,
2724,7/2/25,0.852242708,0.516333282,0.586581945,0.724308252,0.799773097,0.752102077,0.699390173,0.852242708,,,
2735,7/9/25,0.855526805,0.640813887,0.632007778,0.602454245,0.626290798,0.793025434,0.706332564,0.855526805,,,
2774,7/16/25,0.908249199,0.300589174,0.379915386,0.536378026,0.585802317,0.638767123,0.621855199,0.908249199,,,
2775,7/25/25,0.855953157,0.391082227,0.491960943,0.652092636,0.665056229,0.729550064,0.697128534,0.855953157,,,
2775,7/31/25,0.855140448,0.729550064,0.697128534,0.855953157,0.55581826,0.780872166,0.789241195,0.855140448,,,
2775,8/1/25,0.898756266,0.697128534,0.855953157,0.55581826,0.780872166,0.789241195,0.855140448,0.898756266,,,
2775,8/4/25,0.889097869,0.855953157,0.55581826,0.780872166,0.789241195,0.855140448,0.898756266,0.889097869,,,
2775,8/5/25,0.918400943,0.55581826,0.780872166,0.789241195,0.855140448,0.898756266,0.889097869,0.918400943,,,
2778,7/21/25,0.85510987,0.383690149,0.47280243,0.42268464,0.709873199,0.785209179,0.764129043,0.85510987,,,
2783,7/22/25,0.878393352,0.430056661,0.371817648,0.356094033,0.331509084,0.30326125,0.728532553,0.878393352,,,
2799,8/1/25,0.871031225,0.354502916,0.462953895,0.422394335,0.369834304,0.266646117,0.767533302,0.871031225,,,
2800,8/11/25,0.882373154,0.388452142,0.348086566,0.551745057,0.430961251,0.422964603,0.752317369,0.882373154,,,
2811,8/1/25,0.855162442,0.361416012,0.341809958,0.355873853,0.303174466,0.278476387,0.605347335,0.855162442,,,
2820,8/13/25,0.885256827,0.374041408,0.325258732,0.39231807,0.423116326,0.774543762,0.820062518,0.885256827,,,
2826,7/25/25,0.880657971,0.555053413,0.494327903,0.623518169,0.629906535,0.686302185,0.820954442,0.880657971,,,
2827,7/21/25,0.8858096,0.63525027,0.633043468,0.642248511,0.683089077,0.713764787,0.65740937,0.8858096,,,
2882,7/1/25,0.868528783,0.861181259,0.819735467,0.828832924,0.758863628,0.838927925,0.844110727,0.868528783,,,
2883,7/22/25,0.883801937,0.407193333,0.583079875,0.66264385,0.63202697,0.486405969,0.80822891,0.883801937,,,
2883,7/23/25,0.885638714,0.583079875,0.66264385,0.63202697,0.486405969,0.80822891,0.883801937,0.885638714,,,
2883,7/24/25,0.902276695,0.66264385,0.63202697,0.486405969,0.80822891,0.883801937,0.885638714,0.902276695,,,
2896,7/21/25,0.855499327,0.825979471,0.840636671,0.735350132,0.78947401,0.816375673,0.716860056,0.855499327,,,
2908,7/14/25,0.910106599,0.7693156,0.805784881,0.654189587,0.817274511,0.745250404,0.786583424,0.910106599,,,
2908,7/15/25,0.852797985,0.805784881,0.654189587,0.817274511,0.745250404,0.786583424,0.910106599,0.852797985,,,
2908,8/8/25,0.857073963,0.548837602,0.569659531,0.415475845,0.620483339,0.634421051,0.621343315,0.857073963,,,
2908,8/11/25,0.896174014,0.569659531,0.415475845,0.620483339,0.634421051,0.621343315,0.857073963,0.896174014,,,
2915,8/5/25,0.855268896,0.798251033,0.677856803,0.624991357,0.667348206,0.554428995,0.677219152,0.855268896,,,
2915,8/6/25,0.878608823,0.677856803,0.624991357,0.667348206,0.554428995,0.677219152,0.855268896,0.878608823,,,
2915,8/7/25,0.931422889,0.624991357,0.667348206,0.554428995,0.677219152,0.855268896,0.878608823,0.931422889,,,
2915,8/8/25,0.862594545,0.667348206,0.554428995,0.677219152,0.855268896,0.878608823,0.931422889,0.862594545,,,
2915,8/11/25,0.878863156,0.554428995,0.677219152,0.855268896,0.878608823,0.931422889,0.862594545,0.878863156,,,
2915,8/12/25,0.874607027,0.677219152,0.855268896,0.878608823,0.931422889,0.862594545,0.878863156,0.874607027,,,
2915,8/13/25,0.891135037,0.855268896,0.878608823,0.931422889,0.862594545,0.878863156,0.874607027,0.891135037,,,
2915,8/14/25,0.883280993,0.878608823,0.931422889,0.862594545,0.878863156,0.874607027,0.891135037,0.883280993,,,
2917,7/22/25,0.863012552,0.476240903,0.470698386,0.504473865,0.383474737,0.335515708,0.670490146,0.863012552,,,
600775,8/14/25,0.853003681,0.524965823,0.629379809,0.685519457,0.637737513,0.753085554,0.712868333,0.853003681,2,7.1,
2941,8/11/25,0.910946131,0.179057226,0.189556047,0.174305871,0.292169124,0.33810696,0.699096441,0.910946131,,,
2941,8/12/25,0.937749684,0.189556047,0.174305871,0.292169124,0.33810696,0.699096441,0.910946131,0.937749684,,,
2941,8/13/25,0.873839796,0.174305871,0.292169124,0.33810696,0.699096441,0.910946131,0.937749684,0.873839796,,,
2951,7/9/25,0.887676358,0.715898216,0.663358748,0.723392129,0.699477136,0.820073009,0.821463525,0.887676358,,,
2951,7/15/25,0.874040246,0.820073009,0.821463525,0.887676358,0.649956524,0.700723529,0.737223327,0.874040246,,,
2987,7/1/25,0.896848142,0.759390891,0.778891146,0.865171373,0.828172505,0.889221489,0.884024084,0.896848142,,,
2987,7/2/25,0.879940093,0.778891146,0.865171373,0.828172505,0.889221489,0.884024084,0.896848142,0.879940093,,,
2987,7/7/25,0.864501655,0.889221489,0.884024084,0.896848142,0.879940093,0.847709537,0.833033741,0.864501655,,,
3001,7/23/25,0.913714111,0.482678354,0.567790806,0.66124475,0.672783256,0.753078878,0.820013762,0.913714111,,,
3003,7/8/25,0.919134796,0.435039699,0.499220759,0.476531982,0.401154608,0.37554127,0.795487761,0.919134796,,,
3015,7/1/25,0.852322042,0.721999824,0.830232143,0.800334752,0.805877149,0.808614254,0.798458457,0.852322042,,,
3023,7/24/25,0.878816903,0.440754503,0.445031941,0.536211967,0.648521304,0.608915269,0.813264549,0.878816903,,,
3037,7/15/25,0.877269804,0.295108199,0.315237314,0.329223007,0.42679441,0.332428753,0.777070403,0.877269804,,,
3037,7/22/25,0.868875861,0.777070403,0.877269804,0.74575448,0.591211915,0.662244439,0.830494702,0.868875861,,,
3040,7/14/25,0.88068217,0.789136291,0.747125447,0.831775248,0.734610021,0.722390354,0.817874372,0.88068217,,,
3040,8/8/25,0.889001012,0.567185998,0.556557715,0.555197597,0.789738834,0.72597152,0.696582973,0.889001012,,,
300009,8/11/25,0.854240656,0.732835114,0.772913456,0.712647676,0.561768353,0.483409226,0.502326608,0.854240656,,,
300019,7/10/25,0.900970936,0.661909938,0.705645919,0.637511373,0.651771963,0.742900729,0.740044951,0.900970936,,,
300021,7/22/25,0.852353454,0.276973188,0.291865408,0.374342829,0.331553251,0.294187725,0.632585526,0.852353454,,,
300021,7/23/25,0.87616539,0.291865408,0.374342829,0.331553251,0.294187725,0.632585526,0.852353454,0.87616539,,,
300066,7/18/25,0.876246631,0.671536148,0.839624524,0.792872131,0.706378281,0.629679024,0.742329597,0.876246631,,,
300069,8/7/25,0.863162458,0.552716196,0.675442696,0.701311231,0.654178739,0.833378255,0.770849347,0.863162458,,,
300086,7/24/25,0.899882734,0.578643918,0.701013565,0.746424198,0.769164681,0.832092047,0.791385591,0.899882734,,,
300086,7/28/25,0.867569089,0.746424198,0.769164681,0.832092047,0.791385591,0.899882734,0.839739323,0.867569089,,,
300086,7/30/25,0.879439533,0.832092047,0.791385591,0.899882734,0.839739323,0.867569089,0.809271872,0.879439533,,,
300095,7/22/25,0.856880128,0.735484898,0.682530165,0.744898021,0.706479311,0.790672123,0.807922065,0.856880128,,,
300145,8/13/25,0.905607343,0.635478079,0.671163976,0.80365634,0.652435482,0.796017528,0.732046843,0.905607343,,,
300149,7/29/25,0.892016709,0.675877571,0.734126627,0.747995794,0.696639538,0.768611908,0.668366194,0.892016709,,,
300152,7/23/25,0.876541555,0.578380227,0.673211157,0.746225715,0.79232353,0.751883388,0.732749939,0.876541555,,,
300158,7/24/25,0.888260782,0.566992283,0.501754284,0.505012274,0.502391219,0.480807841,0.828759313,0.888260782,,,
300158,7/29/25,0.876490355,0.502391219,0.480807841,0.828759313,0.888260782,0.690220594,0.744719386,0.876490355,,,
300158,7/31/25,0.917169154,0.828759313,0.888260782,0.690220594,0.744719386,0.876490355,0.754179955,0.917169154,,,
300158,8/1/25,0.871738851,0.888260782,0.690220594,0.744719386,0.876490355,0.754179955,0.917169154,0.871738851,,,
300174,7/22/25,0.873903275,0.648296118,0.812645912,0.699412167,0.634390116,0.68637383,0.76577872,0.873903275,,,
300174,7/23/25,0.873903275,0.812645912,0.699412167,0.634390116,0.68637383,0.76577872,0.873903275,0.873903275,,,
300174,7/24/25,0.873903275,0.699412167,0.634390116,0.68637383,0.76577872,0.873903275,0.873903275,0.873903275,,,
300180,7/7/25,0.872044086,0.733679354,0.757862568,0.699153006,0.616925716,0.476195246,0.630856276,0.872044086,,,
300205,7/28/25,0.862111449,0.440456927,0.437109143,0.504656971,0.42299062,0.41258797,0.50609231,0.862111449,,,
300225,8/7/25,0.877141178,0.379484564,0.363567203,0.396732837,0.351816744,0.417537272,0.427361935,0.877141178,,,
300267,7/28/25,0.861486971,0.686119258,0.59230274,0.589621365,0.555391908,0.757960379,0.774611652,0.861486971,,,
300289,7/31/25,0.865112364,0.370177239,0.462044328,0.668085337,0.678136945,0.510374367,0.507396579,0.865112364,,,
300304,8/13/25,0.861281931,0.265022695,0.273419529,0.525827467,0.673822284,0.812896729,0.75227046,0.861281931,,,
300324,7/3/25,0.875873744,0.738339961,0.722592592,0.671272755,0.628933907,0.841125131,0.769161165,0.875873744,,,
300329,7/29/25,0.876081467,0.751689792,0.733658433,0.68800801,0.795357287,0.76767534,0.655894697,0.876081467,,,
300329,7/30/25,0.881028056,0.733658433,0.68800801,0.795357287,0.76767534,0.655894697,0.876081467,0.881028056,,,
300329,7/31/25,0.857919157,0.68800801,0.795357287,0.76767534,0.655894697,0.876081467,0.881028056,0.857919157,,,
300329,8/7/25,0.864209831,0.881028056,0.857919157,0.765869379,0.652727962,0.815196216,0.801409245,0.864209831,,,
300335,7/7/25,0.859454513,0.358151287,0.44907704,0.387587607,0.404030055,0.340780646,0.711711347,0.859454513,,,
300344,7/16/25,0.851725936,0.542046905,0.486701846,0.495939761,0.512517869,0.508082449,0.621814728,0.851725936,,,
300344,7/17/25,0.907799363,0.486701846,0.495939761,0.512517869,0.508082449,0.621814728,0.851725936,0.907799363,,,
300344,7/24/25,0.860598207,0.851725936,0.907799363,0.556322277,0.613577366,0.55621928,0.730235577,0.860598207,,,
300370,7/1/25,0.879180372,0.825524509,0.677282691,0.717618704,0.761893868,0.876235604,0.738597572,0.879180372,,,
300400,8/11/25,0.931029975,0.703111529,0.682026923,0.679105759,0.791754961,0.786718965,0.818335652,0.931029975,,,
300400,8/12/25,0.852207065,0.682026923,0.679105759,0.791754961,0.786718965,0.818335652,0.931029975,0.852207065,,,
300400,8/13/25,0.876698017,0.679105759,0.791754961,0.786718965,0.818335652,0.931029975,0.852207065,0.876698017,,,
300405,7/1/25,0.850034595,0.562251985,0.715727687,0.751083195,0.603407621,0.479980946,0.500510931,0.850034595,,,
300411,7/22/25,0.85379523,0.323040336,0.381927073,0.359388649,0.580426812,0.495779574,0.786554873,0.85379523,,,
300414,7/29/25,0.892718136,0.74027729,0.792421281,0.721202016,0.83817184,0.786017716,0.718187034,0.892718136,,,
300414,8/6/25,0.870307267,0.892718136,0.817701876,0.79292804,0.800107121,0.802700877,0.748850763,0.870307267,,,
300436,7/22/25,0.860453367,0.823892713,0.841556191,0.782857478,0.730976045,0.661116958,0.60390389,0.860453367,,,
300436,7/23/25,0.857686043,0.841556191,0.782857478,0.730976045,0.661116958,0.60390389,0.860453367,0.857686043,,,
300436,7/28/25,0.879082143,0.661116958,0.60390389,0.860453367,0.857686043,0.834627092,0.738827765,0.879082143,,,
300436,7/29/25,0.898010433,0.60390389,0.860453367,0.857686043,0.834627092,0.738827765,0.879082143,0.898010433,,,
300472,7/1/25,0.907802105,0.652816176,0.704878867,0.791133702,0.884792984,0.817714989,0.821197391,0.907802105,,,
300486,8/1/25,0.855859816,0.573302567,0.651189506,0.66826874,0.575737953,0.783497334,0.842414439,0.855859816,,,
300486,8/4/25,0.868844926,0.651189506,0.66826874,0.575737953,0.783497334,0.842414439,0.855859816,0.868844926,,,
300486,8/5/25,0.957683027,0.66826874,0.575737953,0.783497334,0.842414439,0.855859816,0.868844926,0.957683027,,,
300486,8/6/25,0.950020194,0.575737953,0.783497334,0.842414439,0.855859816,0.868844926,0.957683027,0.950020194,,,
300486,8/7/25,0.952993393,0.783497334,0.842414439,0.855859816,0.868844926,0.957683027,0.950020194,0.952993393,,,
300486,8/8/25,0.881354451,0.842414439,0.855859816,0.868844926,0.957683027,0.950020194,0.952993393,0.881354451,,,
300486,8/11/25,0.866181195,0.855859816,0.868844926,0.957683027,0.950020194,0.952993393,0.881354451,0.866181195,,,
300486,8/12/25,0.863475561,0.868844926,0.957683027,0.950020194,0.952993393,0.881354451,0.866181195,0.863475561,,,
300490,7/21/25,0.861390173,0.300736815,0.403477162,0.455107421,0.448400944,0.607975423,0.607905209,0.861390173,,,
300519,8/1/25,0.855839133,0.450843036,0.397366315,0.369072706,0.537691414,0.618064582,0.752538681,0.855839133,,,
300522,7/17/25,0.893232882,0.715304613,0.724831998,0.665157378,0.615988255,0.799421191,0.676997423,0.893232882,,,
300527,7/1/25,0.850167513,0.64097482,0.66247195,0.675668955,0.704933167,0.692181885,0.704918742,0.850167513,,,
300527,7/2/25,0.886745214,0.66247195,0.675668955,0.704933167,0.692181885,0.704918742,0.850167513,0.886745214,,,
300527,7/3/25,0.895976424,0.675668955,0.704933167,0.692181885,0.704918742,0.850167513,0.886745214,0.895976424,,,
300527,7/4/25,0.85398072,0.704933167,0.692181885,0.704918742,0.850167513,0.886745214,0.895976424,0.85398072,,,
300527,7/7/25,0.879483461,0.692181885,0.704918742,0.850167513,0.886745214,0.895976424,0.85398072,0.879483461,,,
300527,7/31/25,0.851871669,0.687703133,0.69639796,0.529947519,0.461538076,0.544510245,0.776284933,0.851871669,,,
300528,7/24/25,0.874189258,0.458680511,0.552787244,0.444249421,0.656908691,0.782518983,0.748792827,0.874189258,,,
300528,7/25/25,0.867101252,0.552787244,0.444249421,0.656908691,0.782518983,0.748792827,0.874189258,0.867101252,,,
300528,7/28/25,0.949612677,0.444249421,0.656908691,0.782518983,0.748792827,0.874189258,0.867101252,0.949612677,,,
300528,7/29/25,0.903223693,0.656908691,0.782518983,0.748792827,0.874189258,0.867101252,0.949612677,0.903223693,,,
300528,7/30/25,0.97161001,0.782518983,0.748792827,0.874189258,0.867101252,0.949612677,0.903223693,0.97161001,,,
300528,8/1/25,0.948991954,0.874189258,0.867101252,0.949612677,0.903223693,0.97161001,0.838477552,0.948991954,,,
300528,8/6/25,0.861910522,0.903223693,0.97161001,0.838477552,0.948991954,0.837596178,0.745643556,0.861910522,,,
300533,7/15/25,0.859136522,0.8302477,0.800439417,0.7777372,0.757305086,0.789892733,0.786860049,0.859136522,,,
300537,7/1/25,0.856278777,0.661431193,0.691890597,0.672685564,0.70880568,0.73341912,0.869807065,0.856278777,,,
300537,7/2/25,0.853586733,0.691890597,0.672685564,0.70880568,0.73341912,0.869807065,0.856278777,0.853586733,,,
300537,7/7/25,0.876571,0.73341912,0.869807065,0.856278777,0.853586733,0.741846204,0.840373814,0.876571,,,
300537,7/9/25,0.862942576,0.856278777,0.853586733,0.741846204,0.840373814,0.876571,0.831395686,0.862942576,,,
300539,7/24/25,0.868664026,0.553459764,0.519524872,0.491840303,0.670305312,0.774026334,0.745462298,0.868664026,,,
300539,7/28/25,0.85175395,0.491840303,0.670305312,0.774026334,0.745462298,0.868664026,0.846248031,0.85175395,,,
300539,7/29/25,0.951610804,0.670305312,0.774026334,0.745462298,0.868664026,0.846248031,0.85175395,0.951610804,,,
300539,8/1/25,0.888435304,0.868664026,0.846248031,0.85175395,0.951610804,0.8373698,0.846531332,0.888435304,,,
300539,8/4/25,0.870406032,0.846248031,0.85175395,0.951610804,0.8373698,0.846531332,0.888435304,0.870406032,,,
300546,7/1/25,0.885113657,0.768199384,0.782196462,0.698523164,0.819792926,0.774396777,0.827258527,0.885113657,,,
300551,7/11/25,0.851448774,0.389375746,0.46063301,0.599469841,0.675487161,0.630057096,0.666602969,0.851448774,,,
300554,8/1/25,0.877392292,0.617672503,0.606396198,0.690611005,0.56622684,0.529344916,0.816446483,0.877392292,,,
300564,7/22/25,0.909190893,0.611532807,0.616676867,0.602553725,0.644162655,0.625158012,0.845313728,0.909190893,,,
300588,7/28/25,0.884317338,0.798313141,0.743643224,0.63374269,0.559709549,0.467172652,0.801360667,0.884317338,,,
300591,7/1/25,0.89363414,0.84703517,0.816844642,0.938516319,0.892381489,0.890773118,0.796313286,0.89363414,,,
300591,7/3/25,0.933653831,0.938516319,0.892381489,0.890773118,0.796313286,0.89363414,0.811574221,0.933653831,,,
300591,7/4/25,0.851789594,0.892381489,0.890773118,0.796313286,0.89363414,0.811574221,0.933653831,0.851789594,,,
300600,7/1/25,0.856287301,0.731138051,0.676638126,0.884109914,0.911347091,0.725860298,0.851592541,0.856287301,,,
300600,7/3/25,0.886868238,0.884109914,0.911347091,0.725860298,0.851592541,0.856287301,0.81127274,0.886868238,,,
300600,7/11/25,0.884460926,0.886868238,0.71216166,0.787626922,0.701238513,0.68303448,0.635398924,0.884460926,,,
300600,8/7/25,0.892522454,0.802067459,0.799760938,0.834011018,0.804164231,0.797627449,0.828810871,0.892522454,,,
300600,8/12/25,0.873094738,0.804164231,0.797627449,0.828810871,0.892522454,0.772790134,0.809555292,0.873094738,,,
300649,7/2/25,0.852434814,0.727135837,0.868990421,0.77698499,0.836072564,0.902250886,0.775420427,0.852434814,,,
300649,7/4/25,0.862779081,0.77698499,0.836072564,0.902250886,0.775420427,0.852434814,0.789549887,0.862779081,,,
300649,7/7/25,0.887012899,0.836072564,0.902250886,0.775420427,0.852434814,0.789549887,0.862779081,0.887012899,,,
300665,7/10/25,0.852176309,0.816685975,0.49757871,0.75364393,0.772683978,0.783649504,0.722869337,0.852176309,,,
300665,7/21/25,0.891990066,0.764631331,0.777059019,0.728105724,0.739393473,0.773303509,0.758908927,0.891990066,,,
300665,7/22/25,0.884945095,0.777059019,0.728105724,0.739393473,0.773303509,0.758908927,0.891990066,0.884945095,,,
300670,7/2/25,0.853061974,0.617234588,0.567044497,0.426558435,0.441780895,0.420861661,0.418984264,0.853061974,,,
300683,7/28/25,0.875778615,0.770384014,0.489049256,0.685729802,0.36816892,0.831219375,0.597822726,0.875778615,,,
300696,8/5/25,0.87940377,0.669398904,0.707284451,0.777831376,0.760560632,0.763674319,0.845751584,0.87940377,,,
300696,8/6/25,0.887182057,0.707284451,0.777831376,0.760560632,0.763674319,0.845751584,0.87940377,0.887182057,,,
300706,7/25/25,0.857812703,0.650998235,0.689003408,0.770173907,0.791205406,0.782106102,0.842860103,0.857812703,,,
300706,8/7/25,0.851544738,0.826113522,0.830023944,0.736535907,0.847393274,0.831403792,0.789398432,0.851544738,,,
300706,8/13/25,0.851866007,0.831403792,0.789398432,0.851544738,0.617215753,0.73624289,0.825259924,0.851866007,,,
300717,8/11/25,0.854911566,0.541190624,0.678370953,0.66077888,0.670347095,0.814779282,0.81175679,0.854911566,,,
300731,8/8/25,0.900763452,0.746529102,0.633398175,0.736087799,0.844055533,0.764782727,0.677387118,0.900763452,,,
300731,8/11/25,0.853910267,0.633398175,0.736087799,0.844055533,0.764782727,0.677387118,0.900763452,0.853910267,,,
300731,8/12/25,0.856531918,0.736087799,0.844055533,0.764782727,0.677387118,0.900763452,0.853910267,0.856531918,,,
300731,8/13/25,0.878422976,0.844055533,0.764782727,0.677387118,0.900763452,0.853910267,0.856531918,0.878422976,,,
300732,7/31/25,0.89012599,0.787585974,0.772136271,0.780625343,0.768162668,0.783290148,0.808897197,0.89012599,,,
300732,8/8/25,0.878579557,0.89012599,0.799356461,0.767966092,0.788311303,0.796887934,0.396780729,0.878579557,,,
300830,8/4/25,0.87158072,0.743509769,0.684134901,0.675162315,0.679599464,0.79935056,0.759299159,0.87158072,,,
300830,8/7/25,0.903539419,0.679599464,0.79935056,0.759299159,0.87158072,0.82374388,0.848055959,0.903539419,,,
300830,8/8/25,0.908965468,0.79935056,0.759299159,0.87158072,0.82374388,0.848055959,0.903539419,0.908965468,,,
300858,8/4/25,0.868639946,0.579119563,0.507149279,0.55221504,0.577006102,0.569858968,0.711180568,0.868639946,,,
300875,8/6/25,0.871867955,0.578533649,0.739866555,0.746399641,0.72538197,0.731838882,0.740264773,0.871867955,,,
300875,8/12/25,0.893468261,0.731838882,0.740264773,0.871867955,0.759447098,0.695993125,0.808838367,0.893468261,,,
300875,8/13/25,0.858046353,0.740264773,0.871867955,0.759447098,0.695993125,0.808838367,0.893468261,0.858046353,,,
300885,7/23/25,0.914843798,0.374300867,0.419890255,0.63725096,0.547657728,0.797597647,0.708112299,0.914843798,,,
300885,7/25/25,0.853968501,0.63725096,0.547657728,0.797597647,0.708112299,0.914843798,0.8390131,0.853968501,,,
300885,7/29/25,0.89228493,0.797597647,0.708112299,0.914843798,0.8390131,0.853968501,0.815505862,0.89228493,,,
300885,7/30/25,0.895311236,0.708112299,0.914843798,0.8390131,0.853968501,0.815505862,0.89228493,0.895311236,,,
300885,7/31/25,0.938240945,0.914843798,0.8390131,0.853968501,0.815505862,0.89228493,0.895311236,0.938240945,,,
300885,8/1/25,0.896080017,0.8390131,0.853968501,0.815505862,0.89228493,0.895311236,0.938240945,0.896080017,,,
300885,8/4/25,0.902022302,0.853968501,0.815505862,0.89228493,0.895311236,0.938240945,0.896080017,0.902022302,,,
300885,8/6/25,0.8860448,0.89228493,0.895311236,0.938240945,0.896080017,0.902022302,0.806723535,0.8860448,,,
300885,8/12/25,0.857376695,0.902022302,0.806723535,0.8860448,0.830727577,0.825876832,0.810155153,0.857376695,,,
300950,7/1/25,0.886143744,0.75947994,0.723491967,0.760985911,0.685771942,0.658382475,0.874875367,0.886143744,,,
300950,7/7/25,0.930922329,0.658382475,0.874875367,0.886143744,0.799515367,0.834177136,0.758562446,0.930922329,,,
300950,7/8/25,0.966464698,0.874875367,0.886143744,0.799515367,0.834177136,0.758562446,0.930922329,0.966464698,,,
300950,7/9/25,0.966464698,0.886143744,0.799515367,0.834177136,0.758562446,0.930922329,0.966464698,0.966464698,,,
300950,7/10/25,0.966464698,0.799515367,0.834177136,0.758562446,0.930922329,0.966464698,0.966464698,0.966464698,,,
300950,7/11/25,0.966464698,0.834177136,0.758562446,0.930922329,0.966464698,0.966464698,0.966464698,0.966464698,,,
300950,7/14/25,0.908128262,0.758562446,0.930922329,0.966464698,0.966464698,0.966464698,0.966464698,0.908128262,,,
300950,8/1/25,0.857074082,0.484088778,0.602874517,0.743928313,0.627250671,0.719723642,0.681556582,0.857074082,,,
300961,7/3/25,0.850250006,0.717197299,0.784567058,0.713351369,0.665337443,0.661339223,0.844796598,0.850250006,,,
300965,7/30/25,0.851436675,0.667617261,0.656401396,0.553871989,0.662501395,0.645795524,0.676104903,0.851436675,,,
300993,7/7/25,0.866511166,0.857028782,0.815288305,0.6520679,0.753787458,0.844692111,0.762758255,0.866511166,,,
300993,8/11/25,0.861784101,0.609506011,0.680336595,0.723732233,0.776677728,0.694003463,0.659285545,0.861784101,,,
300996,7/14/25,0.856752336,0.370660871,0.603209853,0.660000205,0.715656579,0.763545811,0.545468748,0.856752336,,,
300996,7/15/25,0.932374001,0.603209853,0.660000205,0.715656579,0.763545811,0.545468748,0.856752336,0.932374001,,,
300996,7/18/25,0.86366713,0.763545811,0.545468748,0.856752336,0.932374001,0.822314382,0.772134125,0.86366713,,,
301012,7/14/25,0.857991695,0.447237194,0.538842618,0.556094825,0.642875969,0.595752001,0.481984586,0.857991695,,,
301012,7/15/25,0.889261842,0.538842618,0.556094825,0.642875969,0.595752001,0.481984586,0.857991695,0.889261842,,,
301022,8/11/25,0.850939393,0.728797019,0.665866911,0.736148775,0.827192724,0.760445297,0.719287753,0.850939393,,,
301038,7/22/25,0.883802235,0.449005097,0.460278749,0.382405311,0.420662999,0.543695569,0.824117005,0.883802235,,,
301038,7/28/25,0.944983482,0.543695569,0.824117005,0.883802235,0.622000813,0.591747403,0.754389942,0.944983482,,,
301038,7/29/25,0.888493657,0.824117005,0.883802235,0.622000813,0.591747403,0.754389942,0.944983482,0.888493657,,,
301038,7/30/25,0.872378469,0.883802235,0.622000813,0.591747403,0.754389942,0.944983482,0.888493657,0.872378469,,,
301038,7/31/25,0.886645198,0.622000813,0.591747403,0.754389942,0.944983482,0.888493657,0.872378469,0.886645198,,,
301038,8/5/25,0.872877598,0.944983482,0.888493657,0.872378469,0.886645198,0.714749336,0.551485777,0.872877598,,,
301038,8/6/25,0.866853476,0.888493657,0.872378469,0.886645198,0.714749336,0.551485777,0.872877598,0.866853476,,,
301079,7/1/25,0.94045192,0.754255533,0.643089652,0.438229859,0.590111732,0.617570102,0.959627986,0.94045192,,,
301079,7/2/25,0.94045192,0.643089652,0.438229859,0.590111732,0.617570102,0.959627986,0.94045192,0.94045192,,,
301079,7/3/25,0.94045192,0.438229859,0.590111732,0.617570102,0.959627986,0.94045192,0.94045192,0.94045192,,,
301079,7/4/25,0.94045192,0.590111732,0.617570102,0.959627986,0.94045192,0.94045192,0.94045192,0.94045192,,,
301079,7/7/25,0.852632761,0.617570102,0.959627986,0.94045192,0.94045192,0.94045192,0.94045192,0.852632761,,,
301117,8/6/25,0.860838771,0.739986837,0.706706703,0.719031155,0.743292272,0.803442001,0.789557278,0.860838771,,,
301117,8/12/25,0.859713078,0.803442001,0.789557278,0.860838771,0.806971073,0.762679994,0.722860932,0.859713078,,,
301117,8/13/25,0.852739275,0.789557278,0.860838771,0.806971073,0.762679994,0.722860932,0.859713078,0.852739275,,,
301120,7/10/25,0.852529943,0.762999356,0.7373873,0.677136481,0.808710039,0.817371786,0.843258083,0.852529943,,,
301120,8/12/25,0.854254127,0.822261453,0.823917389,0.835175097,0.828004479,0.730742037,0.819349468,0.854254127,,,
301150,7/29/25,0.852351308,0.738926232,0.662324965,0.538711309,0.798885703,0.830036998,0.781304896,0.852351308,,,
301161,7/22/25,0.857058644,0.658143103,0.678150833,0.679582655,0.562679768,0.764518857,0.798614979,0.857058644,,,
301161,8/4/25,0.850841939,0.629636824,0.681865215,0.742427528,0.677335203,0.571251154,0.541519582,0.850841939,,,
301161,8/6/25,0.858810604,0.742427528,0.677335203,0.571251154,0.541519582,0.850841939,0.768015862,0.858810604,,,
301176,7/9/25,0.855617821,0.811829686,0.8001737,0.826008618,0.808366418,0.760825098,0.789464772,0.855617821,,,
301200,8/5/25,0.855449319,0.453421026,0.550811887,0.383960515,0.759928763,0.833631992,0.75040561,0.855449319,,,
301217,7/7/25,0.87988472,0.669131339,0.600739956,0.566910446,0.537082314,0.824885845,0.744227469,0.87988472,,,
301217,7/9/25,0.884527266,0.566910446,0.537082314,0.824885845,0.744227469,0.87988472,0.804121912,0.884527266,,,
301217,7/11/25,0.87374872,0.824885845,0.744227469,0.87988472,0.804121912,0.884527266,0.80480957,0.87374872,,,
301217,7/15/25,0.863972604,0.87988472,0.804121912,0.884527266,0.80480957,0.87374872,0.774057925,0.863972604,,,
301217,7/22/25,0.871746838,0.774057925,0.863972604,0.73923707,0.832164526,0.79948467,0.676876605,0.871746838,,,
301217,7/24/25,0.850203812,0.73923707,0.832164526,0.79948467,0.676876605,0.871746838,0.807647169,0.850203812,,,
301235,7/31/25,0.851581216,0.513784349,0.547319114,0.713385999,0.7853387,0.704637766,0.789667785,0.851581216,,,
301258,7/29/25,0.857196391,0.7260378,0.666346014,0.61246717,0.640776634,0.783847988,0.803382158,0.857196391,,,
301265,7/21/25,0.853018343,0.785392165,0.74614656,0.819247067,0.744154871,0.599587739,0.822005332,0.853018343,,,
301357,7/17/25,0.885783017,0.741911113,0.547048628,0.555552721,0.735868156,0.749772727,0.796380341,0.885783017,,,
301357,7/22/25,0.854427457,0.735868156,0.749772727,0.796380341,0.885783017,0.763753831,0.736748219,0.854427457,,,
301357,7/28/25,0.866807342,0.763753831,0.736748219,0.854427457,0.799715281,0.662825465,0.843882859,0.866807342,,,
301357,7/29/25,0.889385819,0.736748219,0.854427457,0.799715281,0.662825465,0.843882859,0.866807342,0.889385819,,,
301357,7/31/25,0.897555053,0.799715281,0.662825465,0.843882859,0.866807342,0.889385819,0.830053985,0.897555053,,,
301388,7/7/25,0.853458345,0.716972768,0.677514493,0.630282462,0.843601763,0.81470418,0.785711288,0.853458345,,,
301388,7/14/25,0.879830837,0.785711288,0.853458345,0.702713728,0.481345922,0.464710474,0.688495815,0.879830837,,,
301388,7/15/25,0.854732037,0.853458345,0.702713728,0.481345922,0.464710474,0.688495815,0.879830837,0.854732037,,,
301389,7/4/25,0.892436743,0.668602705,0.700594485,0.749266624,0.770598292,0.734371185,0.813366294,0.892436743,,,
301389,7/8/25,0.886977851,0.749266624,0.770598292,0.734371185,0.813366294,0.892436743,0.782971442,0.886977851,,,
301389,7/9/25,0.861649334,0.770598292,0.734371185,0.813366294,0.892436743,0.782971442,0.886977851,0.861649334,,,
301389,7/28/25,0.858209491,0.624399245,0.741543472,0.766721666,0.71302557,0.772520959,0.737460315,0.858209491,,,
301389,7/31/25,0.88950485,0.71302557,0.772520959,0.737460315,0.858209491,0.842444718,0.806764543,0.88950485,,,
301389,8/1/25,0.906546652,0.772520959,0.737460315,0.858209491,0.842444718,0.806764543,0.88950485,0.906546652,,,
301389,8/4/25,0.86033076,0.737460315,0.858209491,0.842444718,0.806764543,0.88950485,0.906546652,0.86033076,,,
301389,8/8/25,0.873216748,0.88950485,0.906546652,0.86033076,0.841865599,0.785869896,0.73596561,0.873216748,,,
301389,8/11/25,0.884706676,0.906546652,0.86033076,0.841865599,0.785869896,0.73596561,0.873216748,0.884706676,,,
301505,7/3/25,0.910150945,0.678915441,0.635957181,0.637677073,0.604963362,0.54178679,0.829637885,0.910150945,,,
301505,7/8/25,0.887337744,0.604963362,0.54178679,0.829637885,0.910150945,0.773199201,0.789656043,0.887337744,,,
301505,7/9/25,0.88907069,0.54178679,0.829637885,0.910150945,0.773199201,0.789656043,0.887337744,0.88907069,,,
301505,7/10/25,0.962035179,0.829637885,0.910150945,0.773199201,0.789656043,0.887337744,0.88907069,0.962035179,,,
301505,7/11/25,0.962035179,0.910150945,0.773199201,0.789656043,0.887337744,0.88907069,0.962035179,0.962035179,,,
301505,7/14/25,0.962035179,0.773199201,0.789656043,0.887337744,0.88907069,0.962035179,0.962035179,0.962035179,,,
301505,7/15/25,0.867540658,0.789656043,0.887337744,0.88907069,0.962035179,0.962035179,0.962035179,0.867540658,,,
301511,8/13/25,0.85751307,0.669198155,0.692145228,0.501724243,0.445752621,0.61746192,0.779177964,0.85751307,,,
301526,7/8/25,0.883511543,0.334174514,0.693394065,0.617792368,0.639778316,0.84709096,0.795423448,0.883511543,,,
600053,8/12/25,0.870494664,0.231069326,0.344011962,0.211073801,0.317470104,0.287504137,0.606550395,0.870494664,,,
600110,7/31/25,0.868721187,0.482779801,0.590539038,0.498817503,0.713110447,0.714052379,0.547228694,0.868721187,,,
600117,7/21/25,0.896843433,0.241734758,0.198244408,0.22072807,0.323897421,0.425607592,0.412880301,0.896843433,,,
600117,7/22/25,0.934313536,0.198244408,0.22072807,0.323897421,0.425607592,0.412880301,0.896843433,0.934313536,,,
600117,7/23/25,0.926934302,0.22072807,0.323897421,0.425607592,0.412880301,0.896843433,0.934313536,0.926934302,,,
600117,7/28/25,0.862719595,0.412880301,0.896843433,0.934313536,0.926934302,0.791864574,0.777379632,0.862719595,,,
600117,7/29/25,0.95752722,0.896843433,0.934313536,0.926934302,0.791864574,0.777379632,0.862719595,0.95752722,,,
600117,8/1/25,0.902585626,0.791864574,0.777379632,0.862719595,0.95752722,0.773123384,0.841920495,0.902585626,,,
600117,8/4/25,0.884518504,0.777379632,0.862719595,0.95752722,0.773123384,0.841920495,0.902585626,0.884518504,,,
600172,8/13/25,0.916330874,0.629778802,0.629535735,0.532877922,0.455959707,0.768661916,0.680468142,0.916330874,,,
600190,7/1/25,0.932881355,0.055399515,0.055399515,0.055399515,0.055399515,0.055399515,0.761690557,0.932881355,,,
600192,7/1/25,0.892522871,0.421652764,0.463230103,0.644821346,0.708374441,0.662751019,0.827231765,0.892522871,,,
600192,7/2/25,0.908732891,0.463230103,0.644821346,0.708374441,0.662751019,0.827231765,0.892522871,0.908732891,,,
600192,7/7/25,0.877284467,0.662751019,0.827231765,0.892522871,0.908732891,0.797446251,0.805697381,0.877284467,,,
600192,7/8/25,0.873273194,0.827231765,0.892522871,0.908732891,0.797446251,0.805697381,0.877284467,0.873273194,,,
600192,8/13/25,0.868320286,0.726604939,0.717971742,0.726777613,0.675579786,0.666793346,0.683460474,0.868320286,,,
600201,7/17/25,0.871721923,0.373218805,0.35344699,0.260282278,0.191956535,0.315155417,0.746045291,0.871721923,,,
600203,8/6/25,0.870458543,0.730091095,0.753513336,0.710774601,0.55806309,0.739667356,0.791004121,0.870458543,,,
600203,8/7/25,0.924917817,0.753513336,0.710774601,0.55806309,0.739667356,0.791004121,0.870458543,0.924917817,,,
600208,8/7/25,0.859178305,0.35912481,0.446465403,0.534465194,0.50969851,0.542475998,0.400501579,0.859178305,,,
600208,8/8/25,0.859178305,0.446465403,0.534465194,0.50969851,0.542475998,0.400501579,0.859178305,0.859178305,,,
600208,8/11/25,0.859178305,0.534465194,0.50969851,0.542475998,0.400501579,0.859178305,0.859178305,0.859178305,,,
600208,8/12/25,0.859178305,0.50969851,0.542475998,0.400501579,0.859178305,0.859178305,0.859178305,0.859178305,,,
600230,7/18/25,0.907598019,0.383241266,0.223401591,0.350817412,0.673645735,0.605252564,0.730092943,0.907598019,,,
600230,7/22/25,0.852376878,0.350817412,0.673645735,0.605252564,0.730092943,0.907598019,0.763636053,0.852376878,,,
600246,8/11/25,0.873240352,0.397145659,0.434867501,0.39752388,0.28122592,0.313102841,0.766634464,0.873240352,,,
600250,7/2/25,0.877708077,0.571263671,0.634918451,0.848940969,0.820535362,0.736812949,0.691017568,0.877708077,,,
600250,7/7/25,0.893339992,0.820535362,0.736812949,0.691017568,0.877708077,0.805816829,0.772969961,0.893339992,,,
600250,7/10/25,0.898786664,0.877708077,0.805816829,0.772969961,0.893339992,0.833899617,0.7674371,0.898786664,,,
600268,7/21/25,0.858665466,0.178404719,0.767224312,0.635652125,0.610385716,0.594718277,0.490404725,0.858665466,,,
600288,7/25/25,0.865635037,0.402344376,0.403093725,0.481220782,0.511458278,0.573537052,0.811557353,0.865635037,,,
600302,8/6/25,0.856638789,0.381892502,0.828339398,0.759204388,0.749871612,0.631944656,0.665936649,0.856638789,,,
600319,7/1/25,0.91272527,0.343907535,0.590970755,0.619721234,0.462904543,0.505783141,0.807343423,0.91272527,,,
600319,7/2/25,0.901921988,0.590970755,0.619721234,0.462904543,0.505783141,0.807343423,0.91272527,0.901921988,,,
600326,7/21/25,0.937386692,0.631965995,0.6843611,0.655278921,0.631043017,0.800749838,0.692004263,0.937386692,,,
600326,7/22/25,0.953635812,0.6843611,0.655278921,0.631043017,0.800749838,0.692004263,0.937386692,0.953635812,,,
600326,7/23/25,0.964793444,0.655278921,0.631043017,0.800749838,0.692004263,0.937386692,0.953635812,0.964793444,,,
600326,7/24/25,0.933914423,0.631043017,0.800749838,0.692004263,0.937386692,0.953635812,0.964793444,0.933914423,,,
600353,7/1/25,0.857277513,0.724778593,0.715331495,0.710503638,0.560356438,0.679209471,0.725103378,0.857277513,,,
600353,7/9/25,0.859909952,0.857277513,0.792843819,0.715562999,0.692527056,0.611194849,0.689028382,0.859909952,,,
600366,8/8/25,0.88439393,0.45323357,0.365103453,0.240003988,0.327875614,0.502450228,0.817935407,0.88439393,,,
600392,7/21/25,0.893473446,0.725379705,0.688842475,0.644181073,0.727314115,0.667691827,0.760994732,0.893473446,,,
600410,8/7/25,0.892619252,0.57018584,0.692789257,0.73027581,0.624969482,0.698843241,0.763503253,0.892619252,,,
600410,8/11/25,0.875585198,0.73027581,0.624969482,0.698843241,0.763503253,0.892619252,0.783258319,0.875585198,,,
600410,8/12/25,0.86547786,0.624969482,0.698843241,0.763503253,0.892619252,0.783258319,0.875585198,0.86547786,,,
600421,8/7/25,0.878821492,0.152439073,0.154320538,0.238727704,0.418686479,0.751726925,0.809841216,0.878821492,,,
600423,7/4/25,0.883074462,0.663933337,0.654805064,0.5775792,0.490161091,0.539760292,0.468805313,0.883074462,,,
600425,8/11/25,0.911396682,0.288176596,0.257466197,0.239134073,0.292223603,0.363049597,0.83807236,0.911396682,,,
600475,7/4/25,0.890331388,0.282544017,0.20310019,0.273056388,0.291674942,0.27019009,0.791909337,0.890331388,,,
600475,7/7/25,0.899160981,0.20310019,0.273056388,0.291674942,0.27019009,0.791909337,0.890331388,0.899160981,,,
600475,7/8/25,0.900800645,0.273056388,0.291674942,0.27019009,0.791909337,0.890331388,0.899160981,0.900800645,,,
600475,7/9/25,0.875901878,0.291674942,0.27019009,0.791909337,0.890331388,0.899160981,0.900800645,0.875901878,,,
600475,7/10/25,0.856447697,0.27019009,0.791909337,0.890331388,0.899160981,0.900800645,0.875901878,0.856447697,,,
600475,8/7/25,0.927897871,0.175531641,0.183947936,0.167634651,0.231763378,0.504659057,0.807600439,0.927897871,,,
600475,8/8/25,0.851967037,0.183947936,0.167634651,0.231763378,0.504659057,0.807600439,0.927897871,0.851967037,,,
600500,7/24/25,0.891266346,0.658651114,0.80423826,0.62704134,0.3410317,0.442581356,0.467809856,0.891266346,,,
600500,7/25/25,0.891266346,0.80423826,0.62704134,0.3410317,0.442581356,0.467809856,0.891266346,0.891266346,,,
600500,7/28/25,0.891266346,0.62704134,0.3410317,0.442581356,0.467809856,0.891266346,0.891266346,0.891266346,,,
600513,7/7/25,0.852865875,0.479866087,0.392570853,0.564839005,0.550677538,0.619072676,0.642133176,0.852865875,,,
600513,7/8/25,0.905436456,0.392570853,0.564839005,0.550677538,0.619072676,0.642133176,0.852865875,0.905436456,,,
600513,7/10/25,0.884388387,0.550677538,0.619072676,0.642133176,0.852865875,0.905436456,0.739570737,0.884388387,,,
600513,7/11/25,0.865236759,0.619072676,0.642133176,0.852865875,0.905436456,0.739570737,0.884388387,0.865236759,,,
600513,7/14/25,0.942691684,0.642133176,0.852865875,0.905436456,0.739570737,0.884388387,0.865236759,0.942691684,,,
600513,7/16/25,0.893820941,0.905436456,0.739570737,0.884388387,0.865236759,0.942691684,0.765128434,0.893820941,,,
600513,7/17/25,0.864075184,0.739570737,0.884388387,0.865236759,0.942691684,0.765128434,0.893820941,0.864075184,,,
600513,7/18/25,0.86711657,0.884388387,0.865236759,0.942691684,0.765128434,0.893820941,0.864075184,0.86711657,,,
600513,8/4/25,0.902767658,0.654738843,0.783805668,0.842019618,0.742453456,0.79188031,0.806580782,0.902767658,,,
600513,8/5/25,0.8660748,0.783805668,0.842019618,0.742453456,0.79188031,0.806580782,0.902767658,0.8660748,,,
600513,8/6/25,0.858625412,0.842019618,0.742453456,0.79188031,0.806580782,0.902767658,0.8660748,0.858625412,,,
600513,8/8/25,0.853900194,0.79188031,0.806580782,0.902767658,0.8660748,0.858625412,0.79395473,0.853900194,,,
600513,8/11/25,0.861673534,0.806580782,0.902767658,0.8660748,0.858625412,0.79395473,0.853900194,0.861673534,,,
600513,8/12/25,0.896090448,0.902767658,0.8660748,0.858625412,0.79395473,0.853900194,0.861673534,0.896090448,,,
600518,7/9/25,0.879542828,0.306575269,0.164659172,0.207268521,0.235458642,0.289662391,0.2281252,0.879542828,,,
600528,7/21/25,0.900739908,0.180281401,0.156519383,0.118774019,0.404589266,0.330356449,0.23471038,0.900739908,,,
600528,7/22/25,0.865086138,0.156519383,0.118774019,0.404589266,0.330356449,0.23471038,0.900739908,0.865086138,,,
600528,7/23/25,0.868868053,0.118774019,0.404589266,0.330356449,0.23471038,0.900739908,0.865086138,0.868868053,,,
600537,7/3/25,0.904582143,0.381976247,0.313248694,0.349055141,0.470082849,0.39992708,0.828608096,0.904582143,,,
600537,7/9/25,0.904838562,0.39992708,0.828608096,0.904582143,0.842508435,0.566123009,0.822250247,0.904838562,,,
600537,7/22/25,0.914361477,0.74660933,0.779296517,0.633422256,0.840403855,0.675876379,0.699154675,0.914361477,,,
600539,7/28/25,0.871424079,0.385398775,0.381519765,0.619672775,0.57275188,0.507877469,0.729831815,0.871424079,,,
600545,7/8/25,0.852921307,0.320942104,0.252815038,0.257368594,0.226120815,0.23691161,0.328270942,0.852921307,,,
600571,7/7/25,0.861837566,0.736577332,0.661341846,0.585504115,0.648462951,0.576767921,0.816963077,0.861837566,,,
600571,7/9/25,0.906163573,0.585504115,0.648462951,0.576767921,0.816963077,0.861837566,0.775819123,0.906163573,,,
600579,7/16/25,0.880334437,0.183568567,0.254270703,0.337226123,0.418059677,0.384268314,0.79731524,0.880334437,,,
600579,7/17/25,0.891528189,0.254270703,0.337226123,0.418059677,0.384268314,0.79731524,0.880334437,0.891528189,,,
600579,7/18/25,0.896545351,0.337226123,0.418059677,0.384268314,0.79731524,0.880334437,0.891528189,0.896545351,,,
600579,7/21/25,0.858424008,0.418059677,0.384268314,0.79731524,0.880334437,0.891528189,0.896545351,0.858424008,,,
600579,7/22/25,0.862957358,0.384268314,0.79731524,0.880334437,0.891528189,0.896545351,0.858424008,0.862957358,,,
600579,7/23/25,0.965654731,0.79731524,0.880334437,0.891528189,0.896545351,0.858424008,0.862957358,0.965654731,,,
600579,7/24/25,0.965654731,0.880334437,0.891528189,0.896545351,0.858424008,0.862957358,0.965654731,0.965654731,,,
600579,7/25/25,0.965654731,0.891528189,0.896545351,0.858424008,0.862957358,0.965654731,0.965654731,0.965654731,,,
600579,7/28/25,0.965654731,0.896545351,0.858424008,0.862957358,0.965654731,0.965654731,0.965654731,0.965654731,,,
600579,7/29/25,0.969937801,0.858424008,0.862957358,0.965654731,0.965654731,0.965654731,0.965654731,0.969937801,,,
600579,7/30/25,0.97956723,0.862957358,0.965654731,0.965654731,0.965654731,0.965654731,0.969937801,0.97956723,,,
600593,7/23/25,0.868211627,0.456264853,0.42227459,0.477292091,0.479747742,0.536206841,0.680108309,0.868211627,,,
600604,7/11/25,0.862255931,0.220904499,0.169823095,0.204683632,0.303698003,0.251885206,0.484153777,0.862255931,,,
600604,7/14/25,0.923536658,0.169823095,0.204683632,0.303698003,0.251885206,0.484153777,0.862255931,0.923536658,,,
600606,7/10/25,0.883633912,0.306220382,0.500944078,0.527697206,0.652725458,0.766297996,0.803036928,0.883633912,,,
600619,8/11/25,0.859301984,0.490646213,0.635742843,0.699526906,0.732536733,0.803532422,0.784986079,0.859301984,,,
600619,8/13/25,0.928774416,0.699526906,0.732536733,0.803532422,0.784986079,0.859301984,0.782619119,0.928774416,,,
600620,7/17/25,0.888226867,0.343857676,0.400613189,0.333431393,0.632374406,0.655563951,0.824246228,0.888226867,,,
600620,7/18/25,0.892220974,0.400613189,0.333431393,0.632374406,0.655563951,0.824246228,0.888226867,0.892220974,,,
600622,7/11/25,0.890380085,0.365170807,0.375795245,0.410930544,0.531353533,0.50406909,0.831372738,0.890380085,,,
600626,8/5/25,0.865103006,0.404861033,0.318957925,0.275370628,0.355449498,0.288137347,0.618889451,0.865103006,,,
600629,7/21/25,0.873759449,0.292602986,0.357740611,0.44330439,0.420118481,0.318426281,0.750710368,0.873759449,,,
600629,7/22/25,0.956059992,0.357740611,0.44330439,0.420118481,0.318426281,0.750710368,0.873759449,0.956059992,,,
600629,8/1/25,0.893742204,0.56069994,0.589795172,0.636529505,0.523382306,0.634328127,0.767766535,0.893742204,,,
600651,8/7/25,0.873638153,0.762569964,0.590606391,0.726125658,0.824382246,0.753642917,0.71333766,0.873638153,,,
600658,8/13/25,0.906887412,0.472083837,0.429346859,0.576418102,0.363905162,0.439437956,0.83227402,0.906887412,,,
70,8/14/25,0.905440152,0.408865005,0.688983262,0.606639087,0.794382989,0.827581465,0.898490012,0.905440152,1,7,
600684,7/30/25,0.854863346,0.378796577,0.31272611,0.68063122,0.652751863,0.59329772,0.745268226,0.854863346,,,
600684,7/31/25,0.893568158,0.31272611,0.68063122,0.652751863,0.59329772,0.745268226,0.854863346,0.893568158,,,
600698,7/1/25,0.864735126,0.830169916,0.829716265,0.876940548,0.89440608,0.864158332,0.870596766,0.864735126,,,
600698,7/7/25,0.881856441,0.864158332,0.870596766,0.864735126,0.805724084,0.833344817,0.846320808,0.881856441,,,
600698,8/5/25,0.869288862,0.714296043,0.729438841,0.682579339,0.668031275,0.624213457,0.662983239,0.869288862,,,
600698,8/6/25,0.872077823,0.729438841,0.682579339,0.668031275,0.624213457,0.662983239,0.869288862,0.872077823,,,
600744,7/1/25,0.867171705,0.378038585,0.386936635,0.338520765,0.356778473,0.504534066,0.591653287,0.867171705,,,
600744,7/3/25,0.916813314,0.338520765,0.356778473,0.504534066,0.591653287,0.867171705,0.791808367,0.916813314,,,
600744,7/4/25,0.918926775,0.356778473,0.504534066,0.591653287,0.867171705,0.791808367,0.916813314,0.918926775,,,
600744,7/7/25,0.92738694,0.504534066,0.591653287,0.867171705,0.791808367,0.916813314,0.918926775,0.92738694,,,
600744,7/8/25,0.943107784,0.591653287,0.867171705,0.791808367,0.916813314,0.918926775,0.92738694,0.943107784,,,
600744,7/9/25,0.963551581,0.867171705,0.791808367,0.916813314,0.918926775,0.92738694,0.943107784,0.963551581,,,
600744,7/10/25,0.902429342,0.791808367,0.916813314,0.918926775,0.92738694,0.943107784,0.963551581,0.902429342,,,
600744,7/11/25,0.914892673,0.916813314,0.918926775,0.92738694,0.943107784,0.963551581,0.902429342,0.914892673,,,
600744,7/14/25,0.93379581,0.918926775,0.92738694,0.943107784,0.963551581,0.902429342,0.914892673,0.93379581,,,
600749,7/22/25,0.879831493,0.400513202,0.429369003,0.453694165,0.448533207,0.482211977,0.84672004,0.879831493,,,
600749,7/23/25,0.931882441,0.429369003,0.453694165,0.448533207,0.482211977,0.84672004,0.879831493,0.931882441,,,
600749,7/24/25,0.939682305,0.453694165,0.448533207,0.482211977,0.84672004,0.879831493,0.931882441,0.939682305,,,
600749,7/25/25,0.937440038,0.448533207,0.482211977,0.84672004,0.879831493,0.931882441,0.939682305,0.937440038,,,
600749,7/28/25,0.958074927,0.482211977,0.84672004,0.879831493,0.931882441,0.939682305,0.937440038,0.958074927,,,
600749,7/29/25,0.963459551,0.84672004,0.879831493,0.931882441,0.939682305,0.937440038,0.958074927,0.963459551,,,
600749,7/30/25,0.88205719,0.879831493,0.931882441,0.939682305,0.937440038,0.958074927,0.963459551,0.88205719,,,
600749,7/31/25,0.883583009,0.931882441,0.939682305,0.937440038,0.958074927,0.963459551,0.88205719,0.883583009,,,
600749,8/4/25,0.885983527,0.937440038,0.958074927,0.963459551,0.88205719,0.883583009,0.81938082,0.885983527,,,
600749,8/5/25,0.875818074,0.958074927,0.963459551,0.88205719,0.883583009,0.81938082,0.885983527,0.875818074,,,
901,8/14/25,0.852697611,0.805579185,0.718394637,0.891070426,0.890390337,0.835832775,0.896310329,0.852697611,,7,
600751,7/18/25,0.886604369,0.405363172,0.38781774,0.394269943,0.381314367,0.338998348,0.774598897,0.886604369,,,
600773,7/22/25,0.858172417,0.319586456,0.288110584,0.242284715,0.161420628,0.209452718,0.76623112,0.858172417,,,
600774,7/18/25,0.911570966,0.373910338,0.238268316,0.253543705,0.309700042,0.356658459,0.841899276,0.911570966,,,
2536,8/14/25,0.884925961,0.787070394,0.71802789,0.730134606,0.785825968,0.758592129,0.859850466,0.884925961,,7,
600807,7/7/25,0.850599229,0.405200869,0.411137909,0.388631642,0.412826419,0.435263366,0.396755695,0.850599229,,,
600815,7/22/25,0.874032915,0.245861694,0.194708377,0.224745691,0.170026928,0.190053046,0.750411928,0.874032915,,,
600822,7/14/25,0.90725261,0.50806129,0.414692163,0.452701092,0.373267353,0.321873218,0.759698272,0.90725261,,,
600822,7/15/25,0.922978282,0.414692163,0.452701092,0.373267353,0.321873218,0.759698272,0.90725261,0.922978282,,,
600822,7/16/25,0.873292565,0.452701092,0.373267353,0.321873218,0.759698272,0.90725261,0.922978282,0.873292565,,,
600822,7/17/25,0.878728986,0.373267353,0.321873218,0.759698272,0.90725261,0.922978282,0.873292565,0.878728986,,,
600822,7/21/25,0.89691776,0.759698272,0.90725261,0.922978282,0.873292565,0.878728986,0.823653758,0.89691776,,,
600826,7/14/25,0.943540812,0.159407482,0.127697438,0.261413485,0.208290756,0.227304652,0.822403431,0.943540812,,,
600826,7/15/25,0.915760577,0.127697438,0.261413485,0.208290756,0.227304652,0.822403431,0.943540812,0.915760577,,,
600826,7/17/25,0.890026391,0.208290756,0.227304652,0.822403431,0.943540812,0.915760577,0.748997331,0.890026391,,,
600826,7/22/25,0.893960297,0.943540812,0.915760577,0.748997331,0.890026391,0.836659193,0.80355823,0.893960297,,,
600826,7/23/25,0.852763593,0.915760577,0.748997331,0.890026391,0.836659193,0.80355823,0.893960297,0.852763593,,,
600828,8/1/25,0.915312231,0.219829932,0.381577641,0.47171405,0.376095951,0.622697234,0.790500939,0.915312231,,,
600829,7/18/25,0.915948689,0.201811269,0.190320402,0.254745632,0.200239614,0.26920113,0.82133162,0.915948689,,,
600829,7/21/25,0.91922164,0.190320402,0.254745632,0.200239614,0.26920113,0.82133162,0.915948689,0.91922164,,,
600841,7/16/25,0.851458967,0.169049174,0.192763627,0.144010454,0.175972074,0.144145846,0.427628279,0.851458967,,,
600962,7/1/25,0.941264629,0.607600927,0.786409736,0.67183423,0.504849732,0.624572098,0.841924369,0.941264629,,,
600962,7/2/25,0.941264629,0.786409736,0.67183423,0.504849732,0.624572098,0.841924369,0.941264629,0.941264629,,,
600962,7/3/25,0.941264629,0.67183423,0.504849732,0.624572098,0.841924369,0.941264629,0.941264629,0.941264629,,,
600962,7/4/25,0.941264629,0.504849732,0.624572098,0.841924369,0.941264629,0.941264629,0.941264629,0.941264629,,,
600962,7/7/25,0.988499105,0.624572098,0.841924369,0.941264629,0.941264629,0.941264629,0.941264629,0.988499105,,,
600962,7/8/25,0.992147028,0.841924369,0.941264629,0.941264629,0.941264629,0.941264629,0.988499105,0.992147028,,,
600962,7/9/25,0.992007971,0.941264629,0.941264629,0.941264629,0.941264629,0.988499105,0.992147028,0.992007971,,,
600962,7/10/25,0.982337356,0.941264629,0.941264629,0.941264629,0.988499105,0.992147028,0.992007971,0.982337356,,,
600984,8/12/25,0.853298962,0.275200576,0.297844082,0.285855085,0.220076889,0.251818031,0.433361501,0.853298962,,,
601003,7/15/25,0.931061208,0.340984643,0.720863283,0.75374043,0.800730407,0.784306645,0.740544081,0.931061208,,,
601003,7/16/25,0.91664201,0.720863283,0.75374043,0.800730407,0.784306645,0.740544081,0.931061208,0.91664201,,,
601003,7/17/25,0.942596376,0.75374043,0.800730407,0.784306645,0.740544081,0.931061208,0.91664201,0.942596376,,,
601003,7/18/25,0.903642356,0.800730407,0.784306645,0.740544081,0.931061208,0.91664201,0.942596376,0.903642356,,,
601003,7/22/25,0.873375893,0.740544081,0.931061208,0.91664201,0.942596376,0.903642356,0.737989187,0.873375893,,,
601005,7/22/25,0.851438761,0.623895466,0.441975117,0.307813197,0.53993547,0.475664228,0.74224776,0.851438761,,,
601088,8/12/25,0.886071861,0.05905433,0.042227384,0.06469883,0.09059675,0.100624315,0.355917513,0.886071861,,,
601088,8/13/25,0.886071861,0.042227384,0.06469883,0.09059675,0.100624315,0.355917513,0.886071861,0.886071861,,,
601088,8/14/25,0.886071861,0.06469883,0.09059675,0.100624315,0.355917513,0.886071861,0.886071861,0.886071861,,,
601208,7/17/25,0.85229677,0.702734292,0.674391806,0.679217398,0.797000647,0.745167732,0.751376927,0.85229677,,,
601218,7/1/25,0.923101544,0.555489719,0.660799801,0.64495945,0.554350913,0.584542096,0.815618634,0.923101544,,,
601218,7/2/25,0.932132363,0.660799801,0.64495945,0.554350913,0.584542096,0.815618634,0.923101544,0.932132363,,,
601218,7/3/25,0.946385086,0.64495945,0.554350913,0.584542096,0.815618634,0.923101544,0.932132363,0.946385086,,,
601279,7/17/25,0.889405727,0.211618453,0.267751515,0.13302274,0.161709145,0.25866732,0.691570759,0.889405727,,,
601606,7/1/25,0.855100811,0.946850538,0.855358005,0.904331923,0.938906431,0.846716464,0.862824917,0.855100811,,,
601606,7/3/25,0.857604802,0.904331923,0.938906431,0.846716464,0.862824917,0.855100811,0.788698018,0.857604802,,,
601606,7/31/25,0.863324106,0.729389131,0.705828369,0.577527285,0.668458223,0.770927787,0.770217538,0.863324106,,,
601606,8/13/25,0.882059693,0.788096607,0.791009009,0.489571631,0.84862721,0.659301519,0.603065252,0.882059693,,,
600658,8/14/25,0.853728473,0.429346859,0.576418102,0.363905162,0.439437956,0.83227402,0.906887412,0.853728473,,7,
601669,7/21/25,0.868207693,0.220504671,0.181170344,0.17914024,0.273760438,0.189086631,0.404222608,0.868207693,,,
601718,7/1/25,0.936068833,0.69408983,0.750525594,0.831098914,0.747517705,0.805730999,0.91533643,0.936068833,,,
601718,8/8/25,0.875496209,0.443203747,0.694534481,0.631744206,0.679656208,0.651700616,0.829690874,0.875496209,,,
601890,7/2/25,0.865897298,0.545005441,0.742188871,0.77821517,0.710292697,0.772193611,0.731725156,0.865897298,,,
601908,7/10/25,0.867267966,0.582912922,0.711393058,0.664296031,0.652339101,0.810591996,0.720377564,0.867267966,,,
601908,7/11/25,0.888644993,0.711393058,0.664296031,0.652339101,0.810591996,0.720377564,0.867267966,0.888644993,,,
601929,8/5/25,0.880480707,0.745943248,0.757822454,0.765109479,0.830510378,0.683572531,0.786285043,0.880480707,,,
601929,8/7/25,0.865507007,0.765109479,0.830510378,0.683572531,0.786285043,0.880480707,0.727441013,0.865507007,,,
601929,8/11/25,0.899832487,0.683572531,0.786285043,0.880480707,0.727441013,0.865507007,0.829782963,0.899832487,,,
601929,8/12/25,0.947216928,0.786285043,0.880480707,0.727441013,0.865507007,0.829782963,0.899832487,0.947216928,,,
601929,8/13/25,0.926638901,0.880480707,0.727441013,0.865507007,0.829782963,0.899832487,0.947216928,0.926638901,,,
601929,8/14/25,0.884173274,0.727441013,0.865507007,0.829782963,0.899832487,0.947216928,0.926638901,0.884173274,,,
603001,7/15/25,0.88639158,0.480916768,0.341976553,0.155573726,0.154131368,0.179297179,0.815013826,0.88639158,,,
603059,8/1/25,0.889565706,0.30942151,0.313212216,0.582811475,0.539127052,0.502610266,0.774240494,0.889565706,,,
603080,8/12/25,0.86773479,0.600312412,0.609624088,0.669715941,0.627620637,0.838278174,0.812840581,0.86773479,,,
603086,7/7/25,0.867023468,0.754368246,0.619174778,0.626432717,0.638559401,0.637603343,0.635510981,0.867023468,,,
603115,7/18/25,0.873657465,0.148957208,0.224144399,0.281480163,0.368236542,0.696970046,0.700582743,0.873657465,,,
601609,8/14/25,0.908120692,0.617474914,0.608765244,0.593762219,0.563844383,0.413070917,0.806401551,0.908120692,1,7,
603176,7/14/25,0.933161974,0.230270728,0.293603927,0.392537117,0.441963732,0.426728487,0.82176125,0.933161974,,,
603176,7/15/25,0.94264394,0.293603927,0.392537117,0.441963732,0.426728487,0.82176125,0.933161974,0.94264394,,,
603176,7/24/25,0.897984087,0.596279442,0.328157753,0.526265383,0.616650164,0.461175144,0.476024419,0.897984087,,,
603176,7/25/25,0.872272491,0.328157753,0.526265383,0.616650164,0.461175144,0.476024419,0.897984087,0.872272491,,,
603176,7/28/25,0.867380917,0.526265383,0.616650164,0.461175144,0.476024419,0.897984087,0.872272491,0.867380917,,,
603185,7/10/25,0.869775236,0.419080555,0.299555063,0.371693999,0.176785603,0.472828001,0.604379535,0.869775236,,,
603212,7/2/25,0.860055923,0.811188102,0.704770088,0.749803245,0.694935977,0.827937484,0.753395617,0.860055923,,,
603216,7/16/25,0.857572019,0.364287406,0.418428838,0.360098869,0.482761562,0.481572956,0.755121291,0.857572019,,,
603158,8/14/25,0.880728722,0.371343821,0.319787353,0.260037214,0.228147313,0.236097679,0.75407052,0.880728722,2,7,
603757,8/14/25,0.893095374,0.559772611,0.68171978,0.591409564,0.766820908,0.752153814,0.936365664,0.893095374,,7,
603229,7/31/25,0.869476736,0.284302473,0.270045042,0.324992418,0.301586837,0.769649625,0.627843082,0.869476736,,,
603256,7/9/25,0.927825451,0.735925853,0.650451243,0.824291468,0.733912826,0.784867406,0.823891044,0.927825451,,,
603273,7/31/25,0.865607917,0.598498106,0.557950616,0.559860885,0.637801945,0.664121687,0.690804541,0.865607917,,,
603280,7/21/25,0.856314003,0.567305982,0.562479675,0.553127706,0.568135321,0.527840257,0.615409017,0.856314003,,,
603280,7/22/25,0.877550066,0.562479675,0.553127706,0.568135321,0.527840257,0.615409017,0.856314003,0.877550066,,,
603280,7/23/25,0.909105778,0.553127706,0.568135321,0.527840257,0.615409017,0.856314003,0.877550066,0.909105778,,,
603280,7/24/25,0.904206812,0.568135321,0.527840257,0.615409017,0.856314003,0.877550066,0.909105778,0.904206812,,,
603280,7/28/25,0.87725085,0.615409017,0.856314003,0.877550066,0.909105778,0.904206812,0.840863168,0.87725085,,,
603280,7/29/25,0.91349566,0.856314003,0.877550066,0.909105778,0.904206812,0.840863168,0.87725085,0.91349566,,,
603316,7/1/25,0.916315496,0.445453256,0.51353848,0.654447496,0.851225972,0.916936278,0.972702503,0.916315496,,,
603316,7/2/25,0.937748015,0.51353848,0.654447496,0.851225972,0.916936278,0.972702503,0.916315496,0.937748015,,,
603316,7/3/25,0.881974339,0.654447496,0.851225972,0.916936278,0.972702503,0.916315496,0.937748015,0.881974339,,,
603316,7/4/25,0.852868199,0.851225972,0.916936278,0.972702503,0.916315496,0.937748015,0.881974339,0.852868199,,,
603336,7/24/25,0.863037348,0.692027807,0.687985718,0.5811342,0.671341479,0.568743229,0.630099237,0.863037348,,,
603367,7/28/25,0.897103429,0.506769121,0.808156967,0.835556567,0.809164226,0.713828921,0.76718837,0.897103429,,,
603367,7/29/25,0.858689725,0.808156967,0.835556567,0.809164226,0.713828921,0.76718837,0.897103429,0.858689725,,,
603367,7/30/25,0.861033618,0.835556567,0.809164226,0.713828921,0.76718837,0.897103429,0.858689725,0.861033618,,,
603381,8/5/25,0.878196359,0.18904081,0.225446448,0.256968081,0.203830644,0.326544553,0.725173116,0.878196359,,,
603389,8/14/25,0.881058753,0.173396036,0.139186963,0.329481781,0.306373805,0.419900268,0.698419333,0.881058753,2,,
603516,8/7/25,0.904581904,0.77806443,0.8340379,0.826976597,0.677125454,0.794231296,0.828826606,0.904581904,,,
603538,7/3/25,0.853879333,0.702187896,0.812927544,0.732337356,0.701647401,0.770661116,0.820515394,0.853879333,,,
603538,8/13/25,0.852467954,0.752468407,0.796395242,0.654106319,0.833551109,0.700853288,0.796968639,0.852467954,,,
603601,7/1/25,0.89702487,0.337932914,0.511268616,0.601452529,0.418471426,0.38197732,0.805238366,0.89702487,,,
603601,7/2/25,0.8890692,0.511268616,0.601452529,0.418471426,0.38197732,0.805238366,0.89702487,0.8890692,,,
603616,7/22/25,0.895687699,0.655958593,0.656326115,0.631946206,0.628365219,0.47588104,0.842053592,0.895687699,,,
603616,7/23/25,0.919539332,0.656326115,0.631946206,0.628365219,0.47588104,0.842053592,0.895687699,0.919539332,,,
603616,7/24/25,0.939552844,0.631946206,0.628365219,0.47588104,0.842053592,0.895687699,0.919539332,0.939552844,,,
603616,7/28/25,0.911886215,0.47588104,0.842053592,0.895687699,0.919539332,0.939552844,0.797438979,0.911886215,,,
603616,7/29/25,0.867326081,0.842053592,0.895687699,0.919539332,0.939552844,0.797438979,0.911886215,0.867326081,,,
603616,7/30/25,0.859343767,0.895687699,0.919539332,0.939552844,0.797438979,0.911886215,0.867326081,0.859343767,,,
603616,7/31/25,0.90535748,0.919539332,0.939552844,0.797438979,0.911886215,0.867326081,0.859343767,0.90535748,,,
603616,8/1/25,0.875604749,0.939552844,0.797438979,0.911886215,0.867326081,0.859343767,0.90535748,0.875604749,,,
603716,7/1/25,0.871638596,0.862251341,0.751246274,0.756075382,0.717614889,0.749220073,0.775497675,0.871638596,,,
603716,7/2/25,0.897856534,0.751246274,0.756075382,0.717614889,0.749220073,0.775497675,0.871638596,0.897856534,,,
603716,7/3/25,0.918681026,0.756075382,0.717614889,0.749220073,0.775497675,0.871638596,0.897856534,0.918681026,,,
603716,7/4/25,0.945832908,0.717614889,0.749220073,0.775497675,0.871638596,0.897856534,0.918681026,0.945832908,,,
603716,7/10/25,0.857634962,0.897856534,0.918681026,0.945832908,0.627672076,0.706085384,0.816926301,0.857634962,,,
603716,7/16/25,0.879442155,0.706085384,0.816926301,0.857634962,0.76937753,0.752768278,0.79981333,0.879442155,,,
603716,7/18/25,0.865636468,0.857634962,0.76937753,0.752768278,0.79981333,0.879442155,0.79078263,0.865636468,,,
603716,7/21/25,0.883838654,0.76937753,0.752768278,0.79981333,0.879442155,0.79078263,0.865636468,0.883838654,,,
603716,7/24/25,0.915871263,0.879442155,0.79078263,0.865636468,0.883838654,0.834132671,0.831531703,0.915871263,,,
603716,7/28/25,0.853794336,0.865636468,0.883838654,0.834132671,0.831531703,0.915871263,0.83697933,0.853794336,,,
603716,8/11/25,0.857506514,0.845513284,0.683245242,0.743511677,0.661014557,0.745288372,0.663542628,0.857506514,,,
603757,8/13/25,0.936365664,0.596828282,0.559772611,0.68171978,0.591409564,0.766820908,0.752153814,0.936365664,,,
2173,8/14/25,0.862543941,0.737434745,0.903379261,0.866751909,0.85309875,0.84403646,0.907883465,0.862543941,,6.8,
603758,7/8/25,0.919964015,0.77656436,0.838116467,0.787402332,0.553233981,0.591640353,0.796378493,0.919964015,,,
603758,7/9/25,0.919964015,0.838116467,0.787402332,0.553233981,0.591640353,0.796378493,0.919964015,0.919964015,,,
603758,7/10/25,0.919964015,0.787402332,0.553233981,0.591640353,0.796378493,0.919964015,0.919964015,0.919964015,,,
603767,8/5/25,0.857743621,0.424788564,0.449870229,0.737322092,0.703495562,0.7732355,0.779059768,0.857743621,,,
603767,8/6/25,0.902490556,0.449870229,0.737322092,0.703495562,0.7732355,0.779059768,0.857743621,0.902490556,,,
603767,8/7/25,0.90967834,0.737322092,0.703495562,0.7732355,0.779059768,0.857743621,0.902490556,0.90967834,,,
603767,8/11/25,0.855567455,0.7732355,0.779059768,0.857743621,0.902490556,0.90967834,0.751914799,0.855567455,,,
603767,8/13/25,0.869083166,0.857743621,0.902490556,0.90967834,0.751914799,0.855567455,0.848963559,0.869083166,,,
603778,7/9/25,0.887403667,0.463251084,0.529065967,0.614069819,0.61762023,0.544386446,0.78257972,0.887403667,,,
603778,7/10/25,0.904649615,0.529065967,0.614069819,0.61762023,0.544386446,0.78257972,0.887403667,0.904649615,,,
603778,7/11/25,0.940954685,0.614069819,0.61762023,0.544386446,0.78257972,0.887403667,0.904649615,0.940954685,,,
603778,7/14/25,0.92589587,0.61762023,0.544386446,0.78257972,0.887403667,0.904649615,0.940954685,0.92589587,,,
603800,8/13/25,0.871749401,0.673312485,0.784181893,0.785919309,0.795601606,0.808073223,0.733418107,0.871749401,,,
603801,7/9/25,0.850956619,0.238459438,0.166420296,0.144765019,0.199558869,0.246863231,0.55353272,0.850956619,,,
603811,7/3/25,0.868619919,0.37411949,0.297309607,0.29948315,0.373673171,0.48340255,0.824808955,0.868619919,,,
603811,7/15/25,0.879687726,0.6304636,0.519198477,0.641191006,0.607425034,0.428719908,0.596728086,0.879687726,,,
603811,8/4/25,0.857791424,0.554341793,0.53580898,0.610348344,0.618501723,0.683545768,0.657388031,0.857791424,,,
603811,8/5/25,0.910563469,0.53580898,0.610348344,0.618501723,0.683545768,0.657388031,0.857791424,0.910563469,,,
603811,8/8/25,0.885287583,0.683545768,0.657388031,0.857791424,0.910563469,0.810860515,0.805740297,0.885287583,,,
603811,8/11/25,0.887152612,0.657388031,0.857791424,0.910563469,0.810860515,0.805740297,0.885287583,0.887152612,,,
600749,8/14/25,0.852792442,0.814464152,0.821058989,0.793884039,0.785737216,0.646771908,0.758991659,0.852792442,,6.8,
603839,7/29/25,0.858542025,0.349173546,0.287962228,0.262306422,0.377877563,0.332727462,0.483945787,0.858542025,,,
603839,7/30/25,0.877523243,0.287962228,0.262306422,0.377877563,0.332727462,0.483945787,0.858542025,0.877523243,,,
603839,7/31/25,0.953441381,0.262306422,0.377877563,0.332727462,0.483945787,0.858542025,0.877523243,0.953441381,,,
603856,7/11/25,0.883301556,0.196692154,0.181369126,0.150145054,0.148217365,0.182612449,0.682817459,0.883301556,,,
603879,7/22/25,0.859041154,0.340658665,0.439663738,0.441486716,0.434690684,0.664085329,0.588492095,0.859041154,,,
603916,7/21/25,0.880038202,0.393664956,0.479044616,0.446141809,0.466568053,0.461442739,0.381206959,0.880038202,,,
603916,7/22/25,0.922282755,0.479044616,0.446141809,0.466568053,0.461442739,0.381206959,0.880038202,0.922282755,,,
603916,7/23/25,0.962342978,0.446141809,0.466568053,0.461442739,0.381206959,0.880038202,0.922282755,0.962342978,,,
603916,7/24/25,0.871263623,0.466568053,0.461442739,0.381206959,0.880038202,0.922282755,0.962342978,0.871263623,,,
603928,7/1/25,0.87615484,0.937612176,0.91703409,0.920401275,0.840644121,0.807553589,0.89517349,0.87615484,,,
603928,7/2/25,0.857612669,0.91703409,0.920401275,0.840644121,0.807553589,0.89517349,0.87615484,0.857612669,,,
603936,7/1/25,0.853302777,0.658885539,0.587700844,0.583462,0.597948551,0.582133293,0.636318922,0.853302777,,,
603936,7/3/25,0.87339294,0.583462,0.597948551,0.582133293,0.636318922,0.853302777,0.706679702,0.87339294,,,
603936,7/8/25,0.872801244,0.636318922,0.853302777,0.706679702,0.87339294,0.777058423,0.737076461,0.872801244,,,
603966,7/22/25,0.924758554,0.370083719,0.379511058,0.43550542,0.570909381,0.513838053,0.828111589,0.924758554,,,
603966,7/23/25,0.879256785,0.379511058,0.43550542,0.570909381,0.513838053,0.828111589,0.924758554,0.879256785,,,
603969,7/22/25,0.853571415,0.506729245,0.414143026,0.347324461,0.38370797,0.411492705,0.669595182,0.853571415,,,
605008,7/16/25,0.902294457,0.486303449,0.531401932,0.527561247,0.593363881,0.70758462,0.678949952,0.902294457,,,
605008,7/17/25,0.902294457,0.531401932,0.527561247,0.593363881,0.70758462,0.678949952,0.902294457,0.902294457,,,
605008,7/18/25,0.902294457,0.527561247,0.593363881,0.70758462,0.678949952,0.902294457,0.902294457,0.902294457,,,
605033,7/18/25,0.865300417,0.394891888,0.409504026,0.348603874,0.32834667,0.384446532,0.718077123,0.865300417,,,
605033,7/21/25,0.88719821,0.409504026,0.348603874,0.32834667,0.384446532,0.718077123,0.865300417,0.88719821,,,
605033,7/22/25,0.8674348,0.348603874,0.32834667,0.384446532,0.718077123,0.865300417,0.88719821,0.8674348,,,
605122,7/7/25,0.859681606,0.274194062,0.33304745,0.307094842,0.491219461,0.440223396,0.398586184,0.859681606,,,
605122,7/8/25,0.951084912,0.33304745,0.307094842,0.491219461,0.440223396,0.398586184,0.859681606,0.951084912,,,
605122,7/9/25,0.949504256,0.307094842,0.491219461,0.440223396,0.398586184,0.859681606,0.951084912,0.949504256,,,
605122,7/10/25,0.933193684,0.491219461,0.440223396,0.398586184,0.859681606,0.951084912,0.949504256,0.933193684,,,
605151,7/1/25,0.887914121,0.424526066,0.553724766,0.769948542,0.546431899,0.477627546,0.780533791,0.887914121,,,
605151,7/2/25,0.955602646,0.553724766,0.769948542,0.546431899,0.477627546,0.780533791,0.887914121,0.955602646,,,
605162,7/7/25,0.87199837,0.272779405,0.235531524,0.372798622,0.44293651,0.396549672,0.843483865,0.87199837,,,
605162,7/8/25,0.890469313,0.235531524,0.372798622,0.44293651,0.396549672,0.843483865,0.87199837,0.890469313,,,
605162,7/9/25,0.92072916,0.372798622,0.44293651,0.396549672,0.843483865,0.87199837,0.890469313,0.92072916,,,
605169,8/6/25,0.931333125,0.158900231,0.188839793,0.278549373,0.250594884,0.36826849,0.754323483,0.931333125,,,
605169,8/7/25,0.890677691,0.188839793,0.278549373,0.250594884,0.36826849,0.754323483,0.931333125,0.890677691,,,
605169,8/8/25,0.928674817,0.278549373,0.250594884,0.36826849,0.754323483,0.931333125,0.890677691,0.928674817,,,
605169,8/12/25,0.908213794,0.36826849,0.754323483,0.931333125,0.890677691,0.928674817,0.608542264,0.908213794,,,
605178,7/23/25,0.851499438,0.552699387,0.679017067,0.775336087,0.718064129,0.70060271,0.764134824,0.851499438,,,
605178,7/25/25,0.851327658,0.775336087,0.718064129,0.70060271,0.764134824,0.851499438,0.804021299,0.851327658,,,
605178,7/29/25,0.875028193,0.70060271,0.764134824,0.851499438,0.804021299,0.851327658,0.845685542,0.875028193,,,
605188,8/12/25,0.908645511,0.172774211,0.19387193,0.225695819,0.175084338,0.188157782,0.688497961,0.908645511,,,
605268,7/30/25,0.914994597,0.19819279,0.490678608,0.606699467,0.434917361,0.296896756,0.735589504,0.914994597,,,
605277,7/10/25,0.884590387,0.623295367,0.783132076,0.787191093,0.839559257,0.815648735,0.843744397,0.884590387,,,
605298,8/12/25,0.929909468,0.71546936,0.619705081,0.639799058,0.645062983,0.617901444,0.716498256,0.929909468,,,
605366,7/11/25,0.887955308,0.400714844,0.365846217,0.379640579,0.556977451,0.456191689,0.821309566,0.887955308,,,
605399,7/11/25,0.916667521,0.361801207,0.42661342,0.459840029,0.592057526,0.585124314,0.715180278,0.916667521,,,
605399,7/14/25,0.901994944,0.42661342,0.459840029,0.592057526,0.585124314,0.715180278,0.916667521,0.901994944,,,
605500,7/4/25,0.915031672,0.14091672,0.085911773,0.373010069,0.416122466,0.369291157,0.84786737,0.915031672,,,
605500,7/7/25,0.918173254,0.085911773,0.373010069,0.416122466,0.369291157,0.84786737,0.915031672,0.918173254,,,
605500,7/8/25,0.879540324,0.373010069,0.416122466,0.369291157,0.84786737,0.915031672,0.918173254,0.879540324,,,
605500,7/14/25,0.899979413,0.915031672,0.918173254,0.879540324,0.80587858,0.829677403,0.733587027,0.899979413,,,
605598,8/8/25,0.898097873,0.194739118,0.121337123,0.171362326,0.329667062,0.625178993,0.761454105,0.898097873,,,
688011,7/28/25,0.897341847,0.721804857,0.798611045,0.730456233,0.802768409,0.526359499,0.752672136,0.897341847,,,
688011,8/4/25,0.858738959,0.752672136,0.897341847,0.649782836,0.636542141,0.751133859,0.812337279,0.858738959,,,
688062,7/17/25,0.852882028,0.634246528,0.772028148,0.731437445,0.679231703,0.651054382,0.62795186,0.852882028,,,
688108,8/8/25,0.869575799,0.561438084,0.747694373,0.65689218,0.565834105,0.501631141,0.751531959,0.869575799,,,
688108,8/11/25,0.878670394,0.747694373,0.65689218,0.565834105,0.501631141,0.751531959,0.869575799,0.878670394,,,
688118,8/4/25,0.857966185,0.625345767,0.530418038,0.553610981,0.603531837,0.666076839,0.826072514,0.857966185,,,
688146,8/13/25,0.85066998,0.431352466,0.628330708,0.577819765,0.680436134,0.726429582,0.684267044,0.85066998,,,
688176,7/14/25,0.854269862,0.637851298,0.50658977,0.562051535,0.536602974,0.449837238,0.572673798,0.854269862,,,
688184,7/17/25,0.88764447,0.298358738,0.317165434,0.389645696,0.149595499,0.20983766,0.260794133,0.88764447,,,
688184,7/18/25,0.949061453,0.317165434,0.389645696,0.149595499,0.20983766,0.260794133,0.88764447,0.949061453,,,
688189,7/30/25,0.850165963,0.801330924,0.752084196,0.692375243,0.677771568,0.619303286,0.839339733,0.850165963,,,
688189,7/31/25,0.88583529,0.752084196,0.692375243,0.677771568,0.619303286,0.839339733,0.850165963,0.88583529,,,
688189,8/5/25,0.858119845,0.619303286,0.839339733,0.850165963,0.88583529,0.711220264,0.819464028,0.858119845,,,
688221,7/4/25,0.878699064,0.352216363,0.543777049,0.508024156,0.736538947,0.639693499,0.753595114,0.878699064,,,
688221,7/7/25,0.8520028,0.543777049,0.508024156,0.736538947,0.639693499,0.753595114,0.878699064,0.8520028,,,
688221,7/10/25,0.866902113,0.639693499,0.753595114,0.878699064,0.8520028,0.775049508,0.811598897,0.866902113,,,
688221,7/11/25,0.914851785,0.753595114,0.878699064,0.8520028,0.775049508,0.811598897,0.866902113,0.914851785,,,
688221,7/14/25,0.859345555,0.878699064,0.8520028,0.775049508,0.811598897,0.866902113,0.914851785,0.859345555,,,
688221,7/15/25,0.941553831,0.8520028,0.775049508,0.811598897,0.866902113,0.914851785,0.859345555,0.941553831,,,
688221,7/16/25,0.906970561,0.775049508,0.811598897,0.866902113,0.914851785,0.859345555,0.941553831,0.906970561,,,
688221,7/17/25,0.862213492,0.811598897,0.866902113,0.914851785,0.859345555,0.941553831,0.906970561,0.862213492,,,
688221,7/18/25,0.88807112,0.866902113,0.914851785,0.859345555,0.941553831,0.906970561,0.862213492,0.88807112,,,
688221,7/22/25,0.852978706,0.859345555,0.941553831,0.906970561,0.862213492,0.88807112,0.834691346,0.852978706,,,
688221,7/29/25,0.883679986,0.834691346,0.852978706,0.828148067,0.839296162,0.785408854,0.769675374,0.883679986,,,
688291,7/7/25,0.854830742,0.544130623,0.546292901,0.646464229,0.577560902,0.64902395,0.717848063,0.854830742,,,
688291,7/8/25,0.867602587,0.546292901,0.646464229,0.577560902,0.64902395,0.717848063,0.854830742,0.867602587,,,
688291,8/8/25,0.854331732,0.757725537,0.636694431,0.513351083,0.449464917,0.453768909,0.691253901,0.854331732,,,
688291,8/11/25,0.854331732,0.636694431,0.513351083,0.449464917,0.453768909,0.691253901,0.854331732,0.854331732,,,
688291,8/12/25,0.854331732,0.513351083,0.449464917,0.453768909,0.691253901,0.854331732,0.854331732,0.854331732,,,
688313,7/7/25,0.850046754,0.547775686,0.638021052,0.52559185,0.536496401,0.64174962,0.62717104,0.850046754,,,
688313,7/8/25,0.948529065,0.638021052,0.52559185,0.536496401,0.64174962,0.62717104,0.850046754,0.948529065,,,
688313,7/9/25,0.948529065,0.52559185,0.536496401,0.64174962,0.62717104,0.850046754,0.948529065,0.948529065,,,
688313,7/10/25,0.948529065,0.536496401,0.64174962,0.62717104,0.850046754,0.948529065,0.948529065,0.948529065,,,
688425,7/22/25,0.903114974,0.227773592,0.389414281,0.421769828,0.349243373,0.387152791,0.826896787,0.903114974,,,
688585,7/3/25,0.937224388,0.598582685,0.298606098,0.191657737,0.271290183,0.245992333,0.805210173,0.937224388,,,
688585,7/4/25,0.923726499,0.298606098,0.191657737,0.271290183,0.245992333,0.805210173,0.937224388,0.923726499,,,
688585,7/7/25,0.916134655,0.191657737,0.271290183,0.245992333,0.805210173,0.937224388,0.923726499,0.916134655,,,
688585,7/8/25,0.90810132,0.271290183,0.245992333,0.805210173,0.937224388,0.923726499,0.916134655,0.90810132,,,
688585,7/9/25,0.979550481,0.245992333,0.805210173,0.937224388,0.923726499,0.916134655,0.90810132,0.979550481,,,
688585,7/10/25,0.988498151,0.805210173,0.937224388,0.923726499,0.916134655,0.90810132,0.979550481,0.988498151,,,
688585,7/11/25,0.992483318,0.937224388,0.923726499,0.916134655,0.90810132,0.979550481,0.988498151,0.992483318,,,
688585,7/14/25,0.996527374,0.923726499,0.916134655,0.90810132,0.979550481,0.988498151,0.992483318,0.996527374,,,
688585,7/15/25,0.997903585,0.916134655,0.90810132,0.979550481,0.988498151,0.992483318,0.996527374,0.997903585,,,
688585,7/16/25,0.998175263,0.90810132,0.979550481,0.988498151,0.992483318,0.996527374,0.997903585,0.998175263,,,
688585,7/17/25,0.994869471,0.979550481,0.988498151,0.992483318,0.996527374,0.997903585,0.998175263,0.994869471,,,
688585,7/18/25,0.993241727,0.988498151,0.992483318,0.996527374,0.997903585,0.998175263,0.994869471,0.993241727,,,
688585,7/21/25,0.988618135,0.992483318,0.996527374,0.997903585,0.998175263,0.994869471,0.993241727,0.988618135,,,
688585,7/22/25,0.976914465,0.996527374,0.997903585,0.998175263,0.994869471,0.993241727,0.988618135,0.976914465,,,
688585,7/23/25,0.986238897,0.997903585,0.998175263,0.994869471,0.993241727,0.988618135,0.976914465,0.986238897,,,
688585,7/24/25,0.970567703,0.998175263,0.994869471,0.993241727,0.988618135,0.976914465,0.986238897,0.970567703,,,
688585,7/25/25,0.975349307,0.994869471,0.993241727,0.988618135,0.976914465,0.986238897,0.970567703,0.975349307,,,
688585,7/29/25,0.916253626,0.988618135,0.976914465,0.986238897,0.970567703,0.975349307,0.641290963,0.916253626,,,