range,code,event_date,y_prob,y_pred,close_t,close_t+1,close_t+2,close_t+3,close_t+4,close_t+5,
"[0.85,1.00]",10,7/9/25,0.87906814,1,3.29,3.62,3.98,3.9,3.73,3.37,1
"[0.85,1.00]",10,7/10/25,0.90208304,1,3.62,3.98,3.9,3.73,3.37,3.26,1
"[0.85,1.00]",10,7/11/25,0.9429109,1,3.98,3.9,3.73,3.37,3.26,3.18,0
"[0.85,1.00]",26,6/27/25,0.8995054,1,14.38,15.82,16.51,18.16,18.8,17.48,1
"[0.85,1.00]",26,6/30/25,0.925678,1,15.82,16.51,18.16,18.8,17.48,17.16,1
"[0.85,1.00]",26,7/2/25,0.89149314,1,18.16,18.8,17.48,17.16,16.77,17.4,1
"[0.85,1.00]",26,7/3/25,0.85623676,1,18.8,17.48,17.16,16.77,17.4,16.48,0
"[0.85,1.00]",37,7/7/25,0.881104,1,10.56,10.53,10.38,10.29,9.99,10.27,0
"[0.85,1.00]",514,7/7/25,0.8813497,1,5.15,5.67,6.24,6.86,7.08,6.37,1
"[0.85,1.00]",514,7/8/25,0.8821504,1,5.67,6.24,6.86,7.08,6.37,7.01,1
"[0.85,1.00]",514,7/9/25,0.9173056,1,6.24,6.86,7.08,6.37,7.01,6.85,1
"[0.85,1.00]",514,7/10/25,0.85906374,1,6.86,7.08,6.37,7.01,6.85,6.59,1
"[0.85,1.00]",514,7/16/25,0.85251534,1,6.85,6.59,6.31,6.21,6.1,5.98,0
"[0.85,1.00]",533,8/4/25,0.8667398,1,7.68,7.52,7.57,7.56,,,0
"[0.85,1.00]",546,7/18/25,0.8685891,1,5.51,5.6,5.64,5.35,5.65,5.63,1
"[0.85,1.00]",554,6/16/25,0.9046321,1,7.78537389,8.06236305,7.67655672,8.06236305,7.43913744,8.18107269,1
"[0.85,1.00]",554,6/23/25,0.91408277,1,8.18107269,7.35999768,6.81,7.02,6.78,7.07,0
"[0.85,1.00]",558,7/28/25,0.8756722,1,5.71,5.99,6.59,6.7,7.37,7.03,1
"[0.85,1.00]",558,7/31/25,0.85495526,1,6.7,7.37,7.03,7.32,6.62,5.96,1
"[0.85,1.00]",558,8/1/25,0.88252485,1,7.37,7.03,7.32,6.62,5.96,,0
"[0.85,1.00]",558,8/4/25,0.8857805,1,7.03,7.32,6.62,5.96,,,1
"[0.85,1.00]",572,7/24/25,0.85513926,1,4.92,4.6,4.51,4.5,4.54,4.38,0
"[0.85,1.00]",590,7/10/25,0.87205327,1,13.32,14.3,13.86,13.86,12.47,13.02,1
"[0.85,1.00]",590,7/17/25,0.87027085,1,13.02,12.49,12.12,11.83,11.78,12.03,0
"[0.85,1.00]",601,7/7/25,0.93160164,1,6.12,6.28,6.45,5.93,5.97,5.93,1
"[0.85,1.00]",607,7/8/25,0.8850409,1,4.95,5.45,6,6.6,5.94,5.54,1
"[0.85,1.00]",607,7/9/25,0.9128271,1,5.45,6,6.6,5.94,5.54,5.14,1
"[0.85,1.00]",607,7/10/25,0.92822254,1,6,6.6,5.94,5.54,5.14,5.09,1
"[0.85,1.00]",607,7/11/25,0.9343915,1,6.6,5.94,5.54,5.14,5.09,4.96,0
"[0.85,1.00]",633,6/24/25,0.8585431,1,6.15,6.15,6.15,6.15,6.15,6.77,1
"[0.85,1.00]",633,6/25/25,0.8586124,1,6.15,6.15,6.15,6.15,6.77,6.49,1
"[0.85,1.00]",633,6/26/25,0.8844975,1,6.15,6.15,6.15,6.77,6.49,6.04,1
"[0.85,1.00]",633,6/30/25,0.89753675,1,6.15,6.77,6.49,6.04,5.9,6.04,1
"[0.85,1.00]",633,7/1/25,0.9726273,1,6.77,6.49,6.04,5.9,6.04,6.09,0
"[0.85,1.00]",637,6/20/25,0.8746745,1,4.87,5.36,4.82,4.34,4.56,4.24,1
"[0.85,1.00]",637,6/23/25,0.9121208,1,5.36,4.82,4.34,4.56,4.24,4.28,0
"[0.85,1.00]",655,7/9/25,0.890362,1,8.88,9.77,10.21,9.19,8.4,8.22,1
"[0.85,1.00]",655,7/10/25,0.87057626,1,9.77,10.21,9.19,8.4,8.22,8.4,1
"[0.85,1.00]",657,7/24/25,0.8857498,1,17.8,19.08,18.01,19,17.1,16.11,1
"[0.85,1.00]",680,7/28/25,0.85268486,1,11.03,10.71,10.2,9.95,9.89,9.77,0
"[0.85,1.00]",702,7/11/25,0.87090224,1,8.48,7.82,7.49,7.53,7.57,7.54,0
"[0.85,1.00]",705,7/17/25,0.9124116,1,10.55,10.38,9.88,9.47,9.29,9.42,0
"[0.85,1.00]",716,8/5/25,0.8579036,1,6.54,6.54,6.54,,,,0
"[0.85,1.00]",716,8/6/25,0.89001024,1,6.54,6.54,,,,,0
"[0.85,1.00]",716,8/7/25,0.9034838,1,6.54,,,,,,0
"[0.85,1.00]",796,7/8/25,0.85841346,1,4.44,4.4,4.38,4.46,4.35,4.12,1
"[0.85,1.00]",796,7/22/25,0.9193546,1,5.23,4.71,5.18,5.39,5.01,5.16,1
"[0.85,1.00]",796,7/24/25,0.89693475,1,5.18,5.39,5.01,5.16,5.68,5.34,1
"[0.85,1.00]",796,7/25/25,0.8606547,1,5.39,5.01,5.16,5.68,5.34,5.19,1
"[0.85,1.00]",796,7/31/25,0.9119378,1,5.34,5.19,5.32,5.44,5.17,5.01,1
"[0.85,1.00]",838,7/7/25,0.873279,1,3.01,2.96,3.04,3.17,3.07,2.99,1
"[0.85,1.00]",838,7/9/25,0.8667382,1,3.04,3.17,3.07,2.99,2.89,2.88,1
"[0.85,1.00]",838,7/11/25,0.8626875,1,3.07,2.99,2.89,2.88,2.88,2.89,0
"[0.85,1.00]",892,6/23/25,0.9048983,1,4.21,4.63,4.36,4.8,4.86,4.84,1
"[0.85,1.00]",892,6/24/25,0.9322422,1,4.63,4.36,4.8,4.86,4.84,4.73,1
"[0.85,1.00]",892,6/25/25,0.8845641,1,4.36,4.8,4.86,4.84,4.73,4.37,1
"[0.85,1.00]",892,6/26/25,0.9163385,1,4.8,4.86,4.84,4.73,4.37,4.81,1
"[0.85,1.00]",892,6/27/25,0.8838913,1,4.86,4.84,4.73,4.37,4.81,4.78,0
"[0.85,1.00]",892,7/1/25,0.8501637,1,4.73,4.37,4.81,4.78,4.7,4.7,1
"[0.85,1.00]",892,7/9/25,0.8791255,1,5.17,5.69,5.3,4.82,4.83,4.92,1
"[0.85,1.00]",892,7/10/25,0.91198397,1,5.69,5.3,4.82,4.83,4.92,4.85,0
"[0.85,1.00]",965,7/15/25,0.85913324,1,4.74,4.53,4.41,4.34,4.37,4.5,0
"[0.85,1.00]",989,7/9/25,0.8545704,1,11,11.66,11.8,11.51,11.09,11.41,1
"[0.85,1.00]",1203,7/9/25,0.8596132,1,10.84,11.1,10.78,11.1,10.65,10.47,1
"[0.85,1.00]",1236,6/16/25,0.87040496,1,11,11.09,10.86,10.12,9.55,9.93,1
"[0.85,1.00]",1236,6/24/25,0.8530979,1,10.92,12.01,13.21,14.53,15.98,14.38,1
"[0.85,1.00]",1236,6/25/25,0.91019446,1,12.01,13.21,14.53,15.98,14.38,12.94,1
"[0.85,1.00]",1236,6/26/25,0.9533329,1,13.21,14.53,15.98,14.38,12.94,12.7,1
"[0.85,1.00]",1236,6/27/25,0.9349224,1,14.53,15.98,14.38,12.94,12.7,13.16,1
"[0.85,1.00]",1236,6/30/25,0.93365204,1,15.98,14.38,12.94,12.7,13.16,14.24,0
"[0.85,1.00]",1239,7/22/25,0.8727061,1,19.15,21.07,19.41,18.3,18.78,18.55,1
"[0.85,1.00]",1267,7/24/25,0.89086723,1,13,13,11.7,11.89,13.08,14.39,1
"[0.85,1.00]",1298,6/27/25,0.9008553,1,29.49,32.44,33.56,35.16,38.68,34.81,1
"[0.85,1.00]",1298,6/30/25,0.8530039,1,32.44,33.56,35.16,38.68,34.81,33.02,1
"[0.85,1.00]",1318,7/30/25,0.8570381,1,16.49,18.14,16.4,14.82,14.37,14.38,1
"[0.85,1.00]",1318,7/31/25,0.900391,1,18.14,16.4,14.82,14.37,14.38,14.3,0
"[0.85,1.00]",1331,7/31/25,0.88720006,1,12.72,13.99,15.39,13.92,12.53,11.98,1
"[0.85,1.00]",1331,8/1/25,0.8618401,1,13.99,15.39,13.92,12.53,11.98,,1
"[0.85,1.00]",1331,8/4/25,0.9138302,1,15.39,13.92,12.53,11.98,,,0
"[0.85,1.00]",1359,7/21/25,0.85474235,1,48.84,51,53.3,53.71,52.9,51.8,1
"[0.85,1.00]",1360,7/21/25,0.87603337,1,17.17,18.89,20.78,18.71,16.84,16.4,1
"[0.85,1.00]",1360,7/22/25,0.89288414,1,18.89,20.78,18.71,16.84,16.4,16.19,1
"[0.85,1.00]",2015,6/13/25,0.912362,1,9.74,10.71,11.78,12.96,11.87,10.68,1
"[0.85,1.00]",2015,6/17/25,0.8502336,1,11.78,12.96,11.87,10.68,11.19,11.3,1
"[0.85,1.00]",2015,6/18/25,0.8706798,1,12.96,11.87,10.68,11.19,11.3,11.87,0
"[0.85,1.00]",2017,6/12/25,0.8540574,1,12.97,12.06,13.27,14.6,16.06,17.01,1
"[0.85,1.00]",2017,6/16/25,0.87016153,1,13.27,14.6,16.06,17.01,15.64,16.15,1
"[0.85,1.00]",2017,6/17/25,0.8883123,1,14.6,16.06,17.01,15.64,16.15,17.77,1
"[0.85,1.00]",2017,6/18/25,0.87703735,1,16.06,17.01,15.64,16.15,17.77,16.95,1
"[0.85,1.00]",2017,6/19/25,0.87834626,1,17.01,15.64,16.15,17.77,16.95,16.53,1
"[0.85,1.00]",2017,6/23/25,0.85698354,1,16.15,17.77,16.95,16.53,16.75,18.43,1
"[0.85,1.00]",2017,6/24/25,0.8869839,1,17.77,16.95,16.53,16.75,18.43,17.6,1
"[0.85,1.00]",2017,6/25/25,0.87149084,1,16.95,16.53,16.75,18.43,17.6,16.46,1
"[0.85,1.00]",2017,6/30/25,0.8798037,1,18.43,17.6,16.46,16.59,16.22,17,0
"[0.85,1.00]",2017,7/16/25,0.87842095,1,18.24,18.04,18.48,20.33,22.36,22.83,1
"[0.85,1.00]",2017,7/21/25,0.8815919,1,20.33,22.36,22.83,23.4,24.78,27.26,1
"[0.85,1.00]",2017,7/22/25,0.86756927,1,22.36,22.83,23.4,24.78,27.26,27.1,1
"[0.85,1.00]",2017,7/28/25,0.8649997,1,27.26,27.1,24.39,24.85,24.74,24.69,0
"[0.85,1.00]",2022,8/7/25,0.87643194,1,7.95,,,,,,0
"[0.85,1.00]",2037,7/21/25,0.9031565,1,10.66,11.73,12.9,14.19,14.8,15.26,1
"[0.85,1.00]",2037,7/22/25,0.9646125,1,11.73,12.9,14.19,14.8,15.26,16.06,1
"[0.85,1.00]",2037,7/23/25,0.9055964,1,12.9,14.19,14.8,15.26,16.06,15.28,1
"[0.85,1.00]",2046,8/7/25,0.85343665,1,28.23,,,,,,0
"[0.85,1.00]",2082,7/15/25,0.8704629,1,7.79,8.57,8.45,8.15,7.94,7.53,1
"[0.85,1.00]",2082,7/16/25,0.8852617,1,8.57,8.45,8.15,7.94,7.53,7.45,0
"[0.85,1.00]",2086,7/15/25,0.85093075,1,3.07,2.94,2.98,2.99,3.01,2.95,0
"[0.85,1.00]",2090,7/22/25,0.86127204,1,11.07,10.2,10.09,9.94,10.01,9.99,0
"[0.85,1.00]",2097,7/22/25,0.86170334,1,9.7,10.67,11.74,11.01,12.11,13.32,1
"[0.85,1.00]",2097,7/23/25,0.8998649,1,10.67,11.74,11.01,12.11,13.32,13.73,1
"[0.85,1.00]",2097,7/24/25,0.9085252,1,11.74,11.01,12.11,13.32,13.73,13.25,1
"[0.85,1.00]",2097,7/29/25,0.895491,1,13.32,13.73,13.25,14.19,15.61,17.17,1
"[0.85,1.00]",2097,7/31/25,0.87090236,1,13.25,14.19,15.61,17.17,17.5,15.75,1
"[0.85,1.00]",2097,8/1/25,0.8662818,1,14.19,15.61,17.17,17.5,15.75,,1
"[0.85,1.00]",2098,7/7/25,0.86708575,1,9.96,9.92,9.8,9.62,9.57,9.62,0
"[0.85,1.00]",2103,6/30/25,0.86599904,1,11.47,11.48,10.86,10.85,10.73,10.75,1
"[0.85,1.00]",2104,6/11/25,0.86416715,1,11.4813006,11.74969464,12.15725596,13.3699994,14.71,15.58,1
"[0.85,1.00]",2104,6/12/25,0.872281,1,11.74969464,12.15725596,13.3699994,14.71,15.58,14.66,1
"[0.85,1.00]",2104,6/16/25,0.8949537,1,13.3699994,14.71,15.58,14.66,14.7,16.17,1
"[0.85,1.00]",2104,6/17/25,0.89318854,1,14.71,15.58,14.66,14.7,16.17,17.08,1
"[0.85,1.00]",2107,7/14/25,0.9002491,1,7.46,6.97,6.69,7.36,7.25,7.1,0
"[0.85,1.00]",2108,6/26/25,0.91820824,1,4.11,4.1,3.86,3.75,3.73,3.76,0
"[0.85,1.00]",2115,6/16/25,0.87930083,1,9,9,9.15,8.71,8.49,8.83,1
"[0.85,1.00]",2115,6/24/25,0.8638565,1,9.13,9.05,9.1,9.27,9.23,9.12,1
"[0.85,1.00]",2121,7/10/25,0.8968286,1,6.26,5.98,6.58,6.47,6.03,6.13,1
"[0.85,1.00]",2125,6/20/25,0.91136026,1,12.29,13.52,14.87,16.36,15.9,14.81,1
"[0.85,1.00]",2125,6/23/25,0.88259476,1,13.52,14.87,16.36,15.9,14.81,14.53,1
"[0.85,1.00]",2125,6/24/25,0.90858436,1,14.87,16.36,15.9,14.81,14.53,14.1,1
"[0.85,1.00]",2125,6/25/25,0.87711346,1,16.36,15.9,14.81,14.53,14.1,13.94,0
"[0.85,1.00]",2133,7/15/25,0.8836704,1,3.42,3.19,3.16,3.13,3.16,3.19,0
"[0.85,1.00]",2148,8/5/25,0.9015351,1,8.57,9.43,10.37,,,,1
"[0.85,1.00]",2148,8/6/25,0.9227361,1,9.43,10.37,,,,,1
"[0.85,1.00]",2148,8/7/25,0.9171752,1,10.37,,,,,,0
"[0.85,1.00]",2161,7/25/25,0.8603417,1,8.09,7.99,7.83,7.91,8.26,7.91,1
"[0.85,1.00]",2163,7/24/25,0.8787857,1,11.65,11.47,10.77,10.6,10.71,10.16,0
"[0.85,1.00]",2167,6/26/25,0.8926864,1,11.5,11.06,11.13,10.95,10.86,10.95,0
"[0.85,1.00]",2167,7/24/25,0.85410416,1,13.7,13.24,13.31,12.99,12.63,12.35,0
"[0.85,1.00]",2167,7/28/25,0.8626421,1,13.31,12.99,12.63,12.35,12.41,12.57,0
"[0.85,1.00]",2173,7/1/25,0.894723,1,15.68,15,15.32,15.93,15.17,15.21,1
"[0.85,1.00]",2173,8/5/25,0.8558469,1,16.23,15.88,17.47,,,,1
"[0.85,1.00]",2173,8/7/25,0.90337926,1,17.47,,,,,,0
"[0.85,1.00]",2176,7/25/25,0.85128653,1,7.74,7.74,8.12,7.83,7.56,7.59,1
"[0.85,1.00]",2178,7/17/25,0.8556011,1,7.08,7.79,7.28,6.99,7.23,7.03,1
"[0.85,1.00]",2178,7/18/25,0.87822604,1,7.79,7.28,6.99,7.23,7.03,7.73,0
"[0.85,1.00]",2178,7/25/25,0.9044879,1,7.73,7.7,7.79,7.4,7.39,7.15,1
"[0.85,1.00]",2181,6/11/25,0.93135995,1,8.07,8.88,7.99,7.28,6.93,6.78,1
"[0.85,1.00]",2181,6/12/25,0.8509342,1,8.88,7.99,7.28,6.93,6.78,6.68,0
"[0.85,1.00]",2189,6/26/25,0.88577366,1,26.85,28,30.8,31.52,28.5,27.25,1
"[0.85,1.00]",2189,6/30/25,0.87696797,1,30.8,31.52,28.5,27.25,27.05,27.29,1
"[0.85,1.00]",2190,6/30/25,0.86817473,1,39.06,38.58,36.87,36.89,36.4,36.44,0
"[0.85,1.00]",2201,7/7/25,0.9127215,1,8.26,9.09,9.47,8.52,8.08,8.15,1
"[0.85,1.00]",2201,7/8/25,0.9308689,1,9.09,9.47,8.52,8.08,8.15,8.12,1
"[0.85,1.00]",2201,7/9/25,0.8519479,1,9.47,8.52,8.08,8.15,8.12,7.96,0
"[0.85,1.00]",2205,7/22/25,0.90861255,1,13.56,12.72,13.99,13.3,14.63,14.57,1
"[0.85,1.00]",2205,7/24/25,0.859201,1,13.99,13.3,14.63,14.57,14.4,13.62,1
"[0.85,1.00]",2205,7/28/25,0.908676,1,14.63,14.57,14.4,13.62,12.99,13.06,0
"[0.85,1.00]",2207,6/13/25,0.8700918,1,6.86,7.55,8.31,9.14,10.05,9.62,1
"[0.85,1.00]",2207,6/16/25,0.953558,1,7.55,8.31,9.14,10.05,9.62,10.58,1
"[0.85,1.00]",2207,6/17/25,0.9131701,1,8.31,9.14,10.05,9.62,10.58,9.52,1
"[0.85,1.00]",2209,7/15/25,0.88448465,1,16.85,18.54,17.09,16.41,15.78,15.22,1
"[0.85,1.00]",2209,7/16/25,0.9125268,1,18.54,17.09,16.41,15.78,15.22,15.83,0
"[0.85,1.00]",2213,6/25/25,0.8611617,1,19.4,18.69,18.71,19.31,20,18.2,1
"[0.85,1.00]",2217,6/23/25,0.93393385,1,2.14,2.35,2.59,2.85,2.74,2.69,1
"[0.85,1.00]",2218,7/9/25,0.8644237,1,4.08,4.49,4.57,4.47,4.02,3.81,1
"[0.85,1.00]",2218,7/10/25,0.9321948,1,4.49,4.57,4.47,4.02,3.81,3.8,1
"[0.85,1.00]",2225,7/8/25,0.850636,1,5.92,5.9,6.23,6.19,6.34,6.18,1
"[0.85,1.00]",2229,7/16/25,0.8540104,1,18.69,20.56,19.55,19.41,18.82,18.61,1
"[0.85,1.00]",2229,7/17/25,0.8816195,1,20.56,19.55,19.41,18.82,18.61,18.94,0
"[0.85,1.00]",2235,6/13/25,0.9058702,1,6.9,7.12,7.33,8.06,8.21,9.03,1
"[0.85,1.00]",2235,6/18/25,0.85755974,1,8.06,8.21,9.03,9.93,9.81,9.42,1
"[0.85,1.00]",2235,6/24/25,0.8710653,1,9.81,9.42,9.9,10,10.6,11.66,1
"[0.85,1.00]",2235,6/25/25,0.88950974,1,9.42,9.9,10,10.6,11.66,10.49,1
"[0.85,1.00]",2235,6/26/25,0.85315037,1,9.9,10,10.6,11.66,10.49,9.84,1
"[0.85,1.00]",2235,7/1/25,0.8904744,1,11.66,10.49,9.84,9.43,9.75,9.7,0
"[0.85,1.00]",2246,7/21/25,0.8713165,1,19.57,21.53,19.83,18,17.31,17.6,1
"[0.85,1.00]",2246,7/22/25,0.8994751,1,21.53,19.83,18,17.31,17.6,17.53,0
"[0.85,1.00]",2248,8/6/25,0.85291594,1,10.99,11.19,,,,,1
"[0.85,1.00]",2263,6/24/25,0.85183775,1,2.82,3.1,3.41,3.75,4.13,4.21,1
"[0.85,1.00]",2263,6/25/25,0.9022302,1,3.1,3.41,3.75,4.13,4.21,3.92,1
"[0.85,1.00]",2263,6/26/25,0.88125515,1,3.41,3.75,4.13,4.21,3.92,4.31,1
"[0.85,1.00]",2263,6/27/25,0.91548127,1,3.75,4.13,4.21,3.92,4.31,4.42,1
"[0.85,1.00]",2263,6/30/25,0.9247941,1,4.13,4.21,3.92,4.31,4.42,4.15,1
"[0.85,1.00]",2263,7/1/25,0.88240707,1,4.21,3.92,4.31,4.42,4.15,4.57,1
"[0.85,1.00]",2265,6/26/25,0.8944235,1,28.7,28.16,30.55,29.22,26.97,26.85,1
"[0.85,1.00]",2265,6/27/25,0.8626356,1,28.16,30.55,29.22,26.97,26.85,27.59,1
"[0.85,1.00]",2265,6/30/25,0.90122736,1,30.55,29.22,26.97,26.85,27.59,27.63,0
"[0.85,1.00]",2265,7/1/25,0.90316236,1,29.22,26.97,26.85,27.59,27.63,27.35,0
"[0.85,1.00]",2265,7/21/25,0.8635454,1,36.98,39.51,38.34,37.27,38.81,41.5,1
"[0.85,1.00]",2265,7/23/25,0.8552471,1,38.34,37.27,38.81,41.5,43.1,38.81,1
"[0.85,1.00]",2266,7/22/25,0.8644126,1,4.06,4.47,4.29,4,3.76,3.74,1
"[0.85,1.00]",2266,7/23/25,0.89244145,1,4.47,4.29,4,3.76,3.74,3.67,0
"[0.85,1.00]",2295,7/3/25,0.92199093,1,10.36,9.32,9.13,10.04,11.04,10.35,1
"[0.85,1.00]",2297,7/22/25,0.9001875,1,9.57,10.53,9.83,9.9,10.89,10.22,1
"[0.85,1.00]",2297,7/23/25,0.9533154,1,10.53,9.83,9.9,10.89,10.22,9.66,1
"[0.85,1.00]",2297,7/29/25,0.8501833,1,10.22,9.66,8.97,8.82,9.1,9.05,0
"[0.85,1.00]",2302,7/22/25,0.9314659,1,7.29,7.49,7.11,6.66,6.58,6.75,1
"[0.85,1.00]",2314,7/3/25,0.8837647,1,3.17,2.93,3.22,3.33,3.24,3.56,1
"[0.85,1.00]",2314,7/10/25,0.8960717,1,3.56,3.39,3.21,3.05,2.97,2.98,0
"[0.85,1.00]",2329,7/17/25,0.886202,1,4.58,4.24,4,3.9,3.84,3.88,0
"[0.85,1.00]",2342,7/3/25,0.90010244,1,7.52,6.79,6.89,7.31,8.04,7.55,1
"[0.85,1.00]",2348,6/16/25,0.90432066,1,4.26,4.51,4.18,4.24,3.91,3.96,1
"[0.85,1.00]",2348,6/17/25,0.87545663,1,4.51,4.18,4.24,3.91,3.96,3.98,0
"[0.85,1.00]",2354,8/7/25,0.8502475,1,7.45,,,,,,0
"[0.85,1.00]",2356,7/9/25,0.86875546,1,3.36,3.7,4.07,3.71,3.5,3.38,1
"[0.85,1.00]",2356,7/11/25,0.92617196,1,4.07,3.71,3.5,3.38,3.34,3.36,0
"[0.85,1.00]",2360,7/22/25,0.9076697,1,6.42,5.78,5.72,5.56,5.53,5.47,0
"[0.85,1.00]",2365,6/12/25,0.86419725,1,22.95,25.25,27.05,25.7,28.27,25.44,1
"[0.85,1.00]",2365,6/13/25,0.87918997,1,25.25,27.05,25.7,28.27,25.44,26.9,1
"[0.85,1.00]",2365,6/16/25,0.8883733,1,27.05,25.7,28.27,25.44,26.9,29.59,1
"[0.85,1.00]",2365,6/17/25,0.8783634,1,25.7,28.27,25.44,26.9,29.59,29.62,1
"[0.85,1.00]",2365,6/18/25,0.8836256,1,28.27,25.44,26.9,29.59,29.62,27.29,1
"[0.85,1.00]",2365,6/20/25,0.8942828,1,26.9,29.59,29.62,27.29,28.62,26.75,1
"[0.85,1.00]",2366,6/12/25,0.8554577,1,7.45,7.56,7.69,8.46,8.2,8.19,1
"[0.85,1.00]",2366,6/17/25,0.882275,1,8.46,8.2,8.19,7.49,8.24,8.04,0
"[0.85,1.00]",2370,7/16/25,0.8907082,1,4.41,4.85,4.94,5.43,5.2,5.42,1
"[0.85,1.00]",2370,7/17/25,0.9206121,1,4.85,4.94,5.43,5.2,5.42,5.28,1
"[0.85,1.00]",2370,7/18/25,0.85771245,1,4.94,5.43,5.2,5.42,5.28,5.63,1
"[0.85,1.00]",2370,7/21/25,0.8976005,1,5.43,5.2,5.42,5.28,5.63,6.19,1
"[0.85,1.00]",2370,7/23/25,0.8946212,1,5.42,5.28,5.63,6.19,6.81,7.17,1
"[0.85,1.00]",2370,7/24/25,0.90337694,1,5.28,5.63,6.19,6.81,7.17,6.73,1
"[0.85,1.00]",2370,7/25/25,0.9019935,1,5.63,6.19,6.81,7.17,6.73,7.4,1
"[0.85,1.00]",2370,7/28/25,0.91999495,1,6.19,6.81,7.17,6.73,7.4,8.09,1
"[0.85,1.00]",2370,7/29/25,0.90560144,1,6.81,7.17,6.73,7.4,8.09,7.43,1
"[0.85,1.00]",2370,8/1/25,0.9120151,1,7.4,8.09,7.43,7.17,6.66,,1
"[0.85,1.00]",2370,8/4/25,0.926673,1,8.09,7.43,7.17,6.66,,,0
"[0.85,1.00]",2370,8/5/25,0.8721688,1,7.43,7.17,6.66,,,,0
"[0.85,1.00]",2370,8/6/25,0.8661863,1,7.17,6.66,,,,,0
"[0.85,1.00]",2376,6/12/25,0.8845859,1,8.62,8.14,8.36,7.96,7.71,7.47,0
"[0.85,1.00]",2377,7/8/25,0.87568253,1,3.39,3.31,3.28,3.2,3.28,3.25,0
"[0.85,1.00]",2401,7/14/25,0.85051984,1,19.67,20.27,18.83,20.71,20.98,20.23,1
"[0.85,1.00]",2401,7/23/25,0.85907924,1,22.64,21.58,21.97,22.39,22.5,22.01,0
"[0.85,1.00]",2413,7/3/25,0.8769607,1,6.14,5.9,5.8,5.91,5.84,5.74,0
"[0.85,1.00]",2424,8/1/25,0.86056626,1,6.53,6.65,6.2,6,6.02,,1
"[0.85,1.00]",2426,6/24/25,0.87380415,1,3.44,3.3,3.25,3.35,3.39,3.31,0
"[0.85,1.00]",2437,8/1/25,0.85230196,1,4.04,3.81,3.75,3.64,3.55,,0
"[0.85,1.00]",2467,6/27/25,0.8525405,1,6.41,6.47,6.36,6.48,6.38,6.47,1
"[0.85,1.00]",2476,6/19/25,0.8649906,1,5.23,5.4,5.67,5.1,4.82,4.94,1
"[0.85,1.00]",2476,6/23/25,0.85094196,1,5.67,5.1,4.82,4.94,4.82,4.87,0
"[0.85,1.00]",2490,6/13/25,0.8620133,1,4.35,4.79,5.27,5.8,6.38,7.02,1
"[0.85,1.00]",2490,6/16/25,0.9502425,1,4.79,5.27,5.8,6.38,7.02,7.72,1
"[0.85,1.00]",2490,6/17/25,0.93450445,1,5.27,5.8,6.38,7.02,7.72,6.95,1
"[0.85,1.00]",2490,6/18/25,0.9332583,1,5.8,6.38,7.02,7.72,6.95,6.34,1
"[0.85,1.00]",2490,6/20/25,0.93555355,1,7.02,7.72,6.95,6.34,6.8,6.23,1
"[0.85,1.00]",2490,6/23/25,0.9333208,1,7.72,6.95,6.34,6.8,6.23,6.36,0
"[0.85,1.00]",2490,6/25/25,0.8638164,1,6.34,6.8,6.23,6.36,6.14,6.27,1
"[0.85,1.00]",2490,6/26/25,0.8974705,1,6.8,6.23,6.36,6.14,6.27,6.08,0
"[0.85,1.00]",2492,6/17/25,0.85689974,1,6.89,6.46,5.96,6.02,6.28,5.92,0
"[0.85,1.00]",2497,7/22/25,0.8527777,1,14.53,15.5,14.79,15.59,15.75,15.57,1
"[0.85,1.00]",2537,6/23/25,0.88484234,1,9.47,10.42,11.46,11.08,10.81,11.08,1
"[0.85,1.00]",2542,7/17/25,0.8543942,1,3.69,3.81,4.19,4.61,4.55,5.01,1
"[0.85,1.00]",2542,7/21/25,0.8517686,1,4.19,4.61,4.55,5.01,4.51,4.09,1
"[0.85,1.00]",2542,7/22/25,0.9451385,1,4.61,4.55,5.01,4.51,4.09,4.06,1
"[0.85,1.00]",2546,7/10/25,0.8668178,1,6.31,6.09,6.08,6.11,5.98,5.99,0
"[0.85,1.00]",2549,7/1/25,0.9009273,1,11.33,12.46,13.26,11.93,11.58,11.81,1
"[0.85,1.00]",2549,7/2/25,0.89016926,1,12.46,13.26,11.93,11.58,11.81,11.62,1
"[0.85,1.00]",2549,7/7/25,0.8528012,1,11.58,11.81,11.62,11.46,11.48,11.4,1
"[0.85,1.00]",2550,6/13/25,0.90069777,1,10.23,9.43,9.08,8.54,8.45,8.63,0
"[0.85,1.00]",2550,7/16/25,0.86087996,1,10.69,11.38,11.97,12.27,11.58,11.39,1
"[0.85,1.00]",2550,7/17/25,0.8598704,1,11.38,11.97,12.27,11.58,11.39,11.23,1
"[0.85,1.00]",2550,7/18/25,0.8812847,1,11.97,12.27,11.58,11.39,11.23,11.26,1
"[0.85,1.00]",2551,8/7/25,0.868836,1,4.22,,,,,,0
"[0.85,1.00]",2556,6/12/25,0.8938558,1,7.47,6.72,6.53,6.46,6.22,6,0
"[0.85,1.00]",2562,7/7/25,0.8942404,1,5.96,5.85,6.28,6.09,5.69,6.26,1
"[0.85,1.00]",2562,7/9/25,0.8507219,1,6.28,6.09,5.69,6.26,6.51,6.24,1
"[0.85,1.00]",2562,7/14/25,0.85751826,1,6.26,6.51,6.24,6.28,6.22,6.27,1
"[0.85,1.00]",2565,6/24/25,0.8589633,1,6.13,5.9,5.89,5.98,6.13,6.15,1
"[0.85,1.00]",2579,6/19/25,0.89366984,1,9.91,10.9,11.5,12.65,11.92,12.52,1
"[0.85,1.00]",2579,6/20/25,0.9174998,1,10.9,11.5,12.65,11.92,12.52,13.77,1
"[0.85,1.00]",2579,6/23/25,0.8711167,1,11.5,12.65,11.92,12.52,13.77,15.15,1
"[0.85,1.00]",2579,6/24/25,0.8866152,1,12.65,11.92,12.52,13.77,15.15,13.68,1
"[0.85,1.00]",2579,6/26/25,0.8866826,1,12.52,13.77,15.15,13.68,14.18,15.6,1
"[0.85,1.00]",2579,6/30/25,0.86310107,1,15.15,13.68,14.18,15.6,15.53,14.9,1
"[0.85,1.00]",2579,7/3/25,0.8918038,1,15.6,15.53,14.9,15.53,14.78,13.3,0
"[0.85,1.00]",2581,7/3/25,0.85879534,1,10.86,11.02,11.02,10.47,9.95,9.45,1
"[0.85,1.00]",2596,7/21/25,0.8551998,1,4.69,4.93,4.44,4.88,4.45,4.2,1
"[0.85,1.00]",2596,7/22/25,0.86146575,1,4.93,4.44,4.88,4.45,4.2,4.1,0
"[0.85,1.00]",2596,7/24/25,0.9041566,1,4.88,4.45,4.2,4.1,4.05,3.93,0
"[0.85,1.00]",2615,6/12/25,0.8582559,1,9.32,10.25,10.66,9.59,8.81,8.16,1
"[0.85,1.00]",2615,6/13/25,0.90661806,1,10.25,10.66,9.59,8.81,8.16,7.94,1
"[0.85,1.00]",2615,6/16/25,0.8881992,1,10.66,9.59,8.81,8.16,7.94,8.06,0
"[0.85,1.00]",2623,7/3/25,0.92742294,1,18.88,20.77,22.38,24.62,25.59,24.31,1
"[0.85,1.00]",2623,7/14/25,0.8749827,1,28.64,25.78,26.4,25.52,22.97,22.44,0
"[0.85,1.00]",2636,7/4/25,0.94866264,1,11.34,12.47,13.72,15.09,15.15,13.64,1
"[0.85,1.00]",2636,7/7/25,0.91532177,1,12.47,13.72,15.09,15.15,13.64,12.36,1
"[0.85,1.00]",2636,7/8/25,0.90090203,1,13.72,15.09,15.15,13.64,12.36,12.36,1
"[0.85,1.00]",2636,7/9/25,0.96112484,1,15.09,15.15,13.64,12.36,12.36,12.08,1
"[0.85,1.00]",2640,7/9/25,0.8777089,1,5.45,6,6.03,5.63,5.47,5.41,1
"[0.85,1.00]",2640,7/10/25,0.9150791,1,6,6.03,5.63,5.47,5.41,5.69,1
"[0.85,1.00]",2644,7/29/25,0.87062114,1,10.69,11.76,10.58,10.43,10.88,10.21,1
"[0.85,1.00]",2644,7/30/25,0.90092325,1,11.76,10.58,10.43,10.88,10.21,9.61,0
"[0.85,1.00]",2645,7/11/25,0.86007637,1,10.45,11.5,12.65,13.92,13.03,14.33,1
"[0.85,1.00]",2645,7/14/25,0.9040072,1,11.5,12.65,13.92,13.03,14.33,15.76,1
"[0.85,1.00]",2645,7/15/25,0.91202015,1,12.65,13.92,13.03,14.33,15.76,14.7,1
"[0.85,1.00]",2645,7/16/25,0.94603884,1,13.92,13.03,14.33,15.76,14.7,15.05,1
"[0.85,1.00]",2645,7/18/25,0.9271236,1,14.33,15.76,14.7,15.05,15.54,14.73,1
"[0.85,1.00]",2645,7/21/25,0.89746594,1,15.76,14.7,15.05,15.54,14.73,15.14,0
"[0.85,1.00]",2645,7/23/25,0.85081244,1,15.05,15.54,14.73,15.14,15.6,14.34,1
"[0.85,1.00]",2651,8/6/25,0.8830827,1,14.75,14.05,,,,,0
"[0.85,1.00]",2651,8/7/25,0.8605272,1,14.05,,,,,,0
"[0.85,1.00]",2652,7/23/25,0.87077445,1,3.69,3.74,3.85,3.92,3.9,4.17,1
"[0.85,1.00]",2652,8/1/25,0.88462484,1,4.2,4.12,4.02,3.98,3.9,,0
"[0.85,1.00]",2657,6/23/25,0.8827761,1,26.52,27.08,28.46,28.85,28.38,27.94,1
"[0.85,1.00]",2657,6/24/25,0.86228204,1,27.08,28.46,28.85,28.38,27.94,26.94,1
"[0.85,1.00]",2657,7/10/25,0.8597712,1,31.79,33.33,30.43,29.93,31.5,31.01,1
"[0.85,1.00]",2658,7/1/25,0.8701425,1,8.61,9.47,10.42,9.38,8.45,8.48,1
"[0.85,1.00]",2658,7/2/25,0.9185521,1,9.47,10.42,9.38,8.45,8.48,8.23,1
"[0.85,1.00]",2658,7/3/25,0.91729635,1,10.42,9.38,8.45,8.48,8.23,8.16,0
"[0.85,1.00]",2669,7/2/25,0.85674274,1,14.04,13.88,12.49,12.76,12.8,12.67,0
"[0.85,1.00]",2670,6/25/25,0.8519256,1,14.48,15.93,16.01,15.05,15.66,14.36,1
"[0.85,1.00]",2670,6/26/25,0.87297165,1,15.93,16.01,15.05,15.66,14.36,14.74,1
"[0.85,1.00]",2703,6/25/25,0.865487,1,14.01,13,13.11,13.12,12.84,12.62,0
"[0.85,1.00]",2716,7/14/25,0.8963299,1,4.85,4.7,4.58,4.54,4.65,4.66,0
"[0.85,1.00]",2721,7/3/25,0.92189306,1,3.65,4.02,4.42,4.75,4.9,4.5,1
"[0.85,1.00]",2724,7/2/25,0.8522427,1,8.64,8.72,7.87,7.79,7.78,7.74,1
"[0.85,1.00]",2731,6/16/25,0.8989067,1,17.28,15.79,15.64,14.9,14.4,15.13,0
"[0.85,1.00]",2734,6/11/25,0.88485706,1,22.61,22.93,20.64,22.7,22.49,22.5,1
"[0.85,1.00]",2734,6/12/25,0.8627982,1,22.93,20.64,22.7,22.49,22.5,20.25,0
"[0.85,1.00]",2734,6/16/25,0.8685684,1,22.7,22.49,22.5,20.25,18.23,18.85,0
"[0.85,1.00]",2735,7/9/25,0.8555268,1,16.56,16.38,17.05,16.62,16.21,16.14,1
"[0.85,1.00]",2759,6/24/25,0.86113524,1,9.45,10.4,11.44,10.41,10.05,9.8,1
"[0.85,1.00]",2759,6/25/25,0.8927252,1,10.4,11.44,10.41,10.05,9.8,9.55,1
"[0.85,1.00]",2759,6/26/25,0.92898715,1,11.44,10.41,10.05,9.8,9.55,9.46,0
"[0.85,1.00]",2769,6/26/25,0.8706528,1,10.2,10.02,9.68,9.2,8.93,9.03,0
"[0.85,1.00]",2774,7/16/25,0.9082492,1,10.25,9.79,9.55,9.61,9.41,9.25,0
"[0.85,1.00]",2775,7/25/25,0.85595316,1,4.52,4.24,4.14,4,4.4,4.84,1
"[0.85,1.00]",2775,7/31/25,0.85514045,1,4.4,4.84,5.32,5.85,5.76,5.18,1
"[0.85,1.00]",2775,8/1/25,0.89875627,1,4.84,5.32,5.85,5.76,5.18,,1
"[0.85,1.00]",2775,8/4/25,0.88909787,1,5.32,5.85,5.76,5.18,,,1
"[0.85,1.00]",2775,8/5/25,0.91840094,1,5.85,5.76,5.18,,,,0
"[0.85,1.00]",2778,7/21/25,0.8551099,1,19.14,19.14,21.05,19.97,19.01,19.12,1
"[0.85,1.00]",2783,7/22/25,0.87839335,1,10.96,11.03,10.95,10.39,10.29,10.27,1
"[0.85,1.00]",2799,8/1/25,0.8710312,1,10.16,9.3,8.73,8.53,8.5,,0
"[0.85,1.00]",2800,6/23/25,0.896211,1,15.82672572,14.2699986,14.7,14.24,14.1,14.1,0
"[0.85,1.00]",2806,6/26/25,0.85489607,1,14.38,13.53,13.35,13.01,12.81,12.92,0
"[0.85,1.00]",2811,8/1/25,0.85516244,1,11.66,12.28,11.57,11.92,12.33,,1
"[0.85,1.00]",2826,6/12/25,0.92369294,1,23.63021535,22.35559775,23.301603,24.28744005,23.4808461,23.92895385,1
"[0.85,1.00]",2826,6/13/25,0.87076974,1,22.35559775,23.301603,24.28744005,23.4808461,23.92895385,24.5961365,1
"[0.85,1.00]",2826,7/25/25,0.880658,1,22.99,22.27,22.48,21.54,21.7,21.85,0
"[0.85,1.00]",2827,7/21/25,0.8858096,1,42.45,46.7,51.37,56.51,53.96,49.31,1
"[0.85,1.00]",2828,6/13/25,0.86114264,1,10.09,11.1,12.21,13.43,13.48,12.13,1
"[0.85,1.00]",2828,6/16/25,0.899463,1,11.1,12.21,13.43,13.48,12.13,13.07,1
"[0.85,1.00]",2828,6/17/25,0.916823,1,12.21,13.43,13.48,12.13,13.07,11.76,1
"[0.85,1.00]",2828,6/18/25,0.91148484,1,13.43,13.48,12.13,13.07,11.76,10.62,1
"[0.85,1.00]",2828,6/23/25,0.8614064,1,13.07,11.76,10.62,11.06,10.42,10.64,0
"[0.85,1.00]",2846,6/23/25,0.8709416,1,14.91,16.4,18.04,18.83,19.7,19.96,1
"[0.85,1.00]",2846,6/24/25,0.879069,1,16.4,18.04,18.83,19.7,19.96,17.96,1
"[0.85,1.00]",2846,6/25/25,0.93209356,1,18.04,18.83,19.7,19.96,17.96,16.34,1
"[0.85,1.00]",2846,6/26/25,0.86844677,1,18.83,19.7,19.96,17.96,16.34,16.94,1
"[0.85,1.00]",2846,6/27/25,0.88702106,1,19.7,19.96,17.96,16.34,16.94,16.22,1
"[0.85,1.00]",2846,6/30/25,0.88576674,1,19.96,17.96,16.34,16.94,16.22,16.36,0
"[0.85,1.00]",2878,6/11/25,0.9274244,1,20.6,22.66,24.93,27.42,25.14,23.02,1
"[0.85,1.00]",2878,6/12/25,0.898532,1,22.66,24.93,27.42,25.14,23.02,23.09,1
"[0.85,1.00]",2878,6/13/25,0.93908924,1,24.93,27.42,25.14,23.02,23.09,20.78,1
"[0.85,1.00]",2878,6/16/25,0.93156815,1,27.42,25.14,23.02,23.09,20.78,20.85,0
"[0.85,1.00]",2882,6/23/25,0.86118126,1,30.66,33.73,34.95,34,37.4,39.5,1
"[0.85,1.00]",2882,7/1/25,0.8685288,1,35.98,34.76,36.53,33.95,35.92,35.3,1
"[0.85,1.00]",2883,7/22/25,0.88380194,1,13.87,15.26,16.79,15.11,13.6,13.75,1
"[0.85,1.00]",2883,7/23/25,0.8856387,1,15.26,16.79,15.11,13.6,13.75,13.25,1
"[0.85,1.00]",2883,7/24/25,0.9022767,1,16.79,15.11,13.6,13.75,13.25,12.68,0
"[0.85,1.00]",2896,7/21/25,0.8554993,1,88.28,88.35,84.41,83.67,82.61,84.45,1
"[0.85,1.00]",2908,7/14/25,0.9101066,1,12.96,12.38,11.84,11.45,11.25,11.29,0
"[0.85,1.00]",2908,7/15/25,0.852798,1,12.38,11.84,11.45,11.25,11.29,11.08,0
"[0.85,1.00]",2915,8/5/25,0.8552689,1,22.21,24.43,26.87,,,,1
"[0.85,1.00]",2915,8/6/25,0.8786088,1,24.43,26.87,,,,,1
"[0.85,1.00]",2915,8/7/25,0.9314229,1,26.87,,,,,,0
"[0.85,1.00]",2917,7/22/25,0.86301255,1,17.05,16.02,15.72,15.16,15.18,15.1,0
"[0.85,1.00]",2921,6/25/25,0.8922143,1,16.17,15.25,15.28,15.39,15.1,15.1,0
"[0.85,1.00]",2940,6/11/25,0.8984341,1,26.11,27.1,26.35,28.99,29.01,28,1
"[0.85,1.00]",2940,6/12/25,0.87292385,1,27.1,26.35,28.99,29.01,28,29.04,1
"[0.85,1.00]",2940,6/16/25,0.87758285,1,28.99,29.01,28,29.04,31.94,32.01,1
"[0.85,1.00]",2951,6/13/25,0.86970794,1,13.52569044,14.88213504,14.94026838,15.26000175,13.73,12.36,1
"[0.85,1.00]",2951,6/16/25,0.8710646,1,14.88213504,14.94026838,15.26000175,13.73,12.36,12.24,1
"[0.85,1.00]",2951,7/9/25,0.88767636,1,17.3,18.58,16.72,15.97,17.57,19.33,1
"[0.85,1.00]",2951,7/15/25,0.87404025,1,17.57,19.33,18.21,17.52,18.5,16.65,1
"[0.85,1.00]",2955,6/11/25,0.877693,1,28.04,26.65,26.2,26.22,25.6,24.85,0
"[0.85,1.00]",2987,6/25/25,0.8651714,1,18.21,20.03,20.51,20.85,18.99,19.63,1
"[0.85,1.00]",2987,6/27/25,0.8892215,1,20.51,20.85,18.99,19.63,21.18,23.3,1
"[0.85,1.00]",2987,6/30/25,0.8840241,1,20.85,18.99,19.63,21.18,23.3,25.63,1
"[0.85,1.00]",2987,7/1/25,0.89684814,1,18.99,19.63,21.18,23.3,25.63,25.18,1
"[0.85,1.00]",2987,7/2/25,0.8799401,1,19.63,21.18,23.3,25.63,25.18,26.72,1
"[0.85,1.00]",2987,7/7/25,0.86450166,1,25.63,25.18,26.72,24.82,24.6,22.61,1
"[0.85,1.00]",3001,7/23/25,0.9137141,1,37.18,35.89,32.3,31.7,31.4,30.19,0
"[0.85,1.00]",3003,7/8/25,0.9191348,1,13.95,13.52,13.33,12.5,12.84,12.37,0
"[0.85,1.00]",3015,7/1/25,0.85232204,1,17.45,16.99,17.66,17.29,17.03,17.43,1
"[0.85,1.00]",3023,7/24/25,0.8788169,1,24.92,27.41,28.53,26.64,28.17,25.35,1
"[0.85,1.00]",3029,6/23/25,0.8681888,1,26.16,28.78,31.66,34.83,32.16,31.8,1
"[0.85,1.00]",3037,7/15/25,0.8772698,1,9.45,9.8,8.84,8.72,9.59,10.55,1
"[0.85,1.00]",3037,7/22/25,0.86887586,1,10.55,10.46,10.3,9.45,9.35,9.37,0
"[0.85,1.00]",3040,6/16/25,0.8941675,1,17.9,18.2,20.02,21.21,23.33,24.78,1
"[0.85,1.00]",3040,6/18/25,0.8899734,1,20.02,21.21,23.33,24.78,23.62,22.13,1
"[0.85,1.00]",3040,6/19/25,0.86308306,1,21.21,23.33,24.78,23.62,22.13,24.34,1
"[0.85,1.00]",3040,6/20/25,0.868813,1,23.33,24.78,23.62,22.13,24.34,23.22,1
"[0.85,1.00]",3040,6/23/25,0.85235494,1,24.78,23.62,22.13,24.34,23.22,24.25,0
"[0.85,1.00]",3040,6/24/25,0.86083305,1,23.62,22.13,24.34,23.22,24.25,25.24,1
"[0.85,1.00]",3040,6/26/25,0.86022633,1,24.34,23.22,24.25,25.24,22.72,23.8,1
"[0.85,1.00]",3040,7/14/25,0.8806822,1,27.17,29.89,28.05,27.51,26.02,25.31,1
"[0.85,1.00]",300008,6/30/25,0.8631733,1,7.39,7.34,7.46,7.09,6.88,7.01,1
"[0.85,1.00]",300016,6/17/25,0.86561275,1,10.43,9.23,8.49,8.67,8.92,9.8,0
"[0.85,1.00]",300019,7/10/25,0.90097094,1,24.32,22.47,22.93,21.9,22.52,22.37,0
"[0.85,1.00]",300021,7/22/25,0.85235345,1,5.83,6.61,6.21,6.39,6.96,6.63,1
"[0.85,1.00]",300021,7/23/25,0.8761654,1,6.61,6.21,6.39,6.96,6.63,6.21,1
"[0.85,1.00]",300043,6/11/25,0.9021761,1,5.49,5.11,4.55,5.19,4.88,4.76,0
"[0.85,1.00]",300046,6/18/25,0.9057654,1,31.8,31.8,33.6,35.18,34.9,41.88,1
"[0.85,1.00]",300046,6/19/25,0.8825475,1,31.8,33.6,35.18,34.9,41.88,42.9,1
"[0.85,1.00]",300046,6/24/25,0.9186152,1,34.9,41.88,42.9,43.33,44.25,45.9,1
"[0.85,1.00]",300066,7/18/25,0.87624663,1,6.51,6.79,6.31,6.24,6.63,6.34,1
"[0.85,1.00]",300069,8/7/25,0.86316246,1,27.38,,,,,,0
"[0.85,1.00]",300072,6/23/25,0.861871,1,3.71,3.54,3.55,3.6,3.48,3.53,0
"[0.85,1.00]",300086,7/24/25,0.89988273,1,7.56,7.61,7.94,8,8.48,8.39,1
"[0.85,1.00]",300086,7/28/25,0.8675691,1,7.94,8,8.48,8.39,7.79,7.87,1
"[0.85,1.00]",300086,7/30/25,0.87943953,1,8.48,8.39,7.79,7.87,7.58,7.53,0
"[0.85,1.00]",300095,6/30/25,0.85480183,1,10.36,9.97,10.33,9.84,9.58,9.58,0
"[0.85,1.00]",300095,7/22/25,0.8568801,1,12.73,11.23,11.48,10.9,11.02,10.91,0
"[0.85,1.00]",300130,6/24/25,0.8678273,1,33.03521577,37.800006,36.05,34.99,35.53,32.94,1
"[0.85,1.00]",300139,6/13/25,0.892516,1,23,21.98,21.23,21.35,20.62,19.64,0
"[0.85,1.00]",300149,7/29/25,0.8920167,1,13.61,13.75,14.24,13.3,13.19,12.99,1
"[0.85,1.00]",300152,7/23/25,0.87654155,1,2.78,2.82,3.09,3.01,3.07,2.92,1
"[0.85,1.00]",300158,7/24/25,0.8882608,1,6.45,7.03,7.21,7.69,7.39,8.62,1
"[0.85,1.00]",300158,7/29/25,0.87649035,1,7.69,7.39,8.62,8.15,8.2,8.07,1
"[0.85,1.00]",300158,7/31/25,0.91716915,1,8.62,8.15,8.2,8.07,7.55,7.38,0
"[0.85,1.00]",300158,8/1/25,0.87173885,1,8.15,8.2,8.07,7.55,7.38,,1
"[0.85,1.00]",300164,6/13/25,0.8727511,1,5.06,6.07,7.04,7.4,8.24,7.19,1
"[0.85,1.00]",300164,6/16/25,0.9116772,1,6.07,7.04,7.4,8.24,7.19,7.74,1
"[0.85,1.00]",300174,7/22/25,0.8739033,1,15.73,15.73,15.73,16.06,15.78,15.57,1
"[0.85,1.00]",300174,7/23/25,0.8739033,1,15.73,15.73,16.06,15.78,15.57,15.33,1
"[0.85,1.00]",300174,7/24/25,0.8739033,1,15.73,16.06,15.78,15.57,15.33,15.04,1
"[0.85,1.00]",300180,7/7/25,0.8720441,1,9.86,9.95,9.8,9.52,9.81,9.81,1
"[0.85,1.00]",300191,6/17/25,0.902972,1,22.66,22.59,23.12,21.16,21.84,18.77,1
"[0.85,1.00]",300191,6/18/25,0.8547987,1,22.59,23.12,21.16,21.84,18.77,18.59,1
"[0.85,1.00]",300205,7/28/25,0.86211145,1,5.34,5.44,5.31,5.31,5.36,5.29,1
"[0.85,1.00]",300225,8/7/25,0.8771412,1,4.28,,,,,,0
"[0.85,1.00]",300237,6/11/25,0.8539207,1,2.08,2.5,2.34,2.26,2.12,2.05,1
"[0.85,1.00]",300267,7/28/25,0.861487,1,4.34,4.26,4.47,4.69,4.24,4.29,1
"[0.85,1.00]",300281,6/11/25,0.8596099,1,9.2790564,8.86000224,8.54,8.7,8.47,7.97,0
"[0.85,1.00]",300289,7/31/25,0.86511236,1,7.04,8.45,10.14,9.19,8.14,9.77,1
"[0.85,1.00]",300299,6/13/25,0.8929024,1,7.26,7.41,7.41,7.3,7.22,7,1
"[0.85,1.00]",300324,7/3/25,0.87587374,1,5.39,5.06,4.86,4.89,4.72,4.66,0
"[0.85,1.00]",300329,7/29/25,0.87608147,1,9.26,9.03,9.17,11,11.37,12.05,1
"[0.85,1.00]",300329,7/30/25,0.88102806,1,9.03,9.17,11,11.37,12.05,12.44,1
"[0.85,1.00]",300329,7/31/25,0.85791916,1,9.17,11,11.37,12.05,12.44,12.9,1
"[0.85,1.00]",300329,8/7/25,0.86420983,1,12.9,,,,,,0
"[0.85,1.00]",300333,6/11/25,0.8623483,1,13.74,16.49,15.22,16,16.31,15.18,1
"[0.85,1.00]",300333,6/13/25,0.8601793,1,15.22,16,16.31,15.18,14.46,13.95,1
"[0.85,1.00]",300335,7/7/25,0.8594545,1,7.09,6.65,6.75,6.24,6.25,6.26,0
"[0.85,1.00]",300340,6/13/25,0.8714449,1,15.84,16.18,17.5,15.93,17.2,20.64,1
"[0.85,1.00]",300340,6/18/25,0.8871177,1,15.93,17.2,20.64,19.77,20.98,19.68,1
"[0.85,1.00]",300340,6/27/25,0.8725299,1,19.03,21.8,19.57,18.84,20.1,18.34,1
"[0.85,1.00]",300344,7/16/25,0.85172594,1,4.79,5.75,5.29,5.04,4.79,5.75,1
"[0.85,1.00]",300344,7/17/25,0.90779936,1,5.75,5.29,5.04,4.79,5.75,5.54,0
"[0.85,1.00]",300344,7/24/25,0.8605982,1,5.54,6,6.06,6.15,5.94,5.91,1
"[0.85,1.00]",300348,6/26/25,0.8836167,1,17.97,17.15,17.39,16.45,16.05,16,0
"[0.85,1.00]",300368,6/19/25,0.85725087,1,9.92,9.54,10.53,11.29,13.55,12.34,1
"[0.85,1.00]",300370,6/27/25,0.8762356,1,3.36,3.2,3.36,3.29,3.31,3.09,0
"[0.85,1.00]",300370,7/1/25,0.8791804,1,3.36,3.29,3.31,3.09,3.1,3.12,0
"[0.85,1.00]",300386,6/16/25,0.88207936,1,20.85,20.82,21.41,20,19.75,21.11,1
"[0.85,1.00]",300386,6/18/25,0.8533869,1,21.41,20,19.75,21.11,21.09,22.12,1
"[0.85,1.00]",300386,6/19/25,0.8568663,1,20,19.75,21.11,21.09,22.12,23.38,1
"[0.85,1.00]",300386,6/26/25,0.8675778,1,23.38,22.11,22.32,21.7,20.97,20.95,0
"[0.85,1.00]",300397,6/26/25,0.86756957,1,13.65,13.95,14.51,14.11,13.96,13.73,1
"[0.85,1.00]",300405,7/1/25,0.8500346,1,6.55,5.95,5.78,5.73,5.85,5.86,0
"[0.85,1.00]",300411,7/22/25,0.85379523,1,16.08,15.77,15.14,14.12,14.16,14.23,0
"[0.85,1.00]",300414,6/27/25,0.8968913,1,12.9,15.48,14.26,13.01,12.7,12.72,1
"[0.85,1.00]",300414,7/29/25,0.89271814,1,16.03,15.47,14.95,15.54,15.19,15.05,0
"[0.85,1.00]",300414,8/6/25,0.87030727,1,16.38,15.63,,,,,0
"[0.85,1.00]",300436,7/22/25,0.86045337,1,69.42,72.7,73.2,74.99,85.25,92.22,1
"[0.85,1.00]",300436,7/23/25,0.85768604,1,72.7,73.2,74.99,85.25,92.22,97,1
"[0.85,1.00]",300436,7/28/25,0.87908214,1,85.25,92.22,97,114.5,102.3,120.9,1
"[0.85,1.00]",300436,7/29/25,0.89801043,1,92.22,97,114.5,102.3,120.9,123.55,1
"[0.85,1.00]",300472,6/26/25,0.884793,1,3.01,2.95,3.06,3.67,4.4,4.47,1
"[0.85,1.00]",300472,7/1/25,0.9078021,1,3.67,4.4,4.47,5,4.94,4.53,1
"[0.85,1.00]",300486,8/1/25,0.8558598,1,14.16,16.99,20.39,17.04,17.45,,1
"[0.85,1.00]",300486,8/4/25,0.8688449,1,16.99,20.39,17.04,17.45,,,1
"[0.85,1.00]",300486,8/5/25,0.957683,1,20.39,17.04,17.45,,,,0
"[0.85,1.00]",300486,8/6/25,0.9500202,1,17.04,17.45,,,,,1
"[0.85,1.00]",300486,8/7/25,0.9529934,1,17.45,,,,,,0
"[0.85,1.00]",300490,7/21/25,0.8613902,1,10.17,9.89,9.67,10.72,10.04,9.87,1
"[0.85,1.00]",300519,8/1/25,0.85583913,1,19.8,20.05,18.43,17.88,17.47,,1
"[0.85,1.00]",300522,7/17/25,0.8932329,1,16.9,16.75,16.74,16.42,15.58,15.55,0
"[0.85,1.00]",300527,7/1/25,0.8501675,1,10.96,12.4,11.1,10.52,11.8,11.17,1
"[0.85,1.00]",300527,7/2/25,0.8867452,1,12.4,11.1,10.52,11.8,11.17,10.93,0
"[0.85,1.00]",300527,7/3/25,0.8959764,1,11.1,10.52,11.8,11.17,10.93,11.1,1
"[0.85,1.00]",300527,7/4/25,0.8539807,1,10.52,11.8,11.17,10.93,11.1,11.35,1
"[0.85,1.00]",300527,7/7/25,0.87948346,1,11.8,11.17,10.93,11.1,11.35,11.41,0
"[0.85,1.00]",300527,7/31/25,0.85187167,1,12.51,10.01,9.43,9.25,9.44,9.44,0
"[0.85,1.00]",300528,6/12/25,0.8510124,1,11.62,10.61,10.77,10.41,10.08,10.1,0
"[0.85,1.00]",300528,7/24/25,0.87418926,1,14.27,14.65,17.58,21.1,25.32,23.22,1
"[0.85,1.00]",300528,7/25/25,0.86710125,1,14.65,17.58,21.1,25.32,23.22,21.35,1
"[0.85,1.00]",300528,7/28/25,0.9496127,1,17.58,21.1,25.32,23.22,21.35,18.93,1
"[0.85,1.00]",300528,7/29/25,0.9032237,1,21.1,25.32,23.22,21.35,18.93,17.77,1
"[0.85,1.00]",300528,7/30/25,0.97161,1,25.32,23.22,21.35,18.93,17.77,17.84,0
"[0.85,1.00]",300528,8/1/25,0.94899195,1,21.35,18.93,17.77,17.84,17.6,,0
"[0.85,1.00]",300528,8/6/25,0.8619105,1,17.84,17.6,,,,,0
"[0.85,1.00]",300533,7/15/25,0.8591365,1,39.86,37.68,38.04,36.36,37.39,36.44,0
"[0.85,1.00]",300537,6/30/25,0.86980706,1,25.63,27.61,28.65,25.38,25.71,28.01,1
"[0.85,1.00]",300537,7/1/25,0.8562788,1,27.61,28.65,25.38,25.71,28.01,27.34,1
"[0.85,1.00]",300537,7/2/25,0.85358673,1,28.65,25.38,25.71,28.01,27.34,29,1
"[0.85,1.00]",300537,7/7/25,0.876571,1,28.01,27.34,29,29.3,27.98,25.98,1
"[0.85,1.00]",300537,7/9/25,0.8629426,1,29,29.3,27.98,25.98,25.75,24.58,1
"[0.85,1.00]",300539,7/24/25,0.868664,1,19.76,23.71,24.77,29.5,28.52,27.94,1
"[0.85,1.00]",300539,7/28/25,0.85175395,1,24.77,29.5,28.52,27.94,23.75,23.97,1
"[0.85,1.00]",300539,7/29/25,0.9516108,1,29.5,28.52,27.94,23.75,23.97,24.58,0
"[0.85,1.00]",300539,8/1/25,0.8884353,1,23.75,23.97,24.58,23.6,24.96,,1
"[0.85,1.00]",300539,8/4/25,0.87040603,1,23.97,24.58,23.6,24.96,,,1
"[0.85,1.00]",300546,7/1/25,0.88511366,1,32.73,30.72,30.36,30.8,31.35,32.39,0
"[0.85,1.00]",300551,7/11/25,0.8514488,1,12.22,13.17,12.73,12.04,11.94,11.74,1
"[0.85,1.00]",300554,8/1/25,0.8773923,1,24.09,24.09,25.8,26.21,26.57,,1
"[0.85,1.00]",300564,7/22/25,0.9091909,1,20.86,25.03,22.5,18.8,18.42,19.33,1
"[0.85,1.00]",300584,6/16/25,0.85597956,1,40.99,38.87,39.62,36.1,38.52,43.1,1
"[0.85,1.00]",300588,7/28/25,0.88431734,1,18.4,20.15,18.86,19.55,19.38,19.12,1
"[0.85,1.00]",300591,6/25/25,0.9385163,1,8.33,10,11.23,11.25,10.4,10.66,1
"[0.85,1.00]",300591,6/26/25,0.8923815,1,10,11.23,11.25,10.4,10.66,11.57,1
"[0.85,1.00]",300591,6/27/25,0.8907731,1,11.23,11.25,10.4,10.66,11.57,11.59,1
"[0.85,1.00]",300591,7/1/25,0.89363414,1,10.4,10.66,11.57,11.59,11.73,12.7,1
"[0.85,1.00]",300591,7/3/25,0.93365383,1,11.57,11.59,11.73,12.7,12.85,11.9,1
"[0.85,1.00]",300591,7/4/25,0.8517896,1,11.59,11.73,12.7,12.85,11.9,11.29,1
"[0.85,1.00]",300600,6/25/25,0.8841099,1,11.27,13.52,12.96,15.55,15.72,14.71,1
"[0.85,1.00]",300600,6/26/25,0.9113471,1,13.52,12.96,15.55,15.72,14.71,14.16,1
"[0.85,1.00]",300600,6/30/25,0.85159254,1,15.55,15.72,14.71,14.16,14.27,15.3,1
"[0.85,1.00]",300600,7/1/25,0.8562873,1,15.72,14.71,14.16,14.27,15.3,15.58,0
"[0.85,1.00]",300600,7/3/25,0.88686824,1,14.16,14.27,15.3,15.58,14.85,13.94,1
"[0.85,1.00]",300600,7/11/25,0.8844609,1,16.73,16.27,15.85,16.17,16.58,15.89,0
"[0.85,1.00]",300600,8/7/25,0.89252245,1,22.36,,,,,,0
"[0.85,1.00]",300619,6/18/25,0.89675665,1,29.96,29.36,29.13,30.5,31.02,29.09,1
"[0.85,1.00]",300637,6/23/25,0.8667524,1,11.7,12.2,11.84,11.67,11.55,12.05,1
"[0.85,1.00]",300640,6/12/25,0.87558246,1,8.49820584,7.5805592,7.79999644,7.26,6.78,6.5,0
"[0.85,1.00]",300649,6/25/25,0.8689904,1,15.07,15.33,15.92,19.1,18.32,16.41,1
"[0.85,1.00]",300649,6/30/25,0.9022509,1,19.1,18.32,16.41,17.4,20.88,22.3,1
"[0.85,1.00]",300649,7/2/25,0.8524348,1,16.41,17.4,20.88,22.3,21.32,22.01,1
"[0.85,1.00]",300649,7/4/25,0.8627791,1,20.88,22.3,21.32,22.01,20.15,19.5,1
"[0.85,1.00]",300649,7/7/25,0.8870129,1,22.3,21.32,22.01,20.15,19.5,18.99,0
"[0.85,1.00]",300651,6/11/25,0.9132409,1,33.16,35.33,35.74,32.93,29.95,30.38,1
"[0.85,1.00]",300651,6/16/25,0.8638312,1,32.93,29.95,30.38,31.19,28.48,28.94,0
"[0.85,1.00]",300665,7/10/25,0.8521763,1,9.45,9.13,9.45,8.91,8.78,9.15,0
"[0.85,1.00]",300665,7/21/25,0.89199007,1,10.38,11.44,10.09,10.02,9.54,9.76,1
"[0.85,1.00]",300665,7/22/25,0.8849451,1,11.44,10.09,10.02,9.54,9.76,9.68,0
"[0.85,1.00]",300670,7/2/25,0.853062,1,7.86,8.21,7.71,7.86,8.14,7.9,1
"[0.85,1.00]",300683,7/28/25,0.8757786,1,43.9,50.61,51.98,56.33,59.56,58.15,1
"[0.85,1.00]",300696,8/5/25,0.87940377,1,32.17,32.82,31.36,,,,1
"[0.85,1.00]",300696,8/6/25,0.88718206,1,32.82,31.36,,,,,0
"[0.85,1.00]",300706,7/25/25,0.8578127,1,33.43,36.5,34.52,38.6,36.85,33.71,1
"[0.85,1.00]",300706,8/7/25,0.85154474,1,47.66,,,,,,0
"[0.85,1.00]",300732,7/31/25,0.890126,1,11.46,10.8,10.4,11.58,10.6,10.8,1
"[0.85,1.00]",300753,6/17/25,0.8569972,1,33.08,31.5,32.61,28.49,29.06,29.31,0
"[0.85,1.00]",300798,6/13/25,0.9108069,1,11.25,11.94,11.29,10.35,9.28,9.6,1
"[0.85,1.00]",300798,6/16/25,0.86567116,1,11.94,11.29,10.35,9.28,9.6,10.01,0
"[0.85,1.00]",300798,6/17/25,0.86167026,1,11.29,10.35,9.28,9.6,10.01,10.78,0
"[0.85,1.00]",300801,6/23/25,0.86636305,1,21.64,25.97,31.16,26.65,26.7,27.78,1
"[0.85,1.00]",300830,8/4/25,0.8715807,1,13.58,12.76,13.7,15.04,,,1
"[0.85,1.00]",300830,8/7/25,0.9035394,1,15.04,,,,,,0
"[0.85,1.00]",300858,8/4/25,0.86863995,1,22.66,20.33,19.52,19.26,,,0
"[0.85,1.00]",300872,6/16/25,0.8661038,1,22.68,23.12,22.44,22.12,21.12,22.38,1
"[0.85,1.00]",300875,6/11/25,0.8642838,1,25.96,26.19,31.43,37.72,43.94,51.08,1
"[0.85,1.00]",300875,6/16/25,0.8507963,1,37.72,43.94,51.08,49.77,47.43,51.51,1
"[0.85,1.00]",300875,6/23/25,0.8743465,1,51.51,42.32,45.12,44.57,41.69,45.49,0
"[0.85,1.00]",300875,6/24/25,0.90577316,1,42.32,45.12,44.57,41.69,45.49,46.94,1
"[0.85,1.00]",300875,8/6/25,0.87186795,1,58.06,61.72,,,,,1
"[0.85,1.00]",300885,7/23/25,0.9148438,1,17.76,18.6,17.53,17.09,20.51,23.35,1
"[0.85,1.00]",300885,7/25/25,0.8539685,1,17.53,17.09,20.51,23.35,23.12,21.91,1
"[0.85,1.00]",300885,7/29/25,0.8922849,1,20.51,23.35,23.12,21.91,23.93,24.05,1
"[0.85,1.00]",300885,7/30/25,0.89531124,1,23.35,23.12,21.91,23.93,24.05,28.86,1
"[0.85,1.00]",300885,7/31/25,0.93824095,1,23.12,21.91,23.93,24.05,28.86,30.81,1
"[0.85,1.00]",300885,8/1/25,0.89608,1,21.91,23.93,24.05,28.86,30.81,,1
"[0.85,1.00]",300885,8/4/25,0.9020223,1,23.93,24.05,28.86,30.81,,,1
"[0.85,1.00]",300885,8/6/25,0.8860448,1,28.86,30.81,,,,,1
"[0.85,1.00]",300886,6/11/25,0.86201763,1,34.35697287,41.22438056,37.45677518,37.30726703,34.23736635,31.54621965,1
"[0.85,1.00]",300941,6/17/25,0.8883403,1,31.12,30.4,28.16,26.9,28.5,29.24,0
"[0.85,1.00]",300941,6/19/25,0.863595,1,28.16,26.9,28.5,29.24,29.6,30.84,1
"[0.85,1.00]",300945,6/11/25,0.85189444,1,25.65,26.85,26.51,25.87,24.11,23.05,1
"[0.85,1.00]",300950,6/30/25,0.87487537,1,22.27,22.27,22.27,22.27,22.27,22.27,0
"[0.85,1.00]",300950,7/1/25,0.88614374,1,22.27,22.27,22.27,22.27,22.27,22.27,0
"[0.85,1.00]",300950,7/7/25,0.9309223,1,22.27,22.27,22.27,22.27,22.27,26.72,1
"[0.85,1.00]",300950,7/8/25,0.9664647,1,22.27,22.27,22.27,22.27,26.72,29.5,1
"[0.85,1.00]",300950,7/9/25,0.9664647,1,22.27,22.27,22.27,26.72,29.5,35.4,1
"[0.85,1.00]",300950,7/10/25,0.9664647,1,22.27,22.27,26.72,29.5,35.4,33.9,1
"[0.85,1.00]",300950,7/11/25,0.9664647,1,22.27,26.72,29.5,35.4,33.9,33.75,1
"[0.85,1.00]",300950,7/14/25,0.90812826,1,26.72,29.5,35.4,33.9,33.75,31.59,1
"[0.85,1.00]",300950,8/1/25,0.8570741,1,32.73,31.62,31.15,31.85,29.85,,0
"[0.85,1.00]",300961,7/3/25,0.85025,1,23.08,20.57,19.44,19.52,18.9,18.68,0
"[0.85,1.00]",300963,6/17/25,0.8587171,1,24.71,25.22,24.36,22.2,23.75,23.04,1
"[0.85,1.00]",300965,7/30/25,0.8514367,1,70.06,66,63.41,76.09,80.04,92,1
"[0.85,1.00]",300993,6/27/25,0.8570288,1,14.68,15.16,14.91,16.24,17.21,15.65,1
"[0.85,1.00]",300993,7/7/25,0.86651117,1,16.35,15.66,15.17,15.01,14.82,14.88,0
"[0.85,1.00]",300996,7/14/25,0.85675234,1,19.5,21.61,20.9,20.85,20.28,20.1,1
"[0.85,1.00]",300996,7/15/25,0.932374,1,21.61,20.9,20.85,20.28,20.1,19.3,0
"[0.85,1.00]",300996,7/18/25,0.86366713,1,20.28,20.1,19.3,19.09,19.47,19.34,0
"[0.85,1.00]",301005,6/11/25,0.8707099,1,38.6,36.6,35.07,35.32,35.43,35,0
"[0.85,1.00]",301012,7/14/25,0.8579917,1,19.28,19.28,23.14,25.4,23.43,24.13,1
"[0.85,1.00]",301012,7/15/25,0.88926184,1,19.28,23.14,25.4,23.43,24.13,22.98,1
"[0.85,1.00]",301022,6/26/25,0.87860096,1,40.66,38.23,36.31,34.39,34.88,33.48,0
"[0.85,1.00]",301024,6/20/25,0.85984,1,36.08,37.07,36.64,37.36,39.9,47.88,1
"[0.85,1.00]",301024,6/23/25,0.8685449,1,37.07,36.64,37.36,39.9,47.88,57.46,1
"[0.85,1.00]",301038,7/22/25,0.88380224,1,23.18,27.82,33.38,26.7,25.56,30.67,1
"[0.85,1.00]",301038,7/28/25,0.9449835,1,25.56,30.67,34,30.6,31.55,30.35,1
"[0.85,1.00]",301038,7/29/25,0.88849366,1,30.67,34,30.6,31.55,30.35,32.26,1
"[0.85,1.00]",301038,7/30/25,0.87237847,1,34,30.6,31.55,30.35,32.26,29.11,0
"[0.85,1.00]",301038,7/31/25,0.8866452,1,30.6,31.55,30.35,32.26,29.11,29.15,1
"[0.85,1.00]",301038,8/5/25,0.8728776,1,32.26,29.11,29.15,,,,0
"[0.85,1.00]",301038,8/6/25,0.8668535,1,29.11,29.15,,,,,1
"[0.85,1.00]",301079,6/30/25,0.959628,1,31.9,31.9,31.9,31.9,31.9,33.03,1
"[0.85,1.00]",301079,7/1/25,0.9404519,1,31.9,31.9,31.9,31.9,33.03,32.4,1
"[0.85,1.00]",301079,7/2/25,0.9404519,1,31.9,31.9,31.9,33.03,32.4,34.45,1
"[0.85,1.00]",301079,7/3/25,0.9404519,1,31.9,31.9,33.03,32.4,34.45,34.59,1
"[0.85,1.00]",301079,7/4/25,0.9404519,1,31.9,33.03,32.4,34.45,34.59,32.89,1
"[0.85,1.00]",301079,7/7/25,0.85263276,1,33.03,32.4,34.45,34.59,32.89,31.78,1
"[0.85,1.00]",301117,8/6/25,0.8608388,1,35.72,42.86,,,,,1
"[0.85,1.00]",301120,7/10/25,0.85252994,1,14.24,13.03,13.85,12.99,12.64,12.62,0
"[0.85,1.00]",301125,6/27/25,0.853334,1,14.69,17.63,16.94,16.56,15.86,15.47,1
"[0.85,1.00]",301137,6/13/25,0.8511845,1,40.24,40.66,41.73,41.17,35.54,33.93,1
"[0.85,1.00]",301137,6/17/25,0.8866496,1,41.73,41.17,35.54,33.93,36.44,35.52,0
"[0.85,1.00]",301150,7/29/25,0.8523513,1,26.96,25.57,28.56,28.01,29.07,28.27,1
"[0.85,1.00]",301161,7/22/25,0.85705864,1,35.51,29.81,29.8,28.11,29.46,29.36,0
"[0.85,1.00]",301161,8/4/25,0.85084194,1,31.19,32.57,34.4,36.98,,,1
"[0.85,1.00]",301161,8/6/25,0.8588106,1,34.4,36.98,,,,,1
"[0.85,1.00]",301176,6/26/25,0.85473335,1,25.05,24.95,26.75,26.08,27.2,32.64,1
"[0.85,1.00]",301176,7/9/25,0.8556178,1,39.46,36.75,34.52,37.3,35.03,33.11,0
"[0.85,1.00]",301197,6/16/25,0.8535123,1,22.19,22.55,20.83,22,19.59,20.56,1
"[0.85,1.00]",301197,6/26/25,0.86379653,1,21.8,23.1,23,22.44,21.33,21.25,1
"[0.85,1.00]",301200,8/5/25,0.8554493,1,83.5,88,87.83,,,,1
"[0.85,1.00]",301217,7/7/25,0.8798847,1,14.95,16.88,20.26,19.26,19.23,20.1,1
"[0.85,1.00]",301217,7/9/25,0.88452727,1,20.26,19.26,19.23,20.1,19.2,18.4,0
"[0.85,1.00]",301217,7/11/25,0.8737487,1,19.23,20.1,19.2,18.4,20.86,21.52,1
"[0.85,1.00]",301217,7/15/25,0.8639726,1,19.2,18.4,20.86,21.52,21.13,20.02,1
"[0.85,1.00]",301217,7/22/25,0.87174684,1,20.02,19.53,23.44,20.9,25.08,26.78,1
"[0.85,1.00]",301217,7/24/25,0.8502038,1,23.44,20.9,25.08,26.78,26.57,26.02,1
"[0.85,1.00]",301235,7/31/25,0.8515812,1,35.2,33.1,30.92,31.4,30.4,31.33,0
"[0.85,1.00]",301258,7/29/25,0.8571964,1,36.36,35.67,35.17,35.18,35.65,35.96,0
"[0.85,1.00]",301265,7/21/25,0.85301834,1,12.85,12.49,12,12.33,12.18,11.93,0
"[0.85,1.00]",301292,6/19/25,0.87711996,1,19.6,23.52,26.68,25.57,24.63,23.7,1
"[0.85,1.00]",301357,6/11/25,0.9316728,1,37.11,36.05,43.26,45,45.86,55.03,1
"[0.85,1.00]",301357,6/12/25,0.8907698,1,36.05,43.26,45,45.86,55.03,66.04,1
"[0.85,1.00]",301357,6/13/25,0.92217344,1,43.26,45,45.86,55.03,66.04,60,1
"[0.85,1.00]",301357,6/16/25,0.93565005,1,45,45.86,55.03,66.04,60,62.2,1
"[0.85,1.00]",301357,6/17/25,0.91227525,1,45.86,55.03,66.04,60,62.2,53.85,1
"[0.85,1.00]",301357,6/20/25,0.8680865,1,60,62.2,53.85,64.62,70.01,80.5,1
"[0.85,1.00]",301357,6/23/25,0.92255086,1,62.2,53.85,64.62,70.01,80.5,95.46,1
"[0.85,1.00]",301357,6/24/25,0.8958259,1,53.85,64.62,70.01,80.5,95.46,88.06,1
"[0.85,1.00]",301357,6/25/25,0.93903667,1,64.62,70.01,80.5,95.46,88.06,77.99,1
"[0.85,1.00]",301357,6/26/25,0.96492255,1,70.01,80.5,95.46,88.06,77.99,80.19,1
"[0.85,1.00]",301357,7/17/25,0.885783,1,85.47,83.61,83.02,90.08,81.12,82.04,1
"[0.85,1.00]",301357,7/22/25,0.85442746,1,90.08,81.12,82.04,78.6,81.55,87.36,0
"[0.85,1.00]",301357,7/28/25,0.86680734,1,81.55,87.36,87.83,102.95,95.65,114.78,1
"[0.85,1.00]",301357,7/29/25,0.8893858,1,87.36,87.83,102.95,95.65,114.78,131.58,1
"[0.85,1.00]",301357,7/31/25,0.89755505,1,102.95,95.65,114.78,131.58,157.9,159.99,1
"[0.85,1.00]",301388,7/7/25,0.85345834,1,31.74,38.09,39.98,35.79,35.11,42.13,1
"[0.85,1.00]",301388,7/14/25,0.87983084,1,42.13,38.55,38.18,38.3,40.21,40.23,0
"[0.85,1.00]",301388,7/15/25,0.85473204,1,38.55,38.18,38.3,40.21,40.23,37.99,1
"[0.85,1.00]",301389,7/4/25,0.89243674,1,31.92,32.41,33.66,38.01,34.14,33.35,1
"[0.85,1.00]",301389,7/8/25,0.88697785,1,33.66,38.01,34.14,33.35,33,32.81,1
"[0.85,1.00]",301389,7/9/25,0.86164933,1,38.01,34.14,33.35,33,32.81,32.18,0
"[0.85,1.00]",301389,7/28/25,0.8582095,1,34.99,36.15,35.25,38.46,43.1,51.72,1
"[0.85,1.00]",301389,7/31/25,0.88950485,1,38.46,43.1,51.72,51.87,55.5,51,1
"[0.85,1.00]",301389,8/1/25,0.90654665,1,43.1,51.72,51.87,55.5,51,,1
"[0.85,1.00]",301389,8/4/25,0.86033076,1,51.72,51.87,55.5,51,,,1
"[0.85,1.00]",301505,7/3/25,0.91015095,1,21.56,21.56,21.56,21.56,21.56,21.56,0
"[0.85,1.00]",301505,7/8/25,0.88733774,1,21.56,21.56,21.56,21.56,21.56,20.88,0
"[0.85,1.00]",301505,7/9/25,0.8890707,1,21.56,21.56,21.56,21.56,20.88,19.89,0
"[0.85,1.00]",301505,7/10/25,0.9620352,1,21.56,21.56,21.56,20.88,19.89,20.61,0
"[0.85,1.00]",301505,7/11/25,0.9620352,1,21.56,21.56,20.88,19.89,20.61,21.05,0
"[0.85,1.00]",301505,7/14/25,0.9620352,1,21.56,20.88,19.89,20.61,21.05,21.48,0
"[0.85,1.00]",301505,7/15/25,0.86754066,1,20.88,19.89,20.61,21.05,21.48,21.2,1
"[0.85,1.00]",301511,6/30/25,0.8764369,1,20.7,21.38,22.76,23.48,24.4,25.22,1
"[0.85,1.00]",301526,7/8/25,0.88351154,1,5.04,5.34,5.5,5,4.88,4.78,1
"[0.85,1.00]",600110,6/18/25,0.8863061,1,4.25,4.68,5.15,5.67,6.24,6.86,1
"[0.85,1.00]",600110,6/19/25,0.914119,1,4.68,5.15,5.67,6.24,6.86,7.2,1
"[0.85,1.00]",600110,6/20/25,0.9505021,1,5.15,5.67,6.24,6.86,7.2,6.82,1
"[0.85,1.00]",600110,6/23/25,0.9465282,1,5.67,6.24,6.86,7.2,6.82,6.99,1
"[0.85,1.00]",600110,6/24/25,0.9130727,1,6.24,6.86,7.2,6.82,6.99,6.29,1
"[0.85,1.00]",600110,6/25/25,0.87430906,1,6.86,7.2,6.82,6.99,6.29,5.77,1
"[0.85,1.00]",600110,6/26/25,0.8627868,1,7.2,6.82,6.99,6.29,5.77,5.99,0
"[0.85,1.00]",600110,7/31/25,0.8687212,1,6.26,6.05,5.99,6.37,6.39,6.16,1
"[0.85,1.00]",600113,6/17/25,0.8536594,1,15.85,17.44,18.81,20.69,22.76,25.04,1
"[0.85,1.00]",600113,6/18/25,0.9202913,1,17.44,18.81,20.69,22.76,25.04,25.3,1
"[0.85,1.00]",600113,6/20/25,0.87746173,1,20.69,22.76,25.04,25.3,27.83,28.64,1
"[0.85,1.00]",600113,6/24/25,0.8893396,1,25.04,25.3,27.83,28.64,25.78,25.07,1
"[0.85,1.00]",600113,6/25/25,0.87751,1,25.3,27.83,28.64,25.78,25.07,27.58,1
"[0.85,1.00]",600113,6/27/25,0.88375866,1,28.64,25.78,25.07,27.58,28,28.38,0
"[0.85,1.00]",600117,7/21/25,0.89684343,1,2.59,2.85,3.14,3.45,3.8,3.47,1
"[0.85,1.00]",600117,7/22/25,0.93431354,1,2.85,3.14,3.45,3.8,3.47,3.82,1
"[0.85,1.00]",600117,7/23/25,0.9269343,1,3.14,3.45,3.8,3.47,3.82,4.2,1
"[0.85,1.00]",600117,7/28/25,0.8627196,1,3.47,3.82,4.2,4.46,4.6,4.99,1
"[0.85,1.00]",600117,7/29/25,0.9575272,1,3.82,4.2,4.46,4.6,4.99,4.75,1
"[0.85,1.00]",600117,8/1/25,0.9025856,1,4.6,4.99,4.75,4.28,3.86,,1
"[0.85,1.00]",600117,8/4/25,0.8845185,1,4.99,4.75,4.28,3.86,,,0
"[0.85,1.00]",600152,6/30/25,0.8891328,1,7.61,7.88,7.4,7.07,6.62,7.28,1
"[0.85,1.00]",600156,6/11/25,0.8640376,1,7.86,7.86,7.86,7.86,7.86,7.86,0
"[0.85,1.00]",600156,6/12/25,0.90486205,1,7.86,7.86,7.86,7.86,7.86,7.86,0
"[0.85,1.00]",600156,6/13/25,0.9026764,1,7.86,7.86,7.86,7.86,7.86,7.86,0
"[0.85,1.00]",600156,6/17/25,0.905473,1,7.86,7.86,7.86,7.86,7.86,7.21,0
"[0.85,1.00]",600156,6/18/25,0.94538105,1,7.86,7.86,7.86,7.86,7.21,6.63,0
"[0.85,1.00]",600156,6/19/25,0.94538105,1,7.86,7.86,7.86,7.21,6.63,7.29,0
"[0.85,1.00]",600156,6/20/25,0.94538105,1,7.86,7.86,7.21,6.63,7.29,7.55,0
"[0.85,1.00]",600156,6/23/25,0.94538105,1,7.86,7.21,6.63,7.29,7.55,7.33,0
"[0.85,1.00]",600190,7/1/25,0.93288136,1,0.43,0.44,0.47,0.52,0.57,0.53,1
"[0.85,1.00]",600192,7/1/25,0.8925229,1,9.41,10.35,9.99,10.45,11.5,11.66,1
"[0.85,1.00]",600192,7/2/25,0.9087329,1,10.35,9.99,10.45,11.5,11.66,11.4,1
"[0.85,1.00]",600192,7/7/25,0.87728447,1,11.5,11.66,11.4,10.26,10.12,9.85,1
"[0.85,1.00]",600192,7/8/25,0.8732732,1,11.66,11.4,10.26,10.12,9.85,9.49,0
"[0.85,1.00]",600201,7/17/25,0.8717219,1,9.53,9,9,8.71,8.56,8.55,0
"[0.85,1.00]",600203,8/6/25,0.87045854,1,14.19,15.61,,,,,1
"[0.85,1.00]",600203,8/7/25,0.9249178,1,15.61,,,,,,0
"[0.85,1.00]",600208,8/7/25,0.8591783,1,4.12,,,,,,0
"[0.85,1.00]",600230,7/18/25,0.907598,1,13.75,14.66,16.13,14.52,15.16,14.4,1
"[0.85,1.00]",600230,7/22/25,0.8523769,1,16.13,14.52,15.16,14.4,14.12,14.31,0
"[0.85,1.00]",600232,6/11/25,0.9052387,1,8.37525458,8.23682062,8.83999716,7.96,7.72,6.96,1
"[0.85,1.00]",600241,6/27/25,0.87277937,1,9.68,10.65,10.23,9.41,8.82,8.51,1
"[0.85,1.00]",600241,6/30/25,0.9042485,1,10.65,10.23,9.41,8.82,8.51,8.63,0
"[0.85,1.00]",600250,6/11/25,0.93587446,1,12.8,14.08,12.67,11.92,11.4,11.06,1
"[0.85,1.00]",600250,6/12/25,0.9232172,1,14.08,12.67,11.92,11.4,11.06,10.72,0
"[0.85,1.00]",600250,6/13/25,0.8862325,1,12.67,11.92,11.4,11.06,10.72,10.57,0
"[0.85,1.00]",600250,7/2/25,0.8777081,1,12.85,13.18,12.9,14.19,13.41,12.44,1
"[0.85,1.00]",600250,7/7/25,0.89334,1,14.19,13.41,12.44,13.68,14.27,13.92,1
"[0.85,1.00]",600250,7/10/25,0.89878666,1,13.68,14.27,13.92,13.7,13.6,13.69,1
"[0.85,1.00]",600268,7/21/25,0.85866547,1,9.87,10.86,10.53,9.97,9.93,9.67,1
"[0.85,1.00]",600281,6/11/25,0.90017474,1,6,6.6,7.26,7.68,8.45,7.61,1
"[0.85,1.00]",600281,6/12/25,0.8960001,1,6.6,7.26,7.68,8.45,7.61,6.85,1
"[0.85,1.00]",600281,6/13/25,0.9352982,1,7.26,7.68,8.45,7.61,6.85,6.38,1
"[0.85,1.00]",600281,6/16/25,0.850116,1,7.68,8.45,7.61,6.85,6.38,6.48,1
"[0.85,1.00]",600281,6/17/25,0.86159414,1,8.45,7.61,6.85,6.38,6.48,6.45,0
"[0.85,1.00]",600288,7/25/25,0.86563504,1,13.2,13.3,13.35,12.66,12.84,12.88,1
"[0.85,1.00]",600302,8/6/25,0.8566388,1,7.6,7.41,,,,,0
"[0.85,1.00]",600319,7/1/25,0.91272527,1,7.18,7.9,7.25,6.58,6.45,6.57,1
"[0.85,1.00]",600319,7/2/25,0.901922,1,7.9,7.25,6.58,6.45,6.57,6.46,0
"[0.85,1.00]",600326,7/21/25,0.9373867,1,10.54,11.59,12.75,14.03,15.43,15.66,1
"[0.85,1.00]",600326,7/22/25,0.9536358,1,11.59,12.75,14.03,15.43,15.66,17.23,1
"[0.85,1.00]",600326,7/23/25,0.96479344,1,12.75,14.03,15.43,15.66,17.23,17.91,1
"[0.85,1.00]",600326,7/24/25,0.9339144,1,14.03,15.43,15.66,17.23,17.91,19.15,1
"[0.85,1.00]",600353,6/13/25,0.88023484,1,13.87,14.04,13.2,12.9,11.63,11.54,1
"[0.85,1.00]",600353,6/16/25,0.8862958,1,14.04,13.2,12.9,11.63,11.54,11.8,0
"[0.85,1.00]",600353,6/17/25,0.85624933,1,13.2,12.9,11.63,11.54,11.8,12.38,0
"[0.85,1.00]",600353,7/1/25,0.8572775,1,14.67,13.58,13.36,13.34,13.35,12.61,0
"[0.85,1.00]",600353,7/9/25,0.85990995,1,13.87,14.16,14.8,14.66,14.47,14.48,1
"[0.85,1.00]",600366,6/12/25,0.892166,1,10.57,11.15,11.6,11.81,10.63,9.72,1
"[0.85,1.00]",600366,6/13/25,0.8691661,1,11.15,11.6,11.81,10.63,9.72,9.57,1
"[0.85,1.00]",600366,6/16/25,0.8696798,1,11.6,11.81,10.63,9.72,9.57,9.72,1
"[0.85,1.00]",600367,6/23/25,0.8622599,1,17.16,15.44,16.98,15.87,15.29,15.69,0
"[0.85,1.00]",600392,7/21/25,0.89347345,1,18.73,19.26,20,20.85,22.35,24.59,1
"[0.85,1.00]",600410,8/7/25,0.89261925,1,13.19,,,,,,0
"[0.85,1.00]",600421,8/7/25,0.8788215,1,6.42,,,,,,0
"[0.85,1.00]",600423,7/4/25,0.88307446,1,3.71,3.8,3.8,3.72,3.66,3.66,1
"[0.85,1.00]",600475,7/4/25,0.8903314,1,12.57,13.83,15.21,16.73,18.4,16.56,1
"[0.85,1.00]",600475,7/7/25,0.899161,1,13.83,15.21,16.73,18.4,16.56,16.7,1
"[0.85,1.00]",600475,7/8/25,0.90080065,1,15.21,16.73,18.4,16.56,16.7,15.04,1
"[0.85,1.00]",600475,7/9/25,0.8759019,1,16.73,18.4,16.56,16.7,15.04,14.65,1
"[0.85,1.00]",600475,7/10/25,0.8564477,1,18.4,16.56,16.7,15.04,14.65,15.31,0
"[0.85,1.00]",600475,8/7/25,0.9278979,1,19.26,,,,,,0
"[0.85,1.00]",600500,7/24/25,0.89126635,1,3.86,3.86,3.86,4.25,4.19,4.06,1
"[0.85,1.00]",600500,7/25/25,0.89126635,1,3.86,3.86,4.25,4.19,4.06,4,1
"[0.85,1.00]",600500,7/28/25,0.89126635,1,3.86,4.25,4.19,4.06,4,4,1
"[0.85,1.00]",600513,7/7/25,0.8528659,1,11.89,13.08,12.38,13.62,14.98,16.48,1
"[0.85,1.00]",600513,7/8/25,0.90543646,1,13.08,12.38,13.62,14.98,16.48,14.83,1
"[0.85,1.00]",600513,7/10/25,0.8843884,1,13.62,14.98,16.48,14.83,16.31,16.64,1
"[0.85,1.00]",600513,7/11/25,0.86523676,1,14.98,16.48,14.83,16.31,16.64,16.75,1
"[0.85,1.00]",600513,7/14/25,0.9426917,1,16.48,14.83,16.31,16.64,16.75,17.88,1
"[0.85,1.00]",600513,7/16/25,0.89382094,1,16.31,16.64,16.75,17.88,16.71,17.04,1
"[0.85,1.00]",600513,7/17/25,0.8640752,1,16.64,16.75,17.88,16.71,17.04,16.89,1
"[0.85,1.00]",600513,7/18/25,0.8671166,1,16.75,17.88,16.71,17.04,16.89,16.32,1
"[0.85,1.00]",600513,8/4/25,0.90276766,1,20.82,21.51,22.38,21.07,,,1
"[0.85,1.00]",600513,8/5/25,0.8660748,1,21.51,22.38,21.07,,,,1
"[0.85,1.00]",600513,8/6/25,0.8586254,1,22.38,21.07,,,,,0
"[0.85,1.00]",600518,7/9/25,0.8795428,1,2.11,2.08,2.06,2.07,2.05,2.07,0
"[0.85,1.00]",600528,7/21/25,0.9007399,1,8.27,9.1,10.01,11.01,10.46,9.66,1
"[0.85,1.00]",600528,7/22/25,0.86508614,1,9.1,10.01,11.01,10.46,9.66,9.64,1
"[0.85,1.00]",600528,7/23/25,0.86886805,1,10.01,11.01,10.46,9.66,9.64,9.3,1
"[0.85,1.00]",600537,7/3/25,0.90458214,1,3.5,3.64,3.28,3.61,3.97,4,1
"[0.85,1.00]",600537,7/9/25,0.90483856,1,3.97,4,3.98,3.86,3.62,3.49,1
"[0.85,1.00]",600537,7/22/25,0.9143615,1,4.08,4.16,4.18,4.1,4.02,4.1,1
"[0.85,1.00]",600539,7/28/25,0.8714241,1,13.78,13.8,13.05,13.73,13.81,13.72,1
"[0.85,1.00]",600543,6/18/25,0.92983633,1,6.79,6.13,5.64,5.77,5.81,5.85,0
"[0.85,1.00]",600545,7/8/25,0.8529213,1,2.5,2.54,2.5,2.49,2.45,2.35,1
"[0.85,1.00]",600571,7/7/25,0.86183757,1,20.39,19.79,21.77,21.68,21.18,20.06,1
"[0.85,1.00]",600571,7/9/25,0.9061636,1,21.77,21.68,21.18,20.06,19.27,19.18,0
"[0.85,1.00]",600579,7/16/25,0.88033444,1,8.36,8.36,8.36,8.36,8.36,8.36,0
"[0.85,1.00]",600579,7/17/25,0.8915282,1,8.36,8.36,8.36,8.36,8.36,8.36,0
"[0.85,1.00]",600579,7/18/25,0.89654535,1,8.36,8.36,8.36,8.36,8.36,8.36,0
"[0.85,1.00]",600579,7/21/25,0.858424,1,8.36,8.36,8.36,8.36,8.36,8.36,0
"[0.85,1.00]",600579,7/22/25,0.86295736,1,8.36,8.36,8.36,8.36,8.36,9.2,1
"[0.85,1.00]",600579,7/23/25,0.96565473,1,8.36,8.36,8.36,8.36,9.2,10.12,1
"[0.85,1.00]",600579,7/24/25,0.96565473,1,8.36,8.36,8.36,9.2,10.12,11.13,1
"[0.85,1.00]",600579,7/25/25,0.96565473,1,8.36,8.36,9.2,10.12,11.13,10.02,1
"[0.85,1.00]",600579,7/28/25,0.96565473,1,8.36,9.2,10.12,11.13,10.02,9.1,1
"[0.85,1.00]",600579,7/29/25,0.9699378,1,9.2,10.12,11.13,10.02,9.1,9.01,1
"[0.85,1.00]",600579,7/30/25,0.9795672,1,10.12,11.13,10.02,9.1,9.01,8.89,1
"[0.85,1.00]",600593,7/23/25,0.8682116,1,34.3,34.3,34.3,34.3,34.12,32.7,0
"[0.85,1.00]",600604,6/25/25,0.8593731,1,5.32,5.35,5.12,5.16,5.02,4.94,1
"[0.85,1.00]",600604,7/11/25,0.86225593,1,5.68,6.25,6.82,7.21,7,6.42,1
"[0.85,1.00]",600604,7/14/25,0.92353666,1,6.25,6.82,7.21,7,6.42,6.2,1
"[0.85,1.00]",600606,7/10/25,0.8836339,1,1.89,2.08,2.29,2.28,2.05,1.99,1
"[0.85,1.00]",600620,7/17/25,0.88822687,1,7.04,7.74,7.6,6.84,6.52,6.46,1
"[0.85,1.00]",600620,7/18/25,0.892221,1,7.74,7.6,6.84,6.52,6.46,6.38,0
"[0.85,1.00]",600622,7/11/25,0.8903801,1,3.64,3.28,3.16,3.07,3.06,3.07,0
"[0.85,1.00]",600626,8/5/25,0.865103,1,4.46,4.31,4.41,,,,0
"[0.85,1.00]",600629,7/21/25,0.87375945,1,10.53,11.58,11.14,10.99,11.54,12.37,1
"[0.85,1.00]",600629,7/22/25,0.95606,1,11.58,11.14,10.99,11.54,12.37,11.84,1
"[0.85,1.00]",600629,8/1/25,0.8937422,1,13.7,13.26,13.4,13.67,14.53,,1
"[0.85,1.00]",600643,6/26/25,0.8836407,1,6.29,6.92,7.42,8.16,7.34,6.76,1
"[0.85,1.00]",600643,6/27/25,0.85376793,1,6.92,7.42,8.16,7.34,6.76,6.78,1
"[0.85,1.00]",600651,8/7/25,0.87363815,1,6.28,,,,,,0
"[0.85,1.00]",600684,6/30/25,0.85959756,1,4.43,4.43,4.3,4.28,4.29,4.27,0
"[0.85,1.00]",600684,7/30/25,0.85486335,1,4.93,5.42,4.88,4.53,4.54,4.5,1
"[0.85,1.00]",600684,7/31/25,0.89356816,1,5.42,4.88,4.53,4.54,4.5,4.48,0
"[0.85,1.00]",600698,6/25/25,0.87694055,1,7.92,8.71,8.27,9.1,9.53,10.15,1
"[0.85,1.00]",600698,6/26/25,0.8944061,1,8.71,8.27,9.1,9.53,10.15,9.75,1
"[0.85,1.00]",600698,6/27/25,0.86415833,1,8.27,9.1,9.53,10.15,9.75,10.01,1
"[0.85,1.00]",600698,6/30/25,0.87059677,1,9.1,9.53,10.15,9.75,10.01,11.01,1
"[0.85,1.00]",600698,7/1/25,0.8647351,1,9.53,10.15,9.75,10.01,11.01,11.7,1
"[0.85,1.00]",600698,7/7/25,0.88185644,1,11.01,11.7,11.66,11.01,10.69,10.36,1
"[0.85,1.00]",600698,8/5/25,0.86928886,1,11.89,13.08,13.43,,,,1
"[0.85,1.00]",600698,8/6/25,0.8720778,1,13.08,13.43,,,,,1
"[0.85,1.00]",600706,6/11/25,0.9003163,1,11.92,11.12,10.23,9.82,9.66,9.53,0
"[0.85,1.00]",600714,6/16/25,0.8899939,1,13.23,12.63,13,14.3,12.87,13.45,1
"[0.85,1.00]",600714,6/19/25,0.8655386,1,14.3,12.87,13.45,12.11,12.13,11.76,0
"[0.85,1.00]",600722,6/16/25,0.9272013,1,6.34,6.97,7.67,8.15,7.34,7.76,1
"[0.85,1.00]",600722,6/17/25,0.8690179,1,6.97,7.67,8.15,7.34,7.76,6.98,1
"[0.85,1.00]",600722,6/18/25,0.907206,1,7.67,8.15,7.34,7.76,6.98,6.44,1
"[0.85,1.00]",600722,6/23/25,0.87852204,1,7.76,6.98,6.44,6.6,6.28,6.37,0
"[0.85,1.00]",600722,6/25/25,0.8845542,1,6.44,6.6,6.28,6.37,6.36,6.35,1
"[0.85,1.00]",600743,6/27/25,0.8618356,1,2.31,2.27,2.24,2.23,2.24,2.23,0
"[0.85,1.00]",600744,7/1/25,0.8671717,1,4.96,5.04,5.54,6.09,6.7,7.37,1
"[0.85,1.00]",600744,7/3/25,0.9168133,1,5.54,6.09,6.7,7.37,8.11,7.97,1
"[0.85,1.00]",600744,7/4/25,0.9189268,1,6.09,6.7,7.37,8.11,7.97,8.58,1
"[0.85,1.00]",600744,7/7/25,0.92738694,1,6.7,7.37,8.11,7.97,8.58,9.17,1
"[0.85,1.00]",600744,7/8/25,0.9431078,1,7.37,8.11,7.97,8.58,9.17,8.25,1
"[0.85,1.00]",600744,7/9/25,0.9635516,1,8.11,7.97,8.58,9.17,8.25,8.3,1
"[0.85,1.00]",600744,7/10/25,0.90242934,1,7.97,8.58,9.17,8.25,8.3,8.12,1
"[0.85,1.00]",600744,7/11/25,0.9148927,1,8.58,9.17,8.25,8.3,8.12,8.02,1
"[0.85,1.00]",600744,7/14/25,0.9337958,1,9.17,8.25,8.3,8.12,8.02,7.72,0
"[0.85,1.00]",600749,7/22/25,0.8798315,1,14.47,15.92,17.51,19.26,21.19,23.31,1
"[0.85,1.00]",600749,7/23/25,0.93188244,1,15.92,17.51,19.26,21.19,23.31,25.64,1
"[0.85,1.00]",600749,7/24/25,0.9396823,1,17.51,19.26,21.19,23.31,25.64,28.2,1
"[0.85,1.00]",600749,7/25/25,0.93744004,1,19.26,21.19,23.31,25.64,28.2,28.2,1
"[0.85,1.00]",600749,7/28/25,0.9580749,1,21.19,23.31,25.64,28.2,28.2,25.38,1
"[0.85,1.00]",600749,7/29/25,0.96345955,1,23.31,25.64,28.2,28.2,25.38,26.53,1
"[0.85,1.00]",600749,7/30/25,0.8820572,1,25.64,28.2,28.2,25.38,26.53,23.88,1
"[0.85,1.00]",600749,7/31/25,0.883583,1,28.2,28.2,25.38,26.53,23.88,23.63,0
"[0.85,1.00]",600749,8/4/25,0.8859835,1,25.38,26.53,23.88,23.63,,,1
"[0.85,1.00]",600749,8/5/25,0.8758181,1,26.53,23.88,23.63,,,,0
"[0.85,1.00]",600751,7/18/25,0.88660437,1,4.1,4.2,4.06,3.83,3.99,3.84,1
"[0.85,1.00]",600759,6/16/25,0.9210896,1,2.67,2.62,2.58,2.72,2.55,2.67,1
"[0.85,1.00]",600773,7/22/25,0.8581724,1,12.27,12.1,12.16,11.34,11.15,11.3,0
"[0.85,1.00]",600774,7/18/25,0.91157097,1,10.92,11.03,9.93,10.92,10.92,10.61,1
"[0.85,1.00]",600792,6/16/25,0.9120609,1,4.06,3.84,3.64,3.47,3.52,3.59,0
"[0.85,1.00]",600794,6/20/25,0.8639621,1,4.76,5.24,5.15,5.34,5.32,5.1,1
"[0.85,1.00]",600794,6/23/25,0.91636866,1,5.24,5.15,5.34,5.32,5.1,5.33,1
"[0.85,1.00]",600794,6/25/25,0.8522687,1,5.34,5.32,5.1,5.33,5.19,5.3,0
"[0.85,1.00]",600798,6/20/25,0.85882,1,4.36,4.8,4.91,4.43,4.64,4.48,1
"[0.85,1.00]",600798,6/23/25,0.8941145,1,4.8,4.91,4.43,4.64,4.48,4.56,1
"[0.85,1.00]",600807,7/7/25,0.8505992,1,3.36,3.3,3.3,3.33,3.32,3.28,0
"[0.85,1.00]",600815,7/22/25,0.8740329,1,3.34,3.21,3.13,2.94,2.95,2.91,0
"[0.85,1.00]",600822,7/14/25,0.9072526,1,12.09,13.3,14.63,16.09,15.4,15.76,1
"[0.85,1.00]",600822,7/15/25,0.9229783,1,13.3,14.63,16.09,15.4,15.76,14.18,1
"[0.85,1.00]",600822,7/16/25,0.87329257,1,14.63,16.09,15.4,15.76,14.18,12.85,1
"[0.85,1.00]",600822,7/17/25,0.878729,1,16.09,15.4,15.76,14.18,12.85,12.89,0
"[0.85,1.00]",600822,7/21/25,0.89691776,1,15.76,14.18,12.85,12.89,12.62,12.68,0
"[0.85,1.00]",600826,7/14/25,0.9435408,1,9.89,10.88,11.97,13.17,14.49,13.9,1
"[0.85,1.00]",600826,7/15/25,0.9157606,1,10.88,11.97,13.17,14.49,13.9,15.29,1
"[0.85,1.00]",600826,7/17/25,0.8900264,1,13.17,14.49,13.9,15.29,13.76,13.54,1
"[0.85,1.00]",600826,7/22/25,0.8939603,1,15.29,13.76,13.54,12.21,11.83,11.5,0
"[0.85,1.00]",600826,7/23/25,0.8527636,1,13.76,13.54,12.21,11.83,11.5,11.17,0
"[0.85,1.00]",600828,8/1/25,0.91531223,1,5.12,4.61,4.57,4.25,4.2,,0
"[0.85,1.00]",600829,7/18/25,0.9159487,1,9.24,10.16,9.5,8.65,8.73,8.59,1
"[0.85,1.00]",600829,7/21/25,0.91922164,1,10.16,9.5,8.65,8.73,8.59,8.59,0
"[0.85,1.00]",600841,7/16/25,0.85145897,1,6.92,6.7,6.6,6.67,6.61,6.48,0
"[0.85,1.00]",600858,6/26/25,0.8814767,1,6.53,6.05,5.99,5.99,6.01,5.84,0
"[0.85,1.00]",600960,6/17/25,0.963851,1,5.05,4.81,4.33,3.9,3.92,4.18,0
"[0.85,1.00]",600960,6/20/25,0.8639842,1,3.9,3.92,4.18,4.21,4.63,5.09,1
"[0.85,1.00]",600960,6/23/25,0.8873074,1,3.92,4.18,4.21,4.63,5.09,5.4,1
"[0.85,1.00]",600960,6/27/25,0.8510245,1,5.09,5.4,5.29,5,4.98,4.89,1
"[0.85,1.00]",600962,7/1/25,0.9412646,1,13.43,13.43,13.43,13.43,14.77,16.25,1
"[0.85,1.00]",600962,7/2/25,0.9412646,1,13.43,13.43,13.43,14.77,16.25,17.88,1
"[0.85,1.00]",600962,7/3/25,0.9412646,1,13.43,13.43,14.77,16.25,17.88,19.67,1
"[0.85,1.00]",600962,7/4/25,0.9412646,1,13.43,14.77,16.25,17.88,19.67,21.64,1
"[0.85,1.00]",600962,7/7/25,0.9884991,1,14.77,16.25,17.88,19.67,21.64,21.3,1
"[0.85,1.00]",600962,7/8/25,0.992147,1,16.25,17.88,19.67,21.64,21.3,19.6,1
"[0.85,1.00]",600962,7/9/25,0.992008,1,17.88,19.67,21.64,21.3,19.6,20.8,1
"[0.85,1.00]",600962,7/10/25,0.98233736,1,19.67,21.64,21.3,19.6,20.8,21.23,1
"[0.85,1.00]",600967,6/30/25,0.8903254,1,19.35,19.31,17.38,17.03,16.84,17.82,0
"[0.85,1.00]",600980,6/12/25,0.88018996,1,25.03,27.53,29,26.1,23.5,22,1
"[0.85,1.00]",601003,7/15/25,0.9310612,1,5.57,5.06,5.57,6.13,6.74,7.41,1
"[0.85,1.00]",601003,7/16/25,0.916642,1,5.06,5.57,6.13,6.74,7.41,7.79,1
"[0.85,1.00]",601003,7/17/25,0.9425964,1,5.57,6.13,6.74,7.41,7.79,8.15,1
"[0.85,1.00]",601003,7/18/25,0.90364236,1,6.13,6.74,7.41,7.79,8.15,7.34,1
"[0.85,1.00]",601003,7/22/25,0.8733759,1,7.41,7.79,8.15,7.34,6.71,6.82,1
"[0.85,1.00]",601005,7/22/25,0.85143876,1,1.65,1.6,1.64,1.58,1.54,1.58,0
"[0.85,1.00]",601208,7/17/25,0.85229677,1,14.21,15.26,15.55,15.1,15.1,15.1,1
"[0.85,1.00]",601218,7/1/25,0.92310154,1,4.52,4.97,5.47,4.92,4.49,4.5,1
"[0.85,1.00]",601218,7/2/25,0.93213236,1,4.97,5.47,4.92,4.49,4.5,4.3,1
"[0.85,1.00]",601218,7/3/25,0.9463851,1,5.47,4.92,4.49,4.5,4.3,4.26,0
"[0.85,1.00]",601279,6/12/25,0.889931,1,4.35004612,4.7890416,4.37000046,3.94,3.74,3.69,1
"[0.85,1.00]",601279,6/13/25,0.92495835,1,4.7890416,4.37000046,3.94,3.74,3.69,3.75,0
"[0.85,1.00]",601279,7/17/25,0.8894057,1,4.72,4.5,4.21,4.19,4.11,4.15,0
"[0.85,1.00]",601606,6/19/25,0.8848232,1,16.69,18.36,20.2,20.29,22.32,24.55,1
"[0.85,1.00]",601606,6/20/25,0.9249006,1,18.36,20.2,20.29,22.32,24.55,26.41,1
"[0.85,1.00]",601606,6/23/25,0.94685054,1,20.2,20.29,22.32,24.55,26.41,29.05,1
"[0.85,1.00]",601606,6/24/25,0.855358,1,20.29,22.32,24.55,26.41,29.05,31.96,1
"[0.85,1.00]",601606,6/25/25,0.9043319,1,22.32,24.55,26.41,29.05,31.96,29.6,1
"[0.85,1.00]",601606,6/26/25,0.93890643,1,24.55,26.41,29.05,31.96,29.6,30.5,1
"[0.85,1.00]",601606,6/30/25,0.8628249,1,29.05,31.96,29.6,30.5,28.28,28.69,1
"[0.85,1.00]",601606,7/1/25,0.8551008,1,31.96,29.6,30.5,28.28,28.69,28.77,0
"[0.85,1.00]",601606,7/3/25,0.8576048,1,30.5,28.28,28.69,28.77,28.43,26.66,0
"[0.85,1.00]",601606,7/31/25,0.8633241,1,34.68,35.3,38.83,42.71,46.98,51.68,1
"[0.85,1.00]",601669,7/21/25,0.8682077,1,5.59,6.15,6.77,7.45,7.22,7.03,1
"[0.85,1.00]",601718,6/30/25,0.91533643,1,3.92,4.31,4.13,3.82,4.11,4.01,1
"[0.85,1.00]",601718,7/1/25,0.93606883,1,4.31,4.13,3.82,4.11,4.01,3.96,0
"[0.85,1.00]",601890,7/2/25,0.8658973,1,11.33,10.84,10.07,10.05,10.19,10.04,0
"[0.85,1.00]",601908,7/10/25,0.86726797,1,3.84,4.22,4.64,4.23,3.82,3.88,1
"[0.85,1.00]",601908,7/11/25,0.888645,1,4.22,4.64,4.23,3.82,3.88,4.01,1
"[0.85,1.00]",601929,8/5/25,0.8804807,1,2.22,2.23,2.45,,,,1
"[0.85,1.00]",601929,8/7/25,0.865507,1,2.45,,,,,,0
"[0.85,1.00]",603001,7/15/25,0.8863916,1,8.48,8.31,8.59,8.87,8.22,8.01,1
"[0.85,1.00]",603022,6/23/25,0.9274542,1,10.26,11.29,12.42,13.66,12.29,11.06,1
"[0.85,1.00]",603022,6/24/25,0.9064251,1,11.29,12.42,13.66,12.29,11.06,10.61,1
"[0.85,1.00]",603022,6/25/25,0.95098305,1,12.42,13.66,12.29,11.06,10.61,10.66,1
"[0.85,1.00]",603022,6/26/25,0.95505804,1,13.66,12.29,11.06,10.61,10.66,10.48,0
"[0.85,1.00]",603032,6/24/25,0.86874133,1,17.91,18.67,18.12,17.78,17.59,17.6,1
"[0.85,1.00]",603059,8/1/25,0.8895657,1,33.78,37.16,40.88,44.97,40.47,,1
"[0.85,1.00]",603086,7/7/25,0.86702347,1,10.67,10.74,11.1,11.3,10.52,10.54,1
"[0.85,1.00]",603093,6/12/25,0.8720188,1,22.61,21.05,22,20.23,21.34,19.85,0
"[0.85,1.00]",603093,6/23/25,0.86701846,1,17.28,17.95,19.75,21.73,23.25,22.33,1
"[0.85,1.00]",603093,6/25/25,0.8767033,1,19.75,21.73,23.25,22.33,20.52,19.98,1
"[0.85,1.00]",603093,6/26/25,0.89885634,1,21.73,23.25,22.33,20.52,19.98,19.68,1
"[0.85,1.00]",603115,7/18/25,0.87365746,1,19.64,18,18.55,18.2,16.69,15.9,0
"[0.85,1.00]",603123,6/18/25,0.8795894,1,13.2,12.39,11.76,12.47,13.26,14.59,1
"[0.85,1.00]",603123,6/23/25,0.8810512,1,12.47,13.26,14.59,14.85,15.5,17.05,1
"[0.85,1.00]",603123,6/24/25,0.85617363,1,13.26,14.59,14.85,15.5,17.05,15.35,1
"[0.85,1.00]",603123,6/26/25,0.897081,1,14.85,15.5,17.05,15.35,14.2,14.14,1
"[0.85,1.00]",603123,6/30/25,0.8944824,1,17.05,15.35,14.2,14.14,14.32,15.02,0
"[0.85,1.00]",603139,6/11/25,0.8934774,1,24.95,27.45,26.2,23.58,21.9,21.53,1
"[0.85,1.00]",603139,6/12/25,0.93695253,1,27.45,26.2,23.58,21.9,21.53,20.94,0
"[0.85,1.00]",603151,6/13/25,0.90519357,1,17.12,17.12,18.83,20.71,19.9,21.35,1
"[0.85,1.00]",603151,6/16/25,0.90519357,1,17.12,18.83,20.71,19.9,21.35,20.28,1
"[0.85,1.00]",603155,6/23/25,0.8666554,1,15.83,17.41,17.6,17.92,18.67,19.28,1
"[0.85,1.00]",603155,6/24/25,0.9262818,1,17.41,17.6,17.92,18.67,19.28,17.8,1
"[0.85,1.00]",603176,7/14/25,0.933162,1,6.15,6.77,6.37,5.73,6.3,6.93,1
"[0.85,1.00]",603176,7/15/25,0.94264394,1,6.77,6.37,5.73,6.3,6.93,6.48,1
"[0.85,1.00]",603176,7/24/25,0.8979841,1,7.04,7.74,7.25,7.46,7.38,6.64,1
"[0.85,1.00]",603176,7/25/25,0.8722725,1,7.74,7.25,7.46,7.38,6.64,6.35,0
"[0.85,1.00]",603176,7/28/25,0.8673809,1,7.25,7.46,7.38,6.64,6.35,6.22,1
"[0.85,1.00]",603185,7/10/25,0.86977524,1,19.31,18.7,18.57,18.23,18.04,18.84,0
"[0.85,1.00]",603212,7/2/25,0.8600559,1,14.16,13.45,12.9,12.61,13.08,12.41,0
"[0.85,1.00]",603216,7/16/25,0.857572,1,12.45,12.49,12.57,12.84,12.85,13.06,1
"[0.85,1.00]",603229,7/31/25,0.86947674,1,11.61,12.31,11.48,10.85,10.83,10.43,1
"[0.85,1.00]",603232,6/26/25,0.86637217,1,17.4,17.21,16.95,16.41,16.14,16.19,0
"[0.85,1.00]",603256,7/9/25,0.92782545,1,24.48,22.03,21.6,21.01,20.6,20.3,0
"[0.85,1.00]",603273,7/31/25,0.8656079,1,21.09,19.96,20.11,20.58,20.28,20.12,0
"[0.85,1.00]",603280,7/21/25,0.856314,1,28.72,31.59,34.75,38.23,37.47,41.22,1
"[0.85,1.00]",603280,7/22/25,0.87755007,1,31.59,34.75,38.23,37.47,41.22,45.34,1
"[0.85,1.00]",603280,7/23/25,0.9091058,1,34.75,38.23,37.47,41.22,45.34,49.87,1
"[0.85,1.00]",603280,7/24/25,0.9042068,1,38.23,37.47,41.22,45.34,49.87,54.86,1
"[0.85,1.00]",603280,7/28/25,0.87725085,1,41.22,45.34,49.87,54.86,57.47,60.1,1
"[0.85,1.00]",603280,7/29/25,0.91349566,1,45.34,49.87,54.86,57.47,60.1,57.2,1
"[0.85,1.00]",603316,6/26/25,0.851226,1,7.43,8.17,8.99,9.89,10.88,11.97,1
"[0.85,1.00]",603316,6/27/25,0.9169363,1,8.17,8.99,9.89,10.88,11.97,11.62,1
"[0.85,1.00]",603316,6/30/25,0.9727025,1,8.99,9.89,10.88,11.97,11.62,10.46,1
"[0.85,1.00]",603316,7/1/25,0.9163155,1,9.89,10.88,11.97,11.62,10.46,10.04,1
"[0.85,1.00]",603316,7/2/25,0.937748,1,10.88,11.97,11.62,10.46,10.04,9.37,1
"[0.85,1.00]",603316,7/3/25,0.88197434,1,11.97,11.62,10.46,10.04,9.37,9.11,0
"[0.85,1.00]",603316,7/4/25,0.8528682,1,11.62,10.46,10.04,9.37,9.11,9.13,0
"[0.85,1.00]",603332,6/11/25,0.90623754,1,19.5800022,19.35,17.42,17.64,16.67,18.34,0
"[0.85,1.00]",603335,6/12/25,0.87204945,1,5.91,5.32,5.14,4.93,4.82,4.71,0
"[0.85,1.00]",603336,6/11/25,0.893147,1,6.24,6.24,6.24,6.85,7.17,6.52,1
"[0.85,1.00]",603336,6/12/25,0.8868941,1,6.24,6.24,6.85,7.17,6.52,6.08,1
"[0.85,1.00]",603336,7/24/25,0.86303735,1,7.72,7.52,7.44,7.37,7.27,7.29,0
"[0.85,1.00]",603367,7/28/25,0.8971034,1,23.57,25.93,28.52,30.01,30.19,32.18,1
"[0.85,1.00]",603367,7/29/25,0.8586897,1,25.93,28.52,30.01,30.19,32.18,30.04,1
"[0.85,1.00]",603367,7/30/25,0.8610336,1,28.52,30.01,30.19,32.18,30.04,32.49,1
"[0.85,1.00]",603381,8/5/25,0.87819636,1,21.17,21.17,21.19,,,,1
"[0.85,1.00]",603516,8/7/25,0.9045819,1,86.8,,,,,,0
"[0.85,1.00]",603538,6/23/25,0.8873264,1,20.26036236,20.40999576,19.6,20.42,19.64,19.71,1
"[0.85,1.00]",603538,7/3/25,0.85387933,1,25.5,25.45,24.75,23.49,23.3,24.16,0
"[0.85,1.00]",603601,7/1/25,0.89702487,1,4.47,4.92,4.6,5.06,5.21,5.51,1
"[0.85,1.00]",603601,7/2/25,0.8890692,1,4.92,4.6,5.06,5.21,5.51,5.53,1
"[0.85,1.00]",603616,6/20/25,0.87052494,1,4.46,4.39,4.55,4.62,4.57,5.03,1
"[0.85,1.00]",603616,6/27/25,0.853338,1,5.03,4.79,4.6,4.55,4.62,4.49,0
"[0.85,1.00]",603616,7/22/25,0.8956877,1,5.46,6.01,6.61,5.95,6.55,6.7,1
"[0.85,1.00]",603616,7/23/25,0.91953933,1,6.01,6.61,5.95,6.55,6.7,7.37,1
"[0.85,1.00]",603616,7/24/25,0.93955284,1,6.61,5.95,6.55,6.7,7.37,7.7,1
"[0.85,1.00]",603616,7/28/25,0.9118862,1,6.55,6.7,7.37,7.7,7.16,6.7,1
"[0.85,1.00]",603616,7/29/25,0.8673261,1,6.7,7.37,7.7,7.16,6.7,6.44,1
"[0.85,1.00]",603616,7/30/25,0.85934377,1,7.37,7.7,7.16,6.7,6.44,6.06,1
"[0.85,1.00]",603616,7/31/25,0.9053575,1,7.7,7.16,6.7,6.44,6.06,6.03,0
"[0.85,1.00]",603616,8/1/25,0.87560475,1,7.16,6.7,6.44,6.06,6.03,,0
"[0.85,1.00]",603716,6/23/25,0.86225134,1,13.37,13.43,13.57,13.58,13.91,14.4,1
"[0.85,1.00]",603716,7/1/25,0.8716386,1,15.84,17.42,19.16,21.08,22.53,21.19,1
"[0.85,1.00]",603716,7/2/25,0.89785653,1,17.42,19.16,21.08,22.53,21.19,23.28,1
"[0.85,1.00]",603716,7/3/25,0.918681,1,19.16,21.08,22.53,21.19,23.28,25.61,1
"[0.85,1.00]",603716,7/4/25,0.9458329,1,21.08,22.53,21.19,23.28,25.61,25.73,1
"[0.85,1.00]",603716,7/10/25,0.85763496,1,25.61,25.73,24.89,22.4,21.67,23.84,1
"[0.85,1.00]",603716,7/16/25,0.87944216,1,21.67,23.84,23.7,25.46,25.88,28.47,1
"[0.85,1.00]",603716,7/18/25,0.86563647,1,23.7,25.46,25.88,28.47,30.4,31.22,1
"[0.85,1.00]",603716,7/21/25,0.88383865,1,25.46,25.88,28.47,30.4,31.22,33.15,1
"[0.85,1.00]",603716,7/24/25,0.91587126,1,30.4,31.22,33.15,31.62,30.89,30.02,1
"[0.85,1.00]",603716,7/28/25,0.85379434,1,33.15,31.62,30.89,30.02,31.88,29.65,0
"[0.85,1.00]",603758,7/8/25,0.919964,1,16.48,16.48,16.48,14.83,14.09,13.8,0
"[0.85,1.00]",603758,7/9/25,0.919964,1,16.48,16.48,14.83,14.09,13.8,14.14,0
"[0.85,1.00]",603758,7/10/25,0.919964,1,16.48,14.83,14.09,13.8,14.14,14.09,0
"[0.85,1.00]",603767,8/5/25,0.8577436,1,24.09,26.5,29.15,,,,1
"[0.85,1.00]",603767,8/6/25,0.90249056,1,26.5,29.15,,,,,1
"[0.85,1.00]",603767,8/7/25,0.90967834,1,29.15,,,,,,0
"[0.85,1.00]",603776,6/25/25,0.8625834,1,22.01,19.87,19.6,20.15,20.46,19.53,0
"[0.85,1.00]",603778,7/9/25,0.88740367,1,4.13,4.54,4.99,5.49,4.94,4.45,1
"[0.85,1.00]",603778,7/10/25,0.9046496,1,4.54,4.99,5.49,4.94,4.45,4.28,1
"[0.85,1.00]",603778,7/11/25,0.9409547,1,4.99,5.49,4.94,4.45,4.28,4.07,1
"[0.85,1.00]",603778,7/14/25,0.92589587,1,5.49,4.94,4.45,4.28,4.07,4.13,0
"[0.85,1.00]",603787,6/11/25,0.8553868,1,14.05,15.46,14.01,12.83,12.41,12.33,1
"[0.85,1.00]",603787,6/12/25,0.85046834,1,15.46,14.01,12.83,12.41,12.33,11.78,0
"[0.85,1.00]",603801,7/9/25,0.8509566,1,10.99,10.68,10.39,10.26,10.19,10.24,0
"[0.85,1.00]",603811,7/3/25,0.8686199,1,11.5,10.46,10.11,10.18,10.07,10.03,0
"[0.85,1.00]",603811,7/15/25,0.8796877,1,12.13,12.69,12.26,11.85,11.91,11.82,1
"[0.85,1.00]",603811,8/4/25,0.8577914,1,13.45,14.8,15.6,15.1,,,1
"[0.85,1.00]",603811,8/5/25,0.91056347,1,14.8,15.6,15.1,,,,1
"[0.85,1.00]",603818,6/12/25,0.9185708,1,4.65,4.6,4.64,4.95,4.46,4.04,1
"[0.85,1.00]",603818,6/30/25,0.88413745,1,5.14,5.28,5.23,5.31,5.04,5.03,1
"[0.85,1.00]",603839,7/29/25,0.858542,1,7.8,8.58,9.44,9.28,8.35,7.67,1
"[0.85,1.00]",603839,7/30/25,0.87752324,1,8.58,9.44,9.28,8.35,7.67,7.67,1
"[0.85,1.00]",603839,7/31/25,0.9534414,1,9.44,9.28,8.35,7.67,7.67,7.53,0
"[0.85,1.00]",603856,7/11/25,0.88330156,1,14.12,13.65,12.79,12.46,12.8,12.28,0
"[0.85,1.00]",603863,6/30/25,0.8553552,1,14.65,14.65,14.65,14.65,13.7,15.07,1
"[0.85,1.00]",603879,6/13/25,0.8728103,1,6.37,6.39,6.01,5.97,6.13,5.92,1
"[0.85,1.00]",603879,7/22/25,0.85904115,1,7.7,7.01,6.98,6.9,6.95,7.04,0
"[0.85,1.00]",603906,6/25/25,0.8633002,1,16.24,15.73,15.59,15.99,15.65,15.37,0
"[0.85,1.00]",603916,7/21/25,0.8800382,1,10.51,11.56,12.72,13.99,12.59,11.62,1
"[0.85,1.00]",603916,7/22/25,0.92228276,1,11.56,12.72,13.99,12.59,11.62,12.06,1
"[0.85,1.00]",603916,7/23/25,0.962343,1,12.72,13.99,12.59,11.62,12.06,11.87,1
"[0.85,1.00]",603916,7/24/25,0.8712636,1,13.99,12.59,11.62,12.06,11.87,11.43,0
"[0.85,1.00]",603928,6/20/25,0.9106059,1,13.74,15.11,16.62,18.28,17.06,17.99,1
"[0.85,1.00]",603928,6/23/25,0.9376122,1,15.11,16.62,18.28,17.06,17.99,19.79,1
"[0.85,1.00]",603928,6/24/25,0.9170341,1,16.62,18.28,17.06,17.99,19.79,20.26,1
"[0.85,1.00]",603928,6/25/25,0.9204013,1,18.28,17.06,17.99,19.79,20.26,21.9,1
"[0.85,1.00]",603928,6/30/25,0.8951735,1,19.79,20.26,21.9,19.71,17.74,16.81,1
"[0.85,1.00]",603928,7/1/25,0.87615484,1,20.26,21.9,19.71,17.74,16.81,16.85,1
"[0.85,1.00]",603928,7/2/25,0.85761267,1,21.9,19.71,17.74,16.81,16.85,16.41,0
"[0.85,1.00]",603936,7/1/25,0.8533028,1,10.37,9.46,10.41,10.01,9.72,10.69,1
"[0.85,1.00]",603936,7/3/25,0.87339294,1,10.41,10.01,9.72,10.69,10.95,10.54,1
"[0.85,1.00]",603936,7/8/25,0.87280124,1,10.69,10.95,10.54,9.95,9.73,9.74,1
"[0.85,1.00]",603966,7/22/25,0.92475855,1,11.69,12.86,12.7,11.43,11.41,11.34,1
"[0.85,1.00]",603966,7/23/25,0.8792568,1,12.86,12.7,11.43,11.41,11.34,10.92,0
"[0.85,1.00]",603969,7/22/25,0.8535714,1,9.13,8.35,8.57,8.42,8.27,8.27,0
"[0.85,1.00]",603982,6/12/25,0.90028685,1,10.37,9.85,10,10.49,9.86,10.85,1
"[0.85,1.00]",605008,7/16/25,0.90229446,1,15.2,15.2,15.2,15.46,15.13,14.88,1
"[0.85,1.00]",605008,7/17/25,0.90229446,1,15.2,15.2,15.46,15.13,14.88,14.77,1
"[0.85,1.00]",605008,7/18/25,0.90229446,1,15.2,15.46,15.13,14.88,14.77,14.61,1
"[0.85,1.00]",605033,7/18/25,0.8653004,1,23.36,25.7,28.27,25.71,23.32,22.3,1
"[0.85,1.00]",605033,7/21/25,0.8871982,1,25.7,28.27,25.71,23.32,22.3,22.3,1
"[0.85,1.00]",605033,7/22/25,0.8674348,1,28.27,25.71,23.32,22.3,22.3,22.03,0
"[0.85,1.00]",605058,6/30/25,0.8567512,1,30.56,29.93,27.61,28.6,28.34,27.88,0
"[0.85,1.00]",605122,7/7/25,0.8596816,1,12.96,14.26,15.69,17.26,18.99,17.09,1
"[0.85,1.00]",605122,7/8/25,0.9510849,1,14.26,15.69,17.26,18.99,17.09,15.48,1
"[0.85,1.00]",605122,7/9/25,0.94950426,1,15.69,17.26,18.99,17.09,15.48,14.45,1
"[0.85,1.00]",605122,7/10/25,0.9331937,1,17.26,18.99,17.09,15.48,14.45,14.31,1
"[0.85,1.00]",605151,7/1/25,0.8879141,1,21.34,23.47,21.12,18.94,18.55,19.03,1
"[0.85,1.00]",605151,7/2/25,0.95560265,1,23.47,21.12,18.94,18.55,19.03,18.9,0
"[0.85,1.00]",605162,7/7/25,0.87199837,1,9.39,10.33,11.36,10.22,9.8,10.28,1
"[0.85,1.00]",605162,7/8/25,0.8904693,1,10.33,11.36,10.22,9.8,10.28,11.1,1
"[0.85,1.00]",605162,7/9/25,0.92072916,1,11.36,10.22,9.8,10.28,11.1,10.92,0
"[0.85,1.00]",605169,8/6/25,0.9313331,1,13.96,15.36,,,,,1
"[0.85,1.00]",605169,8/7/25,0.8906777,1,15.36,,,,,,0
"[0.85,1.00]",605178,7/23/25,0.85149944,1,27.64,27.64,27.64,27.64,27.64,24.88,0
"[0.85,1.00]",605178,7/25/25,0.85132766,1,27.64,27.64,27.64,24.88,22.67,23.15,0
"[0.85,1.00]",605178,7/29/25,0.8750282,1,27.64,24.88,22.67,23.15,23.49,22.65,0
"[0.85,1.00]",605268,7/30/25,0.9149946,1,11.75,11.55,10.4,9.8,9.92,9.88,0
"[0.85,1.00]",605277,7/10/25,0.8845904,1,25.14,24.51,24.9,24.53,24.34,25.45,1
"[0.85,1.00]",605366,7/11/25,0.8879553,1,7.72,8.24,7.42,6.69,6.7,6.58,1
"[0.85,1.00]",605399,7/11/25,0.9166675,1,15.24,16.76,15.59,14.03,14.24,13.99,1
"[0.85,1.00]",605399,7/14/25,0.90199494,1,16.76,15.59,14.03,14.24,13.99,14.54,0
"[0.85,1.00]",605500,7/4/25,0.9150317,1,9.06,9.97,10.97,12.07,13.28,12,1
"[0.85,1.00]",605500,7/7/25,0.91817325,1,9.97,10.97,12.07,13.28,12,13.2,1
"[0.85,1.00]",605500,7/8/25,0.8795403,1,10.97,12.07,13.28,12,13.2,12.22,1
"[0.85,1.00]",605500,7/14/25,0.8999794,1,13.2,12.22,13.44,14.44,13.52,12.17,1
"[0.85,1.00]",688011,7/28/25,0.89734185,1,37.19,40.54,41.01,40.38,43.21,49.06,1
"[0.85,1.00]",688011,8/4/25,0.85873896,1,49.06,46.5,47.98,47.73,,,0
"[0.85,1.00]",688062,7/17/25,0.852882,1,37.33,36.3,35.9,33.41,33.42,33.24,0
"[0.85,1.00]",688077,6/12/25,0.85950774,1,35.9,35.25,36.54,33.75,30.98,29.85,1
"[0.85,1.00]",688118,8/4/25,0.8579662,1,33,30.42,32.09,33.7,,,1
"[0.85,1.00]",688176,7/14/25,0.85426986,1,11.65,11.23,11.08,11.9,11.65,11.64,1
"[0.85,1.00]",688184,7/17/25,0.88764447,1,10.18,10.23,10.25,10.13,10.12,10.21,1
"[0.85,1.00]",688184,7/18/25,0.94906145,1,10.23,10.25,10.13,10.12,10.21,10.18,1
"[0.85,1.00]",688189,7/30/25,0.85016596,1,14.28,17.14,17.57,17.25,15.91,15.5,1
"[0.85,1.00]",688189,7/31/25,0.8858353,1,17.14,17.57,17.25,15.91,15.5,14.69,1
"[0.85,1.00]",688189,8/5/25,0.85811985,1,15.91,15.5,14.69,,,,0
"[0.85,1.00]",688203,6/12/25,0.87344956,1,11.44,12.95,15.54,14.5,13.2,14.62,1
"[0.85,1.00]",688221,7/4/25,0.87869906,1,12.84,13.87,14.8,14.46,16.12,18.16,1
"[0.85,1.00]",688221,7/7/25,0.8520028,1,13.87,14.8,14.46,16.12,18.16,18.7,1
"[0.85,1.00]",688221,7/10/25,0.8669021,1,16.12,18.16,18.7,17.63,19.34,20.5,1
"[0.85,1.00]",688221,7/11/25,0.9148518,1,18.16,18.7,17.63,19.34,20.5,21.39,1
"[0.85,1.00]",688221,7/14/25,0.85934556,1,18.7,17.63,19.34,20.5,21.39,22.2,1
"[0.85,1.00]",688221,7/15/25,0.94155383,1,17.63,19.34,20.5,21.39,22.2,23.85,1
"[0.85,1.00]",688221,7/16/25,0.90697056,1,19.34,20.5,21.39,22.2,23.85,22.72,1
"[0.85,1.00]",688221,7/17/25,0.8622135,1,20.5,21.39,22.2,23.85,22.72,20.57,1
"[0.85,1.00]",688221,7/18/25,0.8880711,1,21.39,22.2,23.85,22.72,20.57,19.53,1
"[0.85,1.00]",688221,7/22/25,0.8529787,1,23.85,22.72,20.57,19.53,20.43,22.42,0
"[0.85,1.00]",688221,7/29/25,0.88368,1,22.42,22.22,21.47,21.53,21.71,20.07,0
"[0.85,1.00]",688291,7/7/25,0.85483074,1,37.53,40.75,38.47,34.85,34.76,35.28,1
"[0.85,1.00]",688291,7/8/25,0.8676026,1,40.75,38.47,34.85,34.76,35.28,34.38,0
"[0.85,1.00]",688313,7/7/25,0.85004675,1,38.05,38.05,38.05,38.05,43.7,42.87,1
"[0.85,1.00]",688313,7/8/25,0.94852906,1,38.05,38.05,38.05,43.7,42.87,48.68,1
"[0.85,1.00]",688313,7/9/25,0.94852906,1,38.05,38.05,43.7,42.87,48.68,47.01,1
"[0.85,1.00]",688313,7/10/25,0.94852906,1,38.05,43.7,42.87,48.68,47.01,52.23,1
"[0.85,1.00]",688425,7/22/25,0.903115,1,5.93,7.12,7.72,6.57,6.44,6.75,1
"[0.85,1.00]",688479,6/25/25,0.8603195,1,18.61,18.69,18.79,18.9,18.93,18.97,1
"[0.85,1.00]",688496,6/18/25,0.85892487,1,9.58,9.15,9.07,9.05,9.11,9.3,0
"[0.85,1.00]",688520,6/27/25,0.86861,1,58.9,59.85,62.86,61.12,73.34,85.41,1
"[0.85,1.00]",688520,6/30/25,0.8635946,1,59.85,62.86,61.12,73.34,85.41,82.21,1
"[0.85,1.00]",688585,7/3/25,0.9372244,1,7.78,7.78,7.78,7.78,9.34,11.21,1
"[0.85,1.00]",688585,7/4/25,0.9237265,1,7.78,7.78,7.78,9.34,11.21,13.45,1
"[0.85,1.00]",688585,7/7/25,0.91613466,1,7.78,7.78,9.34,11.21,13.45,16.14,1
"[0.85,1.00]",688585,7/8/25,0.9081013,1,7.78,9.34,11.21,13.45,16.14,19.37,1
"[0.85,1.00]",688585,7/9/25,0.9795505,1,9.34,11.21,13.45,16.14,19.37,23.24,1
"[0.85,1.00]",688585,7/10/25,0.98849815,1,11.21,13.45,16.14,19.37,23.24,27.89,1
"[0.85,1.00]",688585,7/11/25,0.9924833,1,13.45,16.14,19.37,23.24,27.89,33.47,1
"[0.85,1.00]",688585,7/14/25,0.9965274,1,16.14,19.37,23.24,27.89,33.47,40.16,1
"[0.85,1.00]",688585,7/15/25,0.9979036,1,19.37,23.24,27.89,33.47,40.16,48.19,1
"[0.85,1.00]",688585,7/16/25,0.99817526,1,23.24,27.89,33.47,40.16,48.19,57.7,1
"[0.85,1.00]",688585,7/17/25,0.9948695,1,27.89,33.47,40.16,48.19,57.7,56.4,1
"[0.85,1.00]",688585,7/18/25,0.9932417,1,33.47,40.16,48.19,57.7,56.4,66.06,1
"[0.85,1.00]",688585,7/21/25,0.98861814,1,40.16,48.19,57.7,56.4,66.06,79.27,1
"[0.85,1.00]",688585,7/22/25,0.97691447,1,48.19,57.7,56.4,66.06,79.27,84.18,1
"[0.85,1.00]",688585,7/23/25,0.9862389,1,57.7,56.4,66.06,79.27,84.18,92.07,1
"[0.85,1.00]",688585,7/24/25,0.9705677,1,56.4,66.06,79.27,84.18,92.07,92.07,1
"[0.85,1.00]",688585,7/25/25,0.9753493,1,66.06,79.27,84.18,92.07,92.07,92.07,1
"[0.85,1.00]",688585,7/29/25,0.9162536,1,84.18,92.07,92.07,92.07,92.07,110.48,1