code,bucket_id
1,B1
2,B1
4,B2
5,B1
6,B1
7,B2
8,B2
9,B1
10,B3
11,B1
12,B1
14,B2
16,B2
17,B2
18,B1
19,B2
20,B2
21,B2
23,
25,B1
26,B3
27,B1
28,B1
29,B3
30,B1
31,B2
32,B3
34,B3
35,B2
36,B3
37,B2
38,B3
39,B1
40,B1
42,B1
45,B1
46,B1
48,B1
49,B1
50,B1
55,B1
56,B1
58,B1
59,B1
60,B2
61,B3
62,B3
63,B3
65,B2
66,B3
68,B2
69,B1
70,B2
78,B2
88,B1
89,B1
90,B1
96,B1
99,B2
100,B2
150,B1
151,B2
153,B1
155,B1
156,B1
157,B1
158,B1
159,B2
166,B1
301,B1
333,B1
338,B1
400,B1
401,B1
402,B1
403,B1
404,B1
407,B3
408,B2
409,B2
410,B3
411,B3
413,B1
415,B2
416,B1
417,B2
419,B2
420,B1
421,B2
422,B2
423,B2
425,B3
426,B3
428,B1
429,B1
430,B1
488,B1
498,B3
501,B3
502,B3
503,B2
504,B1
505,B2
506,B3
507,B1
509,B2
510,B3
513,B3
514,B1
516,B1
517,B1
518,B1
519,B3
520,B1
521,B1
523,B2
524,B3
525,B2
526,B1
528,B1
529,B2
530,B2
531,B1
532,B3
533,B2
534,B1
536,B3
537,B1
538,B2
539,B1
540,B1
541,B1
543,B1
544,B2
545,B3
546,B2
547,B2
548,B2
550,B3
551,B1
552,B1
553,B2
554,B2
555,B2
557,B2
558,B3
559,B1
560,B1
561,B2
563,B1
564,B3
565,B2
566,B1
567,B2
568,B1
570,B2
571,B3
572,B3
573,B1
576,B3
581,B2
582,B2
584,B3
585,B2
586,B1
587,
589,B1
590,B3
591,B2
592,B3
593,B2
595,B1
596,B1
597,B1
598,B1
599,B3
600,B3
601,B1
603,B3
605,B2
606,B3
607,B2
608,B1
609,B3
610,B3
611,B3
612,B3
613,B3
615,B1
616,B1
617,B3
619,B2
620,B1
622,B3
623,B1
625,B1
626,B2
627,B1
628,B1
629,B2
630,B3
631,B2
632,B2
633,B3
635,B2
636,B1
637,B3
638,B2
639,B2
650,B2
651,B1
652,B2
655,B2
656,B2
657,B3
659,B1
661,B3
662,B3
663,B2
665,B3
666,B1
667,B1
668,B2
669,B2
670,B3
671,B1
672,B1
673,B3
676,B3
677,B1
678,B3
679,B2
680,B1
681,B3
682,B2
683,B1
685,B1
686,B1
687,B3
688,B3
690,B1
691,B3
692,B1
695,B3
697,B3
698,B2
700,B2
701,B3
702,B3
703,B1
705,B1
707,B1
708,B1
709,B1
710,B3
711,B2
712,B2
713,B1
715,B2
716,B3
717,B2
718,B1
719,B2
720,B1
721,B3
722,B3
723,B2
725,B1
726,B2
727,B3
728,B1
729,B1
731,B1
732,B1
733,B2
735,B1
736,B1
737,B3
738,B2
739,B1
750,B3
751,B3
752,B2
753,B3
755,B1
756,B2
757,B2
758,B3
759,B3
760,B3
761,B1
762,B2
766,B2
767,B2
768,B3
776,B1
777,B1
778,B1
779,B2
780,B1
782,B1
783,B1
785,B1
786,B1
788,B1
789,B1
790,B1
791,B2
792,B1
793,B1
795,B1
796,B2
797,B1
798,B2
799,B3
800,B1
801,B3
802,B2
803,B1
806,B2
807,B1
809,B2
810,B3
811,B3
812,B2
813,B3
815,B2
816,B2
818,B3
819,B2
820,B1
821,B3
822,B1
823,B2
825,B1
826,B3
828,B3
829,B2
830,B3
831,B3
833,B3
835,B3
836,B1
837,B3
838,B2
839,B3
848,B2
850,B1
851,B1
852,B1
856,B3
858,B1
859,B3
860,B1
861,B1
862,B2
863,B1
868,B2
869,B1
875,B3
876,B1
877,B1
878,B2
880,B2
881,B3
882,B1
883,B1
885,B1
886,B1
887,B2
888,B2
889,B2
890,B3
892,B3
893,B2
895,B1
897,B1
898,B1
899,B1
900,B1
901,B3
902,B1
903,B1
905,B2
906,B1
908,B3
909,B1
910,B2
911,B3
912,B1
913,B1
915,B1
917,B2
918,B1
919,B1
920,B1
921,B1
922,B2
923,B2
925,B2
926,B1
927,B1
928,B1
929,B3
930,B1
931,B1
932,B2
933,B1
935,B1
936,B3
937,B1
938,B3
939,B3
948,B2
949,B1
950,B1
951,B1
952,B1
953,B3
955,B1
957,B1
958,B1
959,B1
960,B3
961,B1
962,B3
963,B3
965,B1
966,B1
967,B1
968,B1
969,B2
970,B1
971,B1
972,B3
973,B2
975,B3
976,B1
977,B3
978,B2
980,B3
981,B3
982,B1
983,B1
985,B1
987,B2
988,B3
989,B1
990,B1
993,B2
995,B2
996,B3
997,B3
998,B1
999,B1
1201,B1
1202,B3
1203,B2
1205,B1
1206,B3
1207,B1
1208,B1
1209,B2
1210,B2
1211,B3
1212,B2
1213,B1
1215,B3
1216,B2
1217,B2
1218,B3
1219,B2
1222,B3
1223,B2
1225,B2
1226,B1
1227,B1
1228,B1
1229,B2
1230,B1
1231,B2
1234,B3
1236,B3
1238,B3
1239,B2
1255,B2
1256,B2
1258,B1
1259,B2
1260,B3
1266,B3
1267,B3
1268,B2
1269,B2
1270,B3
1277,B1
1278,B2
1279,B1
1282,B2
1283,B2
1286,B1
1287,B2
1288,B3
1289,B1
1296,B3
1298,B3
1299,B1
1300,B2
1301,B2
1306,B3
1308,B1
1309,B3
1311,B1
1313,B1
1314,B1
1316,B2
1317,B3
1318,B3
1319,B2
1322,B1
1323,B1
1324,B1
1326,B1
1328,B3
1330,B3
1331,B2
1332,B1
1333,B2
1335,B1
1336,B1
1337,B3
1338,B1
1339,B1
1356,B1
1358,B3
1359,B1
1360,B2
1366,B2
1367,B2
1368,B2
1373,B2
1376,B1
1378,B1
1379,B2
1380,B3
1382,B1
1387,B1
1389,B3
1391,B1
1395,B1
1400,B3
1696,B2
1872,B1
1896,B3
1914,B1
1965,B1
1979,B2
2001,B1
2002,B1
2003,B1
2004,B1
2005,B1
2006,B2
2007,B1
2008,B2
2009,B3
2010,B1
2011,B1
2012,B2
2013,B1
2014,B1
2015,B3
2016,B2
2017,B3
2019,B3
2020,B3
2021,B3
2022,B2
2023,B3
2024,B1
2025,B2
2026,B3
2027,B3
2028,B3
2029,B1
2030,B1
2031,B3
2032,B1
2033,B1
2034,B1
2035,B1
2036,B1
2037,B3
2038,B2
2039,B1
2040,B3
2041,B1
2042,B2
2043,B1
2044,B2
2045,B2
2046,B1
2047,B3
2048,B3
2049,B3
2050,B3
2051,B1
2052,B1
2053,B1
2054,B2
2055,B2
2056,B1
2057,B1
2058,B3
2059,B1
2060,B1
2061,B1
2062,B3
2063,B2
2064,B2
2065,B1
2066,B1
2067,B3
2068,B2
2069,B2
2071,B3
2072,B2
2073,B1
2074,B3
2075,B1
2076,B1
2077,B3
2078,B1
2079,B1
2080,B3
2081,B1
2082,B2
2083,B1
2084,B3
2085,B2
2086,B1
2087,B3
2088,B2
2089,B3
2090,B3
2091,B2
2092,B2
2093,B3
2094,B3
2095,B2
2096,B2
2097,B1
2098,B3
2099,B2
2100,B1
2101,B2
2102,B2
2103,B2
2104,B3
2105,B2
2106,B2
2107,B1
2108,B1
2109,B3
2110,B1
2111,B1
2112,B3
2113,B1
2114,B3
2115,B3
2116,B1
2117,B3
2118,B1
2119,B2
2120,B2
2121,B3
2122,B3
2123,B2
2124,B1
2125,B3
2126,B3
2127,B2
2128,B1
2129,B2
2130,B3
2131,B3
2132,B2
2133,B3
2134,B3
2135,B1
2136,B2
2137,B2
2138,B3
2139,B1
2140,B1
2141,B3
2142,B2
2144,B3
2145,B3
2146,B2
2147,B3
2148,B3
2149,B1
2150,B3
2151,B3
2152,B3
2153,B2
2154,B1
2155,B3
2156,B3
2157,B1
2158,B3
2159,B1
2160,B2
2161,B3
2162,B1
2163,B2
2164,B3
2165,B3
2166,B1
2167,B3
2168,B3
2169,B2
2170,B3
2171,B2
2172,B2
2173,B3
2174,B3
2175,B3
2176,B1
2177,B3
2178,B3
2179,B3
2180,B2
2181,B3
2182,B2
2183,B1
2184,B2
2185,B2
2186,B3
2187,B3
2188,B3
2189,B3
2190,B3
2191,B2
2192,B1
2193,B2
2194,B3
2195,B3
2196,B2
2197,B2
2198,B1
2199,B1
2200,B1
2201,B2
2202,B3
2203,B1
2204,B1
2205,B3
2206,B2
2207,B3
2208,B2
2209,B2
2210,B3
2211,B3
2212,B3
2213,B3
2214,B2
2215,B3
2216,B2
2217,B3
2218,B1
2219,B1
2220,B3
2221,B1
2222,B3
2223,B1
2224,B1
2225,B2
2226,B1
2227,B2
2228,B1
2229,B2
2230,B2
2231,B3
2232,B3
2233,B2
2234,B2
2235,B3
2236,B2
2237,B3
2238,B2
2239,B1
2240,B3
2241,B2
2242,B2
2243,B1
2244,B1
2245,B3
2246,B2
2247,B2
2248,B3
2249,B2
2250,B3
2251,B3
2252,B1
2253,B1
2254,B1
2255,B1
2256,B3
2258,B2
2259,B2
2260,B3
2261,B2
2262,B2
2263,B3
2264,B3
2265,B3
2266,B3
2267,B1
2268,B1
2269,B3
2270,B1
2271,B1
2272,B1
2273,B2
2274,B1
2275,B1
2276,B1
2277,B3
2278,B2
2279,B3
2280,B1
2281,B3
2282,B1
2283,B3
2284,B1
2285,B2
2286,B2
2287,B1
2288,B1
2289,B1
2290,B3
2291,B2
2292,B2
2293,B1
2294,B3
2295,B1
2296,B2
2297,B2
2298,B2
2299,B2
2300,B2
2301,B2
2302,B1
2303,B1
2304,B1
2305,B1
2306,B1
2307,B1
2308,B1
2309,B1
2310,B2
2311,B1
2312,B1
2313,B3
2314,B3
2315,B3
2316,B3
2317,B3
2318,B1
2319,B3
2320,B1
2321,B1
2322,B1
2323,B3
2324,B1
2325,B1
2326,B3
2327,B1
2328,B1
2329,B3
2330,B2
2331,B2
2332,B2
2333,B2
2334,B1
2335,B3
2336,B2
2337,B2
2338,B3
2339,B1
2340,B1
2341,B1
2342,B3
2343,B2
2344,B2
2345,B3
2346,B1
2347,B3
2348,B1
2349,B2
2350,B2
2351,B2
2352,B2
2353,B2
2354,B3
2355,B2
2356,B3
2357,B3
2358,B1
2359,B3
2360,B1
2361,B2
2362,B2
2363,B2
2364,B3
2365,B3
2366,B3
2367,B1
2368,B1
2369,B3
2370,B2
2371,B3
2372,B1
2373,B3
2374,B3
2375,B1
2376,B3
2377,B2
2378,B3
2379,B2
2380,B1
2381,B1
2382,B1
2383,B2
2384,B3
2385,B1
2386,B1
2387,B1
2388,B2
2389,B3
2390,B2
2391,B1
2392,B3
2393,B3
2394,B3
2395,B2
2396,B3
2397,B2
2398,B1
2399,B2
2400,B2
2401,B2
2402,B3
2403,B3
2404,B2
2405,B1
2406,B1
2407,B3
2408,B1
2409,B3
2410,B1
2411,B3
2412,B1
2413,B3
2414,B2
2415,B1
2416,B2
2417,B3
2418,B3
2419,B2
2420,B1
2421,B2
2422,B3
2423,B1
2424,B2
2425,B3
2426,B3
2427,B1
2428,B3
2429,B3
2430,B3
2431,B3
2432,B1
2433,B3
2434,B1
2435,B1
2436,B3
2437,B2
2438,B1
2439,B1
2440,B2
2441,B3
2442,B2
2443,B3
2444,B3
2445,B1
2446,B3
2447,B3
2448,B2
2449,B2
2450,B3
2451,B2
2452,B1
2453,B1
2454,B1
2455,B2
2456,B2
2457,B1
2458,B2
2459,B3
2460,B2
2461,B1
2462,B1
2463,B3
2464,B3
2465,B2
2466,B2
2467,B2
2468,B3
2469,B2
2470,B2
2471,B2
2472,B3
2473,B3
2474,B2
2475,B2
2476,B3
2478,B1
2479,B2
2480,B1
2481,B3
2482,B2
2483,B1
2484,B3
2485,B2
2486,B2
2487,B3
2488,B2
2489,B1
2490,B3
2491,B3
2492,B3
2493,B1
2494,B2
2495,B2
2496,B2
2497,B2
2498,B1
2499,B3
2500,B2
2501,B1
2502,B1
2503,B1
2504,B1
2505,B1
2506,B2
2507,B1
2508,B1
2509,B3
2510,B2
2511,B1
2512,B2
2513,B2
2514,B3
2515,B3
2516,B1
2517,B3
2518,B3
2519,B2
2520,B3
2521,B3
2522,B1
2523,B1
2524,B2
2526,B3
2527,B2
2528,B1
2529,B2
2530,B3
2531,B2
2532,B3
2533,B1
2534,B1
2535,B2
2536,B1
2537,B3
2538,B3
2539,B1
2540,B2
2541,B1
2542,B2
2543,B1
2544,B3
2545,B3
2546,B1
2547,B3
2548,B3
2549,B3
2550,B2
2551,B2
2552,B3
2553,B3
2554,B3
2555,B1
2556,B1
2557,B2
2558,B3
2559,B2
2560,B2
2561,B3
2562,B3
2563,B1
2564,B2
2565,B3
2566,B2
2567,B1
2568,B1
2569,B1
2570,B3
2571,B1
2572,B1
2573,B2
2574,B3
2575,B2
2576,B2
2577,B2
2578,B2
2579,B2
2580,B2
2581,B3
2582,B3
2583,B2
2584,B1
2585,B2
2586,B2
2587,B2
2588,B1
2589,B1
2590,B1
2591,B2
2592,B1
2593,B2
2594,B2
2595,B1
2596,B2
2597,B1
2598,B1
2599,B1
2600,B3
2601,B2
2602,B3
2603,B2
2604,B3
2605,B1
2606,B1
2607,B1
2608,B1
2609,B2
2610,B1
2611,B1
2612,B2
2613,B2
2614,B2
2615,B1
2616,B2
2617,B3
2618,B3
2619,B1
2620,B3
2621,B1
2622,B2
2623,B1
2624,B2
2625,B2
2626,B2
2627,B3
2628,B2
2629,B3
2630,B2
2631,B1
2632,B1
2633,B2
2634,B2
2635,B1
2636,B2
2637,B3
2638,B3
2639,B2
2640,B2
2641,B1
2642,B3
2643,B1
2644,B1
2645,B2
2646,B2
2647,B1
2648,B1
2649,B3
2650,B3
2651,B3
2652,B2
2653,B1
2654,B3
2655,B2
2656,B1
2657,B3
2658,B2
2659,B2
2660,B3
2661,B2
2662,B1
2663,B3
2664,B3
2665,B1
2666,B3
2667,B3
2668,B1
2669,B3
2670,B3
2671,B2
2672,B1
2673,B2
2674,B1
2675,B1
2676,B1
2677,B1
2678,B2
2679,B3
2681,B3
2682,B2
2683,B1
2684,B3
2685,B3
2686,B2
2687,B2
2688,B3
2689,B2
2690,B2
2691,B3
2692,B1
2693,B2
2694,B1
2695,B1
2696,B2
2697,B3
2698,B1
2699,B1
2700,B1
2701,B1
2702,B3
2703,B1
2705,B1
2706,B3
2707,B1
2708,B1
2709,B3
2711,B3
2712,B2
2713,B2
2714,B1
2715,B3
2716,B3
2717,B1
2718,B2
2719,B3
2721,B2
2722,B3
2723,B2
2724,B2
2725,B3
2726,B2
2727,B2
2728,B2
2729,B2
2730,B2
2731,B3
2732,B2
2733,B3
2734,B2
2735,B2
2736,B1
2737,B1
2738,B2
2739,B1
2740,B1
2741,B2
2742,B2
2743,B2
2745,B1
2746,B1
2747,B3
2748,B2
2749,B1
2750,B3
2751,B3
2752,B2
2753,B2
2755,B1
2756,B1
2757,B2
2758,B3
2759,B3
2760,B2
2761,B1
2762,B2
2763,B2
2765,B2
2766,B1
2767,B1
2768,B2
2769,B3
2770,B3
2771,B3
2772,B2
2773,B3
2774,B2
2775,B1
2776,B1
2777,B2
2778,B3
2779,B1
2780,B3
2781,B2
2782,B3
2783,B1
2785,B1
2786,B2
2787,B1
2788,B1
2789,B3
2790,B2
2791,B1
2792,B3
2793,B2
2795,B2
2796,B3
2797,B2
2798,B1
2799,B2
2800,B3
2801,B2
2802,B2
2803,B1
2805,B2
2806,B2
2807,B1
2808,B3
2809,B1
2810,B1
2811,B3
2812,B1
2813,B2
2815,B2
2816,B3
2817,B2
2818,B1
2819,B2
2820,B3
2821,B3
2822,B2
2823,B2
2824,B3
2825,B1
2826,B2
2827,B1
2828,B3
2829,B3
2830,B2
2831,B1
2832,B1
2833,B1
2835,B2
2836,B2
2837,B3
2838,B3
2839,B1
2840,B3
2841,B2
2842,B3
2843,B1
2845,B1
2846,B3
2847,B1
2848,B2
2849,B1
2850,B2
2851,B3
2852,B2
2853,B2
2855,B1
2856,B2
2857,B3
2858,B2
2859,B2
2860,B1
2861,B2
2862,B2
2863,B1
2864,B2
2865,B2
2866,B2
2867,B2
2868,B3
2869,B3
2870,B1
2871,B3
2872,B1
2873,B3
2875,B2
2876,B1
2877,B2
2878,B3
2879,B2
2880,B1
2881,B3
2882,B3
2883,B2
2884,B1
2885,B2
2886,B1
2887,B2
2888,B3
2889,B1
2890,B2
2891,B3
2892,B2
2893,B2
2895,B1
2896,B3
2897,B2
2898,B2
2899,B2
2900,B2
2901,B2
2902,B3
2903,B2
2905,B3
2906,B1
2907,B2
2908,B2
2909,B3
2910,B3
2911,B1
2912,B2
2913,B3
2915,B3
2916,B3
2917,B1
2918,B2
2919,B1
2920,B2
2921,B2
2922,B3
2923,B3
2925,B1
2926,B2
2927,B1
2928,B2
2929,B3
2930,B2
2931,B1
2932,B2
2933,B3
2935,B1
2936,B2
2937,B3
2938,B3
2939,B2
2940,B3
2941,B2
2942,B3
2943,B2
2945,B3
2946,B3
2947,B2
2948,B1
2949,B3
2950,B3
2951,B3
2952,B2
2953,B3
2955,B1
2956,B3
2957,B2
2958,B1
2959,B3
2960,B2
2961,B1
2962,B1
2963,B3
2965,B1
2966,B2
2967,B1
2968,B2
2969,B1
2970,B1
2971,B3
2972,B1
2973,B3
2975,B3
2976,B1
2977,B2
2978,B1
2979,B3
2980,B2
2981,B3
2982,B2
2983,B1
2984,B1
2985,B2
2986,B2
2987,B3
2988,B1
2989,B2
2990,B1
2991,B2
2992,B3
2993,B3
2995,B2
2996,B2
2997,B2
2998,B2
2999,B2
3000,B1
3001,B3
3002,B1
3003,B2
3004,B2
3005,B2
3006,B3
3007,B2
3008,B2
3009,B3
3010,B1
3011,B2
3012,B3
3013,B2
3015,B2
3016,B2
3017,B3
3018,B2
3019,B3
3020,B3
3021,B3
3022,B2
3023,B2
3025,B2
3026,B1
3027,B2
3028,B1
3029,B3
3030,B2
3031,B2
3032,B1
3033,B1
3035,B2
3036,B3
3037,B2
3038,B1
3039,B2
3040,B3
3041,B3
3042,B2
3043,B3
3816,B1
300001,B2
300002,B3
300003,B3
300004,B1
300005,B2
300006,B2
300007,B3
300008,B3
300009,B3
300010,B2
300011,B2
300012,B1
300013,B1
300014,B3
300015,B1
300016,B3
300017,B2
300018,B1
300019,B2
300020,B1
300021,B1
300022,B2
300023,B3
300024,B3
300025,B3
300026,B2
300027,B2
300028,
300029,B2
300030,B3
300031,B1
300032,B2
300033,B1
300034,B2
300035,B3
300036,B1
300037,B3
300038,B3
300039,B1
300040,B2
300041,B3
300042,B2
300043,B3
300044,B3
300045,B3
300046,B3
300047,B2
300048,B2
300049,B3
300050,B3
300051,B2
300052,B2
300053,B2
300054,B3
300055,B2
300056,B1
300057,B3
300058,B2
300059,B2
300061,B3
300062,B2
300063,B3
300064,B3
300065,B2
300066,B1
300067,B3
300068,B2
300069,B2
300070,B1
300071,B2
300072,B2
300073,B1
300074,B2
300075,B2
300076,B3
300077,B2
300078,B1
300079,B3
300080,B2
300081,B2
300082,B2
300083,B1
300084,B1
300085,B3
300086,B2
300087,B2
300088,B2
300089,B2
300090,B3
300091,B2
300092,B3
300093,B3
300094,B2
300095,B3
300096,B3
300097,B1
300098,B2
300099,B2
300100,B3
300101,B1
300102,B3
300103,B2
300104,B3
300105,B1
300106,B3
300107,B1
300108,B1
300109,B3
300110,B2
300111,B2
300112,B2
300113,B1
300114,B2
300115,B2
300116,B1
300117,B1
300118,B2
300119,B1
300120,B2
300121,B2
300122,B2
300123,B2
300124,B2
300125,B3
300126,B3
300127,B1
300128,B1
300129,B1
300130,B3
300131,B3
300132,B3
300133,B2
300134,B1
300135,B2
300136,B2
300137,B1
300138,B3
300139,B3
300140,B2
300141,B3
300142,B2
300143,B3
300144,B2
300145,B3
300146,B1
300147,B3
300148,B2
300149,B3
300150,B3
300151,B2
300152,B2
300153,B3
300154,B2
300155,B3
300156,B3
300157,B3
300158,B3
300159,B2
300160,B1
300161,B3
300162,B2
300163,B2
300164,B3
300165,B2
300166,B1
300167,B1
300168,B2
300169,B3
300170,B2
300171,B1
300172,B2
300173,B3
300174,B1
300175,B2
300176,B1
300177,B2
300178,B3
300179,B1
300180,B3
300181,B1
300182,B2
300183,B3
300184,B3
300185,B1
300187,B3
300188,B2
300189,B3
300190,B3
300191,B2
300192,B2
300193,B2
300194,B2
300195,B3
300196,B1
300197,B3
300198,B1
300199,B3
300200,B1
300201,B1
300202,B1
300203,B3
300204,B3
300205,B2
300206,B3
300207,B3
300208,B3
300209,B2
300210,B1
300211,B3
300212,B2
300213,B3
300214,B2
300215,B2
300216,B3
300217,B1
300218,B2
300219,B1
300220,B3
300221,B3
300222,B3
300223,B3
300224,B1
300225,B3
300226,B2
300227,B3
300228,B2
300229,B2
300230,B1
300231,B2
300232,B1
300233,B3
300234,B3
300235,B1
300236,B3
300237,B3
300238,B2
300239,B2
300240,B3
300241,B1
300242,B3
300243,B2
300244,B2
300245,B2
300246,B2
300247,B1
300248,B3
300249,B3
300250,B1
300251,B2
300252,B3
300253,B1
300254,B2
300255,B2
300256,B3
300257,B1
300258,B3
300259,B2
300260,B3
300261,B1
300262,B1
300263,B1
300264,B3
300265,B3
300266,B3
300267,B2
300268,B1
300269,B3
300270,B3
300271,B2
300272,B1
300273,B3
300274,B3
300275,B1
300276,B2
300277,B3
300278,B2
300279,B2
300280,B1
300281,B2
300282,B3
300283,B3
300284,B1
300285,B3
300286,B1
300287,B3
300288,B2
300289,B3
300290,B2
300291,B3
300292,B1
300293,B2
300294,B1
300295,B2
300296,B3
300297,B3
300298,B1
300299,B2
300300,B3
300301,B2
300302,B3
300303,B3
300304,B3
300305,B1
300306,B1
300307,B2
300308,B3
300309,B3
300310,B2
300311,B1
300312,B3
300313,B3
300314,B3
300315,B1
300316,B1
300317,B3
300318,B1
300319,B2
300320,B1
300321,B3
300322,B3
300323,B2
300324,B3
300325,B3
300326,B1
300327,B2
300328,B3
300329,B3
300330,B3
300331,B3
300332,B2
300333,B3
300334,B2
300335,B2
300336,B2
300337,B1
300338,B1
300339,B3
300340,B3
300341,B1
300342,B1
300343,B2
300344,B3
300345,B3
300346,B3
300347,B3
300348,B3
300349,B1
300350,B2
300351,B1
300352,B3
300353,B3
300354,B1
300355,B2
300356,B3
300357,B3
300358,B2
300359,B2
300360,B1
300362,B3
300363,B3
300364,B2
300365,B2
300366,B2
300367,B3
300368,B3
300369,B3
300370,B3
300371,B2
300373,B3
300374,B2
300375,B2
300376,B1
300377,B2
300378,B3
300379,B3
300380,B2
300381,B2
300382,B3
300383,B3
300384,B1
300385,B3
300386,B3
300387,B2
300388,B3
300389,B3
300390,B2
300391,B1
300392,B3
300393,B1
300394,B3
300395,B3
300396,B1
300397,B3
300398,B3
300399,B3
300400,B2
300401,B1
300402,B2
300403,B3
300404,B3
300405,B3
300406,B1
300407,B2
300408,B2
300409,B3
300410,B3
300411,B1
300412,B2
300413,B2
300414,B2
300415,B3
300416,B1
300417,B2
300418,B3
300419,B1
300420,B2
300421,B3
300422,B2
300423,B2
300424,B2
300425,B1
300426,B2
300427,B2
300428,B2
300429,B2
300430,B3
300431,B2
300432,B3
300433,B3
300434,B2
300435,B1
300436,B3
300437,B2
300438,B3
300439,B1
300440,B2
300441,B3
300442,B3
300443,B2
300444,B2
300445,B1
300446,B1
300447,B2
300448,B2
300449,B2
300450,B3
300451,B2
300452,B2
300453,B1
300454,B3
300455,B2
300456,B3
300457,B1
300458,B3
300459,B2
300460,B3
300461,B2
300462,B1
300463,B1
300464,B3
300465,B3
300466,B2
300467,B3
300468,B3
300469,B3
300470,B2
300471,B2
300472,B3
300473,B3
300474,B3
300475,B3
300476,B3
300477,B3
300478,B3
300479,B2
300480,B2
300481,B1
300482,B1
300483,B2
300484,B1
300485,B3
300486,B3
300487,B2
300488,B2
300489,B2
300490,B3
300491,B3
300492,B3
300493,B2
300494,B1
300495,B1
300496,B3
300497,B3
300498,B1
300499,B3
300500,B2
300501,B3
300502,B3
300503,B3
300504,B2
300505,B2
300506,B1
300507,B1
300508,B1
300509,B3
300510,B2
300511,B2
300512,B1
300513,B3
300514,B2
300515,B2
300516,B2
300517,B3
300518,B3
300519,B2
300520,B1
300521,B2
300522,B2
300523,B2
300525,B2
300526,B3
300527,B1
300528,B3
300529,B1
300530,B3
300531,B3
300532,B1
300533,B2
300534,B2
300535,B1
300536,B3
300537,B1
300538,B1
300539,B3
300540,B3
300541,B3
300542,B3
300543,B2
300545,B3
300546,B3
300547,B2
300548,B3
300549,B2
300550,B2
300551,B3
300552,B2
300553,B2
300554,B2
300555,B2
300556,B3
300557,B1
300558,B3
300559,B3
300560,B2
300561,B3
300562,B2
300563,B2
300564,B2
300565,B2
300566,B2
300567,B3
300568,B3
300569,B1
300570,B3
300571,B2
300572,B3
300573,B3
300575,B2
300576,B3
300577,B2
300578,B2
300579,B2
300580,B3
300581,B3
300582,B3
300583,B2
300584,B3
300585,B2
300586,B3
300587,B2
300588,B3
300589,B3
300590,B2
300591,B3
300592,B2
300593,B3
300594,B2
300595,B2
300596,B2
300597,B2
300598,B2
300599,B2
300600,B3
300601,B3
300602,B2
300603,B3
300604,B3
300605,B3
300606,B3
300607,B3
300608,B2
300609,B3
300610,B1
300611,B2
300612,B2
300613,B3
300614,B2
300615,B2
300616,B2
300617,B2
300618,B3
300619,B3
300620,B3
300621,B3
300622,B2
300623,B3
300624,B2
300625,B2
300626,B1
300627,B1
300628,B1
300629,B3
300630,B3
300631,B1
300632,B2
300633,B1
300634,B2
300635,B3
300636,B3
300637,B1
300638,B2
300639,B2
300640,B2
300641,B1
300642,B3
300643,B1
300644,B3
300645,B3
300647,B2
300648,B3
300649,B3
300650,B2
300651,B3
300652,B3
300653,B1
300654,B2
300655,B3
300656,B1
300657,B3
300658,B2
300659,B2
300660,B3
300661,B1
300662,B1
300663,B2
300664,B1
300665,B3
300666,B3
300667,B2
300668,B3
300669,B2
300670,B3
300671,B3
300672,B2
300673,B3
300674,B3
300675,B2
300676,B2
300677,B2
300678,B3
300679,B2
300680,B3
300681,B1
300682,B3
300683,B2
300684,B3
300685,B3
300686,B2
300687,B2
300688,B2
300689,B3
300690,B3
300691,B2
300692,B3
300693,B3
300694,B2
300695,B3
300696,B3
300697,B3
300698,B2
300699,B2
300700,B3
300701,B3
300702,B3
300703,B3
300705,B2
300706,B3
300707,B1
300708,B3
300709,B3
300710,B3
300711,B1
300712,B3
300713,B2
300715,B2
300716,B3
300717,B2
300718,B3
300719,B3
300720,B3
300721,B2
300722,B3
300723,B3
300724,B3
300725,B2
300726,B2
300727,B3
300729,B1
300730,B3
300731,B3
300732,B2
300733,B2
300735,B3
300736,B2
300737,B1
300738,B3
300739,B2
300740,B2
300741,B3
300742,B3
300743,B1
300745,B1
300746,B1
300747,B3
300748,B2
300749,B3
300750,B1
300751,B3
300752,B2
300753,B3
300755,B1
300756,B3
300757,B2
300758,B2
300759,B3
300760,B2
300761,B2
300762,B2
300763,B3
300765,B3
300766,B3
300767,B2
300768,B1
300769,B1
300770,B1
300771,B1
300772,B3
300773,B3
300774,B3
300775,B2
300776,B3
300777,B1
300778,B3
300779,B2
300780,B3
300781,B3
300782,B2
300783,B3
300784,B2
300785,B2
300786,B3
300787,B3
300788,B1
300789,B3
300790,B3
300791,B2
300792,B3
300793,B2
300795,B2
300796,B2
300797,B3
300798,B3
300799,B3
300800,B2
300801,B3
300802,B2
300803,B2
300804,B2
300805,B2
300806,B3
300807,B3
300808,B1
300809,B3
300810,B3
300811,B3
300812,B1
300813,B2
300814,B3
300815,B3
300816,B3
300817,B3
300818,B2
300819,B1
300820,B1
300821,B2
300822,B2
300823,B3
300824,B2
300825,B3
300826,B1
300827,B3
300828,B1
300829,B3
300830,B2
300831,B2
300832,B2
300833,B2
300834,B1
300835,B3
300836,B3
300837,B2
300838,B2
300839,B3
300840,B1
300841,B2
300842,B1
300843,B3
300844,B3
300845,B3
300846,B2
300847,B2
300848,B2
300849,B2
300850,B1
300851,B2
300852,B3
300853,B3
300854,B3
300855,B2
300856,B2
300857,B3
300858,B3
300859,B3
300860,B2
300861,B2
300862,B3
300863,B2
300864,B1
300865,B2
300866,B3
300867,B1
300868,B3
300869,B1
300870,B3
300871,B2
300872,B3
300873,B2
300875,B3
300876,B1
300877,B2
300878,B3
300879,B2
300880,B1
300881,B2
300882,B3
300883,B3
300884,B3
300885,B3
300886,B3
300887,B2
300888,B2
300889,B2
300890,B2
300891,B2
300892,B3
300893,B3
300894,B2
300895,B2
300896,B2
300897,B3
300898,B3
300899,B3
300900,B2
300901,B1
300902,B1
300903,B2
300904,B2
300905,B3
300906,B3
300907,B3
300908,B3
300909,B3
300910,B1
300911,B2
300912,B1
300913,B3
300915,B2
300916,B3
300917,B2
300918,B3
300919,B3
300920,B2
300921,B2
300922,B3
300923,B2
300925,B2
300926,B1
300927,B3
300928,B2
300929,B2
300930,B3
300931,B2
300932,B2
300933,B3
300935,B2
300936,B1
300937,B1
300938,B3
300939,B3
300940,B2
300941,B3
300942,B3
300943,B3
300945,B3
300946,B3
300947,B3
300948,B2
300949,B3
300950,B3
300951,B3
300952,B3
300953,B3
300955,B3
300956,B1
300957,B1
300958,B2
300959,B1
300960,B1
300961,B3
300962,B2
300963,B1
300964,B1
300965,B3
300966,B2
300967,B3
300968,B2
300969,B2
300970,B2
300971,B3
300972,B1
300973,B3
300975,B2
300976,B3
300977,B2
300978,B1
300979,B1
300980,B1
300981,B1
300982,B2
300983,B1
300984,B2
300985,B2
300986,B2
300987,B2
300988,B3
300989,B3
300990,B3
300991,B2
300992,B2
300993,B3
300994,B3
300995,B2
300996,B3
300997,B3
300998,B1
300999,B1
301000,B3
301001,B2
301002,B3
301003,B2
301004,B2
301005,B3
301006,B2
301007,B3
301008,B3
301009,B2
301010,B2
301011,B2
301012,B3
301013,B3
301015,B2
301016,B2
301017,B1
301018,B3
301019,B1
301020,B2
301021,B3
301022,B1
301023,B2
301024,B2
301025,B1
301026,B3
301027,B2
301028,B1
301029,B3
301030,B2
301031,B3
301032,B2
301033,B2
301035,B2
301036,B1
301037,B2
301038,B3
301039,B1
301040,B1
301041,B2
301042,B2
301043,B1
301045,B3
301046,B3
301047,B3
301048,B2
301049,B2
301050,B2
301051,B1
301052,B3
301053,B3
301055,B2
301056,B2
301057,B3
301058,B1
301059,B2
301060,B1
301061,B2
301062,B2
301063,B2
301065,B2
301066,B1
301067,B1
301068,B1
301069,B2
301070,B2
301071,B2
301072,B2
301073,B3
301075,B3
301076,B3
301077,B1
301078,B3
301079,B2
301080,B3
301081,B3
301082,B2
301083,B2
301085,B3
301086,B3
301087,B3
301088,B1
301089,B2
301090,B1
301091,B2
301092,B1
301093,B3
301095,B3
301096,B3
301097,B1
301098,B2
301099,B2
301100,B1
301101,B1
301102,B1
301103,B2
301105,B1
301106,B1
301107,B1
301108,B3
301109,B1
301110,B1
301111,B2
301112,B1
301113,B3
301115,B2
301116,B2
301117,B1
301118,B2
301119,B1
301120,B3
301121,B2
301122,B1
301123,B3
301125,B1
301126,B3
301127,B2
301128,B2
301129,B1
301130,B2
301131,B2
301132,B1
301133,B1
301135,B2
301136,B2
301137,B2
301138,B3
301139,B2
301141,B3
301148,B3
301149,B2
301150,B2
301151,B2
301152,B1
301153,B2
301155,B3
301156,B2
301157,B2
301158,B3
301159,B3
301160,B3
301161,B2
301162,B2
301163,B2
301165,B3
301166,B1
301167,B2
301168,B1
301169,B2
301170,B1
301171,B1
301172,B2
301173,B2
301175,B1
301176,B2
301177,B3
301178,B2
301179,B3
301180,B1
301181,B1
301182,B3
301183,B3
301185,B2
301186,B2
301187,B1
301188,B1
301189,B2
301190,B3
301191,B3
301192,B1
301193,B3
301195,B1
301196,B3
301197,B2
301198,B3
301199,B1
301200,B3
301201,B3
301202,B2
301203,B1
301205,B3
301206,B2
301207,B2
301208,B3
301209,B1
301210,B1
301211,B3
301212,B2
301213,B2
301215,B1
301216,B3
301217,B3
301218,B2
301219,B3
301220,B1
301221,B1
301222,B3
301223,B1
301225,B3
301226,B3
301227,B2
301228,B3
301229,B1
301230,B3
301231,B3
301232,B3
301233,B2
301234,B1
301235,B3
301236,B2
301237,B1
301238,B2
301239,B1
301246,B1
301248,B2
301251,B1
301252,B1
301255,B3
301256,B1
301257,B3
301258,B1
301259,B3
301260,B2
301261,B3
301262,B1
301263,B2
301265,B2
301266,B2
301267,B1
301268,B3
301269,B3
301270,B3
301272,B2
301273,B3
301275,B2
301276,B1
301277,B2
301278,B2
301279,B2
301280,B2
301281,B2
301282,B3
301283,B1
301285,B2
301286,B1
301287,B2
301288,B2
301289,B1
301290,B1
301291,B2
301292,B2
301293,B3
301295,B3
301296,B1
301297,B3
301298,B2
301299,B2
301300,B2
301301,B1
301302,B2
301303,B1
301305,B3
301306,B3
301307,B3
301308,B3
301309,B1
301310,B3
301311,B2
301312,B2
301313,B2
301314,B2
301315,B2
301316,B3
301317,B3
301318,B1
301319,B1
301320,B2
301321,B2
301322,B1
301323,B1
301325,B3
301326,B3
301327,B3
301328,B1
301329,B2
301330,B2
301331,B1
301332,B1
301333,B1
301335,B3
301336,B2
301337,B2
301338,B3
301339,B2
301345,B1
301348,B2
301349,B1
301353,B1
301355,B1
301356,B3
301357,B3
301358,B1
301359,B1
301360,B2
301361,B1
301362,B2
301363,B3
301365,B3
301366,B2
301367,B2
301368,B3
301369,B3
301370,B2
301371,B2
301372,B3
301373,B1
301376,B3
301377,B3
301378,B1
301379,B3
301380,B2
301381,B2
301382,B3
301383,B2
301386,B1
301387,B1
301388,B2
301389,B3
301390,B2
301391,B2
301392,B3
301393,B3
301395,B1
301396,B3
301397,B3
301398,B3
301399,B1
301408,B2
301413,B3
301418,B2
301419,B1
301421,B3
301428,B2
301429,B1
301439,B1
301446,B3
301448,B3
301456,B2
301458,B2
301459,B2
301468,B1
301469,B2
301479,B1
301486,B3
301487,B3
301488,B3
301489,B3
301498,B3
301499,B2
301500,B3
301501,B1
301502,B2
301503,B2
301505,B1
301507,B2
301508,B1
301509,B3
301510,B2
301511,B3
301512,B2
301515,B1
301516,B1
301517,B3
301518,B3
301519,B1
301520,B1
301522,B3
301525,B2
301526,B1
301528,B3
301529,B3
301533,B2
301535,B1
301536,B3
301538,B2
301539,B2
301548,B2
301550,B3
301551,B2
301552,B2
301555,B2
301556,B2
301557,B1
301558,B2
301559,B2
301560,B1
301565,B3
301566,B2
301567,B2
301568,B3
301571,B2
301577,B2
301578,B3
301580,B2
301581,B2
301585,B2
301586,B2
301587,B3
301588,B2
301589,B2
301591,B2
301592,B3
301596,B2
301598,B1
301600,B3
301601,B3
301602,B2
301603,B1
301606,B1
301607,B3
301608,B3
301611,B2
301613,B2
301616,B3
301617,B3
301618,B2
301622,B3
301626,B3
301628,B2
301629,B2
301631,B3
301633,B1
301658,B3
301662,B3
301665,B2
302132,B3
399001,B2
399002,B2
399003,B1
399004,B2
399005,B1
399006,B3
399007,B2
399008,B1
399009,B2
399010,B2
399011,B2
399012,B3
399013,B1
399015,B2
399100,B1
399101,B1
399102,B2
399103,B1
399106,B1
399107,B1
399108,B1
399231,B1
399232,B3
399233,B2
399234,B1
399235,B1
399236,B2
399237,B1
399238,B3
399239,B2
399240,B1
399241,B1
399242,B2
399243,B2
399244,B2
399248,B1
399249,B3
399298,B1
399299,B1
399300,B1
399301,B1
399302,B1
399303,B1
399306,B1
399307,B1
399310,B1
399311,B1
399312,B1
399313,B1
399314,B1
399315,B2
399316,B1
399317,B1
399318,B1
399319,B2
399320,B1
399321,B1
399322,B1
399324,B1
399326,B3
399328,B1
399330,B2
399332,
399333,B1
399335,B2
399337,B2
399339,B2
399341,B1
399344,B2
399346,B2
399348,B1
399350,B1
399351,B1
399352,B1
399353,B1
399355,B1
399356,B1
399357,B1
399358,B1
399359,B1
399360,B2
399361,B1
399362,B2
399363,B3
399364,B2
399365,B1
399366,B2
399367,B1
399368,B2
399369,B1
399370,B2
399371,B1
399372,B2
399373,B1
399374,B2
399375,B1
399376,B2
399377,B1
399378,B1
399379,B1
399380,B1
399381,B1
399382,B2
399383,B1
399384,B1
399385,B1
399386,B3
399387,B1
399388,B2
399389,B3
399390,B1
399391,B1
399392,B2
399393,B1
399394,B3
399395,B3
399396,B1
399397,B1
399398,B1
399399,B1
399400,B1
399401,B2
399402,B1
399403,B3
399404,B1
399405,B2
399406,B1
399407,B2
399408,B1
399409,B2
399410,B3
399411,B1
399412,B1
399413,B1
399415,B1
399416,B1
399417,B1
399418,B2
399419,B1
399420,B1
399423,B2
399427,B1
399428,B2
399429,B1
399431,B1
399432,B1
399433,B1
399434,B1
399435,B1
399436,B1
399437,B1
399438,B1
399439,B1
399440,B1
399441,B3
399481,B1
399550,B1
399551,B3
399552,B1
399553,B1
399554,B1
399555,B1
399556,B1
399557,B1
399602,B1
399604,B1
399606,B3
399608,B2
399610,B3
399611,B2
399612,B2
399613,B1
399614,B1
399615,B1
399616,B1
399617,B1
399618,B2
399619,B1
399620,B2
399621,B3
399622,B1
399623,B1
399624,B2
399625,B2
399626,B3
399627,B1
399628,B2
399629,B1
399630,B2
399631,B1
399632,B2
399633,B2
399634,B1
399635,B3
399636,B3
399637,B1
399638,B1
399639,B1
399640,B2
399641,B2
399642,B2
399643,B3
399644,B1
399645,B1
399646,B1
399647,B2
399648,B1
399649,B1
399650,B1
399651,B1
399652,B2
399653,B1
399654,B1
399655,B1
399656,B2
399657,B2
399658,B1
399659,B1
399660,B2
399661,B1
399662,B3
399663,B1
399664,B2
399665,B1
399666,B2
399667,B3
399668,B1
399669,B1
399670,B1
399671,B3
399672,B1
399673,B3
399674,B2
399675,B2
399676,B2
399677,B2
399678,B1
399679,B2
399680,B1
399681,B1
399682,B1
399683,B1
399684,B1
399685,B2
399686,B1
399687,B2
399688,B3
399689,B1
399701,B1
399702,B1
399703,B1
399704,B2
399705,B3
399706,B1
399802,B2
399803,B2
399804,B1
399805,B2
399806,B1
399807,B1
399808,B1
399809,B1
399812,B1
399813,B2
399814,B1
399901,B1
399903,B1
399904,B1
399905,B1
399907,
399913,B3
399914,B1
399915,
399916,
399918,B1
399920,
399923,
399926,
399927,
399928,B1
399929,
399930,
399932,B1
399933,B3
399934,B1
399935,B2
399936,
399937,
399938,
399941,
399942,
399943,
399944,B1
399945,
399946,
399947,
399948,
399949,
399953,
399954,
399956,
399958,B1
399959,B3
399960,
399962,
399965,B1
399966,B1
399967,B2
399968,
399972,B2
399974,B1
399980,
399982,B1
399990,B1
399991,B3
399992,B2
399993,B3
399994,B2
399995,B1
399996,B2
399997,B1
399998,B1
600000,B1
600004,B1
600006,B2
600007,B1
600008,B1
600009,B1
600010,B1
600011,B1
600012,B1
600015,B1
600016,B1
600017,B1
600018,B1
600019,B2
600020,B1
600021,B3
600022,B1
600023,B1
600025,B2
600026,B2
600027,B1
600028,B1
600029,B1
600030,B1
600031,B1
600032,B1
600033,B1
600035,B1
600036,B2
600037,B3
600038,B2
600039,B2
600048,B1
600050,B1
600051,B1
600052,B2
600053,B2
600054,B1
600055,B2
600056,B1
600057,B1
600058,B3
600059,B2
600060,B1
600061,B1
600062,B1
600063,B3
600064,B1
600066,B2
600067,B2
600068,B2
600069,B3
600070,B2
600071,B1
600072,B2
600073,B1
600074,B1
600075,B1
600076,B3
600077,B1
600078,B1
600079,B3
600080,B2
600081,B2
600082,B1
600083,B1
600084,B1
600085,B1
600086,B3
600088,B3
600089,B3
600090,B1
600091,B3
600093,B3
600094,B1
600095,B2
600096,B1
600097,B3
600098,B2
600099,B2
600100,B2
600101,B1
600103,B3
600104,B1
600105,B3
600106,B1
600107,B2
600108,B1
600109,B1
600110,B3
600111,B3
600112,B1
600113,B2
600114,B3
600115,B1
600116,B1
600117,B1
600118,B2
600119,B2
600120,B1
600121,B1
600122,B1
600123,B1
600125,B3
600126,B3
600127,B1
600128,B3
600129,B2
600130,B3
600131,B1
600132,B1
600133,B1
600135,B1
600136,B1
600137,B2
600138,B1
600139,B1
600141,B1
600143,B2
600145,B3
600146,B3
600148,B2
600149,B2
600150,B3
600151,B3
600152,B2
600153,B3
600155,B2
600156,B3
600157,B2
600158,B2
600159,B1
600160,B3
600161,B1
600162,B2
600163,B1
600165,B2
600166,B1
600167,B3
600168,B3
600169,B1
600170,B2
600171,B1
600172,B2
600173,B3
600175,B2
600176,B3
600177,B1
600178,B2
600179,B1
600180,B1
600182,B2
600183,B3
600184,B3
600185,B2
600186,B3
600187,B1
600188,B1
600189,B2
600190,B3
600191,B3
600192,B2
600193,B2
600195,B1
600196,B3
600197,B2
600198,B1
600199,B2
600200,B3
600201,B2
600202,B2
600203,B3
600206,B3
600207,B3
600208,B3
600209,B3
600210,B3
600211,B3
600212,B1
600213,B1
600215,B2
600216,B1
600217,B1
600218,B1
600219,B1
600220,B1
600221,B1
600222,B3
600223,B2
600225,B1
600226,B3
600227,B2
600228,B3
600229,B1
600230,B1
600231,B1
600232,B2
600233,B3
600234,B1
600235,B2
600236,B1
600237,B2
600238,B2
600239,B1
600240,B1
600241,B2
600242,B3
600243,B3
600246,B3
600247,B1
600248,B1
600249,B2
600250,B2
600251,B1
600252,B1
600255,B1
600256,B1
600257,B1
600258,B1
600259,B3
600260,B2
600261,B1
600262,B3
600265,B2
600266,B3
600267,B1
600268,B1
600269,B1
600271,B1
600272,B2
600273,B1
600275,B3
600276,B3
600277,B1
600278,B1
600279,B1
600280,B3
600281,B3
600282,B1
600283,B1
600284,B3
600285,B1
600287,B2
600288,B2
600289,B3
600290,B1
600291,B3
600292,B3
600293,B1
600295,B2
600297,B1
600298,B1
600299,B2
600300,B1
600301,B3
600302,B1
600303,B2
600305,B2
600306,B3
600307,B1
600308,B2
600309,B2
600310,B1
600311,B1
600312,B2
600313,B1
600315,B1
600316,B3
600317,B1
600318,B3
600319,B3
600320,B1
600321,B1
600322,B1
600323,B2
600325,B2
600326,B2
600327,B2
600328,B1
600329,B2
600330,B2
600331,B3
600332,B1
600333,B3
600335,B1
600336,B1
600337,B2
600338,B3
600339,B2
600340,B1
600343,B2
600345,B1
600346,B1
600348,B2
600350,B1
600351,B2
600352,B1
600353,B3
600354,B2
600355,B2
600356,B3
600358,B3
600359,B1
600360,B2
600361,B1
600362,B3
600363,B3
600365,B1
600366,B2
600367,B2
600368,B1
600369,B2
600370,B1
600371,B2
600372,B2
600373,B1
600375,B1
600376,B3
600377,B1
600378,B2
600379,B2
600380,B3
600381,B3
600382,B3
600383,B1
600385,B1
600386,B2
600387,B1
600388,B2
600389,B3
600390,B1
600391,B3
600392,B3
600393,B1
600395,B1
600396,B2
600397,B3
600398,B1
600399,B1
600400,B3
600403,B1
600405,B3
600406,B1
600408,B2
600409,B1
600410,B3
600415,B3
600416,B2
600418,B1
600419,B2
600420,B1
600421,B3
600422,B1
600423,B2
600425,B2
600426,B3
600428,B2
600429,B2
600433,B1
600435,B3
600436,B1
600438,B3
600439,B1
600444,B2
600446,B2
600448,B1
600449,B1
600452,B3
600455,B2
600456,B2
600458,B1
600459,B2
600460,B2
600461,B1
600462,B3
600463,B3
600466,B1
600467,B2
600468,B2
600469,B1
600470,B2
600475,B3
600476,B2
600477,B2
600478,B1
600479,B2
600480,B2
600481,B3
600482,B1
600483,B1
600485,
600486,B2
600487,B3
600488,B1
600489,B3
600490,B3
600491,B2
600493,B1
600495,B1
600496,B1
600497,B2
600498,B3
600499,B1
600500,B1
600501,B2
600502,B2
600503,B3
600505,B2
600506,B3
600507,B2
600508,B1
600509,B1
600510,B2
600511,B1
600512,B1
600513,B3
600515,B1
600516,B1
600517,B2
600518,B3
600519,B1
600520,B2
600521,B3
600522,B2
600523,B2
600525,B2
600526,B2
600527,B1
600528,B1
600529,B1
600530,B1
600531,B3
600532,B3
600533,B2
600535,B1
600536,B1
600537,B2
600538,B2
600539,B1
600540,B2
600543,B3
600545,B3
600546,B1
600547,B3
600548,B1
600549,B3
600550,B2
600551,B1
600552,B2
600555,B3
600556,B2
600557,B2
600558,B1
600559,B2
600560,B2
600561,B2
600562,B1
600563,B1
600565,B1
600566,B1
600567,B2
600568,B2
600569,B1
600570,B3
600571,B3
600572,B1
600573,B1
600575,B1
600576,B3
600577,B2
600578,B1
600579,B2
600580,B3
600581,B2
600582,B1
600583,B1
600584,B3
600585,B1
600586,B2
600587,B1
600588,B1
600589,B2
600590,B3
600592,B3
600593,B3
600594,B2
600595,B1
600596,B3
600597,B2
600598,B1
600599,B3
600600,B1
600601,B3
600602,B3
600603,B1
600604,B2
600605,B1
600606,B1
600608,B1
600609,B1
600610,B2
600611,B1
600612,B1
600613,B2
600614,B3
600615,B2
600616,B1
600617,B1
600618,B1
600619,B3
600620,B2
600621,B2
600622,B1
600623,B1
600624,B3
600626,B2
600628,B3
600629,B3
600630,B2
600633,B2
600634,B2
600635,B1
600636,B1
600637,B2
600638,B1
600639,B1
600640,B1
600641,B3
600642,B1
600643,B2
600644,B2
600645,B2
600647,B1
600648,B1
600649,B2
600650,B3
600651,B3
600652,B3
600653,B3
600654,B2
600655,B1
600657,B1
600658,B3
600660,B2
600661,B1
600662,B1
600663,B1
600664,B1
600665,B2
600666,B2
600667,B2
600668,B1
600671,B1
600673,B3
600674,B2
600675,B2
600676,B2
600677,B1
600678,B3
600679,B2
600681,B2
600682,B2
600683,B2
600684,B2
600685,B3
600686,B1
600687,B1
600688,B1
600689,B3
600690,B1
600691,B3
600692,B3
600693,B3
600694,B2
600695,B3
600696,B2
600697,B3
600698,B3
600699,B3
600701,B3
600702,B2
600703,B2
600704,B1
600705,B1
600706,B2
600707,B1
600708,B1
600710,B1
600711,B3
600712,B3
600713,B1
600714,B3
600715,B3
600716,B2
600717,B1
600718,B2
600719,B1
600720,B1
600721,B3
600722,B3
600723,B1
600724,B3
600725,B3
600726,B1
600727,B2
600728,B3
600729,B1
600730,B3
600731,B1
600732,B3
600733,B1
600734,B1
600735,B3
600736,B1
600737,B3
600738,B2
600739,B1
600740,B1
600741,B3
600742,B1
600743,B1
600744,B3
600745,B1
600746,B1
600748,B3
600749,B2
600750,B1
600751,B2
600753,B1
600754,B1
600755,B1
600756,B2
600757,B1
600758,B1
600759,B1
600760,B3
600761,B2
600763,B1
600764,B2
600765,B2
600766,B1
600767,B3
600768,B2
600769,B1
600770,B3
600771,B1
600773,B2
600774,B2
600775,B3
600776,B2
600777,B2
600778,B3
600779,B1
600780,B1
600781,B3
600782,B1
600783,B1
600784,B1
600785,B3
600787,B1
600789,B1
600790,B1
600791,B2
600792,B2
600793,B3
600794,B2
600795,B1
600796,B2
600797,B3
600798,B3
600800,B3
600801,B3
600802,B2
600803,B1
600804,B1
600805,B3
600807,B1
600808,B1
600809,B1
600810,B3
600811,B2
600812,B1
600814,B2
600815,B2
600816,B1
600817,B2
600818,B2
600819,B2
600820,B1
600821,B1
600822,B2
600823,B1
600824,B2
600825,B1
600826,B3
600827,B2
600828,B3
600829,B2
600830,B2
600831,B2
600833,B3
600834,B2
600835,B2
600836,B1
600837,B1
600838,B2
600839,B2
600841,B2
600843,B2
600844,B2
600845,B2
600846,B1
600847,B3
600848,B1
600850,B2
600851,B1
600853,B1
600854,B2
600855,B2
600856,B3
600857,B2
600858,B3
600859,B2
600860,B2
600861,B1
600862,B2
600863,B1
600864,B2
600865,B3
600866,B1
600867,B2
600868,B3
600869,B1
600870,B3
600871,B1
600872,B1
600873,B1
600874,B2
600875,B1
600876,B2
600877,B1
600879,B2
600880,B2
600881,B3
600882,B2
600883,B2
600884,B2
600885,B1
600886,B1
600887,B1
600888,B1
600889,B3
600890,B3
600891,B1
600892,B2
600893,B1
600894,B1
600895,B3
600896,B3
600897,B1
600898,B1
600900,B1
600901,B2
600903,B1
600905,B1
600906,B2
600908,B1
600909,B1
600916,B2
600917,B1
600918,B1
600919,B1
600925,B1
600926,B2
600927,B2
600928,B1
600929,B3
600933,B2
600935,B1
600936,B2
600938,B2
600939,B3
600941,B1
600955,B1
600956,B1
600958,B1
600959,B2
600960,B2
600961,B3
600962,B1
600963,B1
600965,B3
600966,B1
600967,B3
600968,B2
600969,B2
600970,B1
600971,B1
600973,B1
600975,B1
600976,B1
600977,B3
600978,B1
600979,B3
600980,B2
600981,B2
600982,B1
600983,B1
600984,B1
600985,B1
600986,B1
600987,B1
600988,B3
600989,B2
600990,B3
600992,B2
600993,B1
600995,B1
600996,B2
600997,B1
600998,B1
600999,B1
601000,B1
601001,B2
601002,B2
601003,B2
601005,B2
601006,B1
601007,B2
601008,B2
601009,B2
601010,B2
601011,B2
601012,B2
601015,B1
601016,B1
601018,B1
601019,B2
601020,B3
601021,B1
601022,B2
601028,B1
601033,B1
601038,B1
601058,B1
601059,B3
601061,B2
601065,B1
601066,B1
601068,B2
601069,B3
601077,B2
601083,B1
601086,B3
601088,B1
601089,B3
601096,B1
601098,B1
601099,B3
601100,B3
601101,B1
601106,B1
601107,B1
601108,B1
601111,B1
601113,B1
601116,B3
601117,B1
601118,B1
601121,B3
601126,B3
601127,B2
601128,B1
601133,B1
601136,B1
601137,B1
601138,B3
601139,B1
601155,B1
601156,B1
601158,B1
601162,B2
601163,B1
601166,B2
601168,B3
601169,B1
601177,B3
601179,B1
601186,B1
601187,B2
601188,B2
601198,B2
601199,B1
601200,B1
601208,B3
601211,B1
601212,B3
601216,B1
601218,B2
601222,B3
601225,B1
601226,B3
601228,B1
601229,B1
601231,B2
601233,B1
601236,B1
601238,B1
601258,B1
601279,B2
601288,B2
601298,B2
601311,B1
601318,B1
601319,B1
601326,B2
601328,B1
601330,B1
601333,B2
601336,B1
601339,B1
601360,B1
601366,B1
601368,B2
601369,B1
601375,B2
601377,B1
601388,B2
601390,B1
601398,B2
601399,B2
601456,B2
601500,B1
601512,B1
601515,B2
601518,B2
601519,B1
601528,B1
601555,B2
601558,B1
601566,B2
601567,B2
601568,B1
601577,B1
601579,B3
601588,B1
601595,B2
601598,B1
601599,B2
601600,B2
601601,B1
601606,B3
601607,B1
601608,B1
601609,B1
601611,B1
601615,B1
601616,B2
601618,B1
601619,B1
601628,B2
601633,B1
601636,B2
601658,B1
601665,B2
601666,B1
601668,B1
601669,B1
601677,B1
601678,B1
601686,B1
601688,B1
601689,B3
601696,B3
601698,B1
601699,B1
601700,B1
601702,B1
601717,B3
601718,B2
601727,B1
601728,B1
601766,B1
601777,B2
601778,B3
601788,B1
601789,B2
601798,B2
601799,B1
601800,B1
601801,B1
601808,B1
601811,B1
601816,B1
601818,B2
601825,B2
601827,B1
601828,B1
601838,B1
601857,B2
601858,B3
601860,B2
601865,B3
601866,B1
601868,B1
601869,B3
601872,B1
601877,B3
601878,B1
601880,B1
601881,B1
601882,B3
601886,B1
601888,B1
601890,B2
601898,B1
601899,B3
601900,B1
601901,B1
601908,B3
601916,B1
601918,B1
601919,B1
601921,B1
601928,B1
601929,B3
601933,B3
601939,B1
601949,B1
601952,B1
601956,B2
601958,B3
601963,B2
601965,B1
601966,B1
601968,B1
601969,B2
601975,B2
601985,B1
601988,B1
601989,B1
601990,B1
601991,B2
601992,B1
601995,B2
601996,B2
601997,B1
601998,B2
601999,B3
603000,B1
603001,B3
603002,B3
603003,B1
603004,B3
603005,B2
603006,B2
603007,B1
603008,B2
603009,B3
603010,B1
603011,B3
603012,B2
603013,B3
603015,B2
603016,B1
603017,B1
603018,B1
603019,B3
603020,B2
603021,B3
603022,B3
603023,B2
603025,B1
603026,B1
603027,B1
603028,B2
603029,B3
603030,B3
603031,B2
603032,B3
603033,B3
603035,B1
603036,B3
603037,B1
603038,B2
603039,B1
603040,B3
603041,B1
603042,B3
603043,B1
603045,B2
603048,B2
603050,B1
603051,B3
603052,B3
603053,B1
603055,B1
603056,B1
603057,B3
603058,B3
603059,B1
603060,B1
603061,B3
603062,B1
603063,B3
603065,B1
603066,B1
603067,B3
603068,B3
603069,B2
603070,B1
603071,B1
603072,B3
603073,B2
603075,B1
603076,B3
603077,B1
603078,B3
603079,B1
603080,B2
603081,B2
603082,B2
603083,B3
603085,B2
603086,B1
603087,B3
603088,B3
603089,B2
603090,B3
603091,B2
603093,B2
603095,B1
603096,B1
603097,B1
603098,B2
603099,B3
603100,B3
603101,B3
603102,B1
603103,B2
603105,B2
603106,B3
603107,B1
603108,B1
603109,B1
603110,B3
603111,B2
603112,B2
603113,B2
603115,B3
603116,B2
603117,B2
603118,B3
603119,B3
603120,B1
603121,B2
603122,B2
603123,B3
603124,B3
603125,B2
603126,B2
603127,B3
603128,B1
603129,B2
603130,B2
603131,B2
603132,B2
603133,B1
603135,B1
603136,B2
603137,B1
603138,B2
603139,B2
603150,B2
603151,B3
603153,B2
603155,B2
603156,B1
603157,B3
603158,B3
603159,B3
603160,B2
603161,B2
603162,B2
603163,B3
603165,B2
603166,B3
603167,B1
603168,B3
603169,B1
603170,B2
603171,B2
603172,B3
603173,B2
603176,B1
603177,B3
603178,B3
603179,B3
603180,B1
603181,B2
603182,B2
603183,B3
603185,B3
603186,B2
603187,B1
603188,B1
603189,B3
603190,B1
603191,B1
603192,B2
603193,B1
603194,B1
603195,B1
603196,B1
603197,B1
603198,B1
603199,B1
603200,B3
603201,B2
603202,B1
603203,B3
603205,B1
603206,B3
603207,B2
603208,B2
603209,B1
603210,B1
603211,B2
603212,B3
603213,B3
603214,B2
603215,B3
603216,B2
603217,B3
603218,B1
603219,B1
603220,B2
603221,B2
603222,B3
603223,B1
603225,B1
603226,B3
603227,B1
603228,B3
603229,B2
603230,B2
603231,B3
603232,B2
603233,B1
603235,B1
603236,B3
603237,B3
603238,B3
603239,B3
603255,B1
603256,B3
603257,B3
603258,B2
603259,B3
603260,B1
603261,B2
603266,B3
603267,B3
603268,B2
603269,B2
603270,B2
603271,B3
603272,B2
603273,B2
603275,B3
603276,B3
603277,B1
603278,B2
603279,B1
603280,B1
603281,B1
603282,B3
603283,B3
603285,B3
603286,B2
603288,B1
603289,B3
603290,B3
603291,B2
603296,B2
603297,B3
603298,B3
603299,B1
603300,B2
603301,B1
603303,B1
603305,B2
603306,B3
603307,B1
603308,B3
603309,B1
603310,B1
603311,B2
603312,B2
603313,B2
603315,B1
603316,B3
603317,B1
603318,B2
603319,B3
603320,B2
603321,B3
603322,B3
603323,B1
603324,B2
603325,B3
603326,B2
603327,B2
603328,B2
603329,B1
603330,B1
603331,B2
603332,B2
603333,B3
603335,B2
603336,B2
603337,B2
603338,B1
603339,B3
603341,B3
603344,B2
603345,B1
603348,B1
603350,B3
603351,B1
603353,B2
603355,B1
603356,B2
603357,B1
603358,B1
603359,B1
603360,B2
603363,B3
603365,B1
603366,B3
603367,B3
603368,B1
603369,B1
603373,B2
603375,B3
603377,B2
603378,B2
603379,B2
603380,B3
603381,B2
603383,B2
603385,B1
603386,B3
603387,B1
603388,B2
603389,B3
603390,B1
603391,B1
603392,B1
603393,B1
603395,B3
603396,B1
603398,B3
603399,B2
603408,B1
603409,B1
603416,B2
603421,B2
603429,B3
603439,B1
603444,B3
603456,B3
603458,B3
603466,B1
603477,B2
603486,B3
603488,B3
603489,B3
603496,B3
603499,B3
603500,B3
603501,B3
603505,B2
603506,B3
603507,B2
603508,B3
603511,B2
603515,B1
603516,B3
603517,B2
603518,B2
603519,B1
603520,B3
603527,B2
603528,B1
603529,B1
603530,B1
603533,B2
603535,B1
603536,B3
603538,B3
603551,B1
603555,B2
603556,B1
603557,B1
603558,B3
603559,B2
603565,B3
603566,B1
603567,B2
603568,B1
603569,B2
603577,B3
603578,B2
603579,B3
603580,B3
603583,B3
603585,B2
603586,B2
603587,B2
603588,B1
603589,B1
603590,B3
603595,B3
603596,B2
603598,B2
603599,B1
603600,B2
603601,B1
603602,B3
603603,B3
603605,B1
603606,B2
603607,B3
603608,B3
603609,B1
603610,B3
603611,B2
603612,B2
603613,B2
603615,B3
603616,B2
603617,B3
603618,B2
603619,B1
603626,B3
603628,B1
603629,B3
603630,B3
603633,B3
603636,B2
603637,B3
603638,B1
603639,B2
603648,B1
603650,B3
603655,B2
603656,B2
603657,B3
603658,B2
603659,B3
603660,B3
603661,B2
603662,B3
603663,B2
603665,B3
603666,B2
603667,B3
603668,B1
603669,B1
603676,B2
603677,B1
603678,B2
603679,B3
603680,B1
603681,B2
603682,B2
603683,B3
603685,B2
603686,B2
603687,B2
603688,B3
603689,B1
603690,B3
603693,B3
603696,B3
603697,B3
603698,B1
603699,B3
603700,B3
603701,B1
603703,B2
603706,B2
603707,B2
603708,B2
603709,B3
603711,B2
603712,B3
603713,B1
603716,B3
603717,B2
603718,B1
603719,B3
603721,B2
603722,B3
603725,B2
603726,B3
603727,B1
603728,B3
603729,B2
603730,B2
603733,B1
603737,B2
603738,B2
603739,B1
603755,B2
603757,B3
603758,B1
603759,B1
603766,B1
603767,B3
603768,B2
603773,B3
603776,B3
603777,B3
603778,B1
603779,B2
603786,B1
603787,B2
603788,B1
603789,B2
603790,B3
603797,B2
603798,B3
603799,B3
603800,B3
603801,B1
603803,B2
603806,B3
603808,B2
603809,B3
603810,B1
603811,B2
603813,B1
603815,B3
603816,B1
603817,B3
603818,B2
603819,B2
603822,B3
603823,B3
603825,B1
603826,B2
603828,B2
603829,B2
603833,B1
603836,B1
603838,B1
603839,B3
603843,B3
603848,B3
603855,B1
603856,B1
603858,B2
603859,B1
603860,B1
603861,B2
603863,B3
603866,B2
603867,B1
603868,B1
603869,B1
603871,B3
603876,B3
603877,B1
603878,B1
603879,B2
603880,B2
603881,B3
603882,B1
603883,B1
603885,B2
603886,B3
603887,B1
603888,B2
603889,B1
603890,B1
603893,B2
603895,B2
603896,B1
603897,B1
603898,B2
603899,B1
603900,B3
603901,B1
603903,B2
603906,B2
603908,B2
603909,B2
603912,B3
603915,B2
603916,B3
603917,B2
603918,B3
603919,B2
603920,B3
603922,B3
603926,B1
603927,B2
603928,B3
603929,B3
603931,B2
603933,B1
603936,B3
603937,B3
603938,B1
603939,B2
603948,B3
603949,B3
603950,B3
603955,B2
603956,B2
603958,B2
603959,B2
603960,B3
603963,B1
603966,B2
603967,B1
603968,B2
603969,B2
603970,B1
603976,B2
603977,B2
603978,B2
603979,B3
603980,B1
603982,B1
603983,B2
603985,B1
603986,B3
603987,B3
603988,B3
603989,B3
603990,B1
603991,B2
603992,B3
603993,B3
603995,B1
603996,B2
603997,B1
603998,B2
603999,B2
605001,B1
605003,B1
605005,B1
605006,B3
605007,B2
605008,B2
605009,B3
605011,B1
605016,B2
605018,B1
605020,B2
605028,B1
605033,B2
605050,B3
605055,B3
605056,B1
605058,B1
605060,B3
605066,B1
605068,B2
605069,B3
605077,B1
605080,B1
605081,B1
605086,B1
605088,B1
605089,B2
605090,B2
605098,B2
605099,B2
605100,B2
605108,B3
605111,B2
605116,B1
605117,B3
605118,B3
605122,B2
605123,B3
605128,B1
605133,B3
605136,B3
605138,B3
605151,B1
605155,B3
605158,B2
605162,B1
605166,B3
605167,B3
605168,B2
605169,B1
605177,B2
605178,B1
605179,B3
605180,B2
605183,B1
605186,B2
605188,B3
605189,B3
605196,B3
605198,B2
605199,B1
605208,B3
605218,B2
605222,B2
605228,B2
605255,B3
605258,B2
605259,B3
605266,B1
605268,B1
605277,B1
605286,B2
605287,B2
605288,B3
605289,B3
605296,B2
605298,B3
605299,B2
605300,B2
605303,B3
605305,B1
605318,B2
605319,B1
605333,B1
605336,B2
605337,B3
605338,B3
605339,B1
605358,B2
605365,B1
605366,B2
605368,B1
605369,B1
605376,B3
605377,B1
605378,B3
605388,B3
605389,B3
605398,B2
605399,B1
605488,B3
605499,B2
605500,B2
605507,B1
605555,B1
605566,B2
605567,B2
605577,B1
605580,B3
605588,B3
605589,B2
605598,B1
605599,B2
688001,B3
688002,B2
688003,B2
688004,B3
688005,B2
688006,B3
688007,B3
688008,B3
688009,B1
688010,B3
688011,B3
688012,B3
688013,B3
688015,B3
688016,B2
688017,B3
688018,B3
688019,B3
688020,B3
688021,B2
688022,B2
688023,B2
688025,B3
688026,B3
688027,B2
688028,B3
688029,B3
688030,B1
688031,B3
688032,B2
688033,B2
688035,B3
688036,B2
688037,B3
688038,B1
688039,B2
688041,B3
688045,B3
688046,B2
688047,B3
688048,B3
688049,B3
688050,B3
688051,B3
688052,B2
688053,B3
688055,B2
688056,B1
688057,B1
688058,B2
688059,B3
688060,B3
688061,B1
688062,B3
688063,B3
688065,B2
688066,B3
688067,B1
688068,B3
688069,B1
688070,B1
688071,B3
688072,B3
688073,B3
688075,B1
688076,B2
688077,B2
688078,B2
688079,B1
688080,B3
688081,B3
688082,B3
688083,B2
688084,B3
688085,B3
688086,B1
688087,B1
688088,B3
688089,B2
688090,B2
688091,B3
688092,B1
688093,B2
688095,B1
688096,B2
688097,B1
688098,B3
688099,B2
688100,B1
688101,B3
688102,B3
688103,B2
688105,B1
688106,B2
688107,B3
688108,B3
688109,B2
688110,B3
688111,B2
688112,B2
688113,B2
688114,B1
688115,B1
688116,B1
688117,B3
688118,B2
688119,B2
688120,B3
688121,B3
688122,B3
688123,B3
688125,B2
688126,B3
688127,B2
688128,B1
688129,B2
688130,B2
688131,B3
688132,B1
688133,B1
688135,B3
688136,B3
688137,B2
688138,B2
688139,B1
688141,B3
688143,B3
688146,B3
688147,B3
688148,B2
688150,B2
688151,B3
688152,B1
688153,B3
688155,B3
688156,B2
688157,B3
688158,B2
688159,B3
688160,B3
688161,B1
688162,B1
688163,B1
688165,B3
688166,B2
688167,B3
688168,B3
688169,B1
688170,B3
688171,B3
688172,B2
688173,B3
688175,B2
688176,B3
688177,B3
688178,B2
688179,B1
688180,B3
688181,B3
688182,B3
688183,B3
688184,B1
688185,B3
688186,B2
688187,B1
688188,B3
688189,B3
688190,B3
688191,B1
688192,B3
688193,B1
688195,B3
688196,B3
688197,B3
688198,B2
688199,B3
688200,B3
688201,B3
688202,B3
688203,B3
688205,B3
688206,B3
688207,B3
688208,B2
688209,B2
688210,B3
688211,B2
688212,B2
688213,B2
688215,B3
688216,B2
688217,B2
688218,B3
688219,B3
688220,B3
688221,B2
688222,B3
688223,B2
688225,B3
688226,B3
688227,B2
688228,B3
688229,B2
688230,B2
688231,B2
688232,B2
688233,B3
688234,B3
688235,B3
688236,B3
688237,B3
688238,B2
688239,B3
688244,B3
688246,B2
688247,B2
688248,B3
688249,B3
688251,B2
688252,B2
688253,B1
688255,B2
688256,B3
688257,B2
688258,B3
688259,B3
688260,B3
688261,B3
688262,B3
688265,B3
688266,B3
688267,B2
688268,B3
688269,B1
688270,B2
688271,B3
688272,B3
688273,B2
688275,B2
688276,B1
688277,B2
688278,B3
688279,B3
688280,B3
688281,B3
688282,B2
688283,B3
688285,B2
688286,B3
688287,B2
688288,B2
688289,B1
688290,B3
688291,B3
688292,B3
688293,B3
688295,B3
688296,B2
688297,B3
688298,B1
688299,B3
688300,B3
688301,B3
688302,B3
688303,B3
688305,B3
688306,B3
688307,B1
688308,B1
688309,B2
688310,B3
688311,B2
688312,B2
688313,B3
688314,B3
688315,B2
688316,B2
688317,B1
688318,B3
688319,B2
688320,B2
688321,B3
688322,B3
688323,B2
688325,B2
688326,B2
688327,B3
688328,B1
688329,B2
688330,B3
688331,B3
688332,B3
688333,B3
688334,B1
688335,B2
688336,B2
688337,B3
688338,B1
688339,B3
688343,B2
688345,B2
688347,B3
688348,B3
688349,B3
688350,B3
688351,B3
688352,B2
688353,B3
688355,B2
688356,B3
688357,B2
688358,B2
688359,B3
688360,B2
688361,B3
688362,B3
688363,B3
688365,B2
688366,B1
688367,B2
688368,B3
688369,B2
688370,B2
688371,B2
688372,B3
688373,B3
688375,B3
688376,B3
688377,B2
688378,B3
688379,B3
688380,B3
688381,B3
688382,B3
688383,B2
688385,B3
688386,B2
688387,B3
688388,B3
688389,B1
688390,B3
688391,B3
688392,B3
688393,B2
688395,B1
688396,B2
688398,B2
688399,B3
688400,B3
688401,B3
688403,B3
688408,B2
688409,B3
688410,B3
688411,B3
688416,B3
688418,B1
688419,B3
688420,B1
688425,B1
688426,B2
688428,B3
688429,B1
688432,B2
688433,B3
688435,B2
688439,B1
688443,B3
688448,B3
688449,B3
688450,B2
688455,B2
688456,B3
688458,B3
688459,B1
688466,B2
688468,B1
688469,B3
688472,B3
688475,B1
688478,B1
688479,B1
688480,B3
688484,B3
688485,B2
688486,B2
688488,B3
688489,B3
688496,B2
688498,B3
688499,B3
688500,B3
688501,B1
688502,B3
688503,B3
688505,B3
688506,B3
688507,B2
688508,B3
688509,B2
688510,B1
688511,B2
688512,B2
688513,B3
688515,B3
688516,B3
688517,B1
688518,B3
688519,B3
688520,B3
688521,B1
688522,B2
688523,B1
688525,B3
688526,B1
688528,B2
688529,B1
688530,B3
688531,B2
688533,B3
688535,B2
688536,B1
688538,B3
688539,B3
688543,B3
688545,B3
688548,B1
688549,B3
688550,B3
688551,B3
688552,B3
688553,B1
688555,B1
688556,B3
688557,B3
688558,B2
688559,B3
688560,B1
688561,B3
688562,B3
688563,B1
688565,B2
688566,B3
688567,B2
688568,B2
688569,B1
688570,B1
688571,B1
688573,B3
688575,B1
688576,B2
688577,B3
688578,B3
688579,B2
688580,B2
688581,B2
688582,B3
688583,B3
688584,B1
688585,B3
688586,B2
688588,B2
688589,B2
688590,B1
688591,B3
688592,B1
688593,B2
688595,B3
688596,B3
688597,B1
688598,B2
688599,B3
688600,B1
688601,B2
688602,B2
688603,B3
688605,B3
688606,B1
688607,B3
688608,B3
688609,B2
688610,B3
688611,B3
688612,B3
688613,B2
688615,B2
688616,B1
688617,B3
688618,B2
688619,B2
688620,B3
688621,B3
688622,B2
688623,B1
688625,B1
688626,B3
688627,B3
688628,B1
688629,B3
688630,B3
688631,B1
688633,B2
688636,B2
688638,B3
688639,B3
688646,B1
688648,B3
688651,B3
688652,B3
688653,B3
688655,B3
688656,B3
688657,B2
688658,B3
688659,B1
688660,B3
688661,B3
688662,B3
688663,B1
688665,B3
688667,B3
688668,B3
688669,B2
688670,B2
688671,B1
688676,B3
688677,B1
688678,B2
688679,B2
688680,B2
688681,B3
688682,B2
688683,B2
688685,B3
688686,B1
688687,B3
688689,B3
688690,B2
688691,B3
688692,B2
688693,B2
688695,B2
688696,B3
688697,B2
688698,B3
688699,B3
688700,B3
688701,B1
688702,B3
688707,B2
688708,B3
688709,B3
688710,B3
688711,B2
688716,B3
688717,B3
688718,B2
688719,B3
688720,B3
688721,B3
688722,B3
688726,B1
688728,B2
688733,B1
688737,B1
688739,B1
688750,B3
688757,B3
688758,B2
688766,B3
688767,B3
688768,B2
688772,B3
688776,B1
688777,B1
688778,B3
688779,B2
688786,B3
688787,B2
688788,B3
688789,B1
688793,B1
688798,B2
688799,B3
688800,B3
688819,B1
688981,B1
689009,B2
